-- phpMyAdmin SQL Dump
-- version 5.2.0
-- https://www.phpmyadmin.net/
--
-- Host: localhost:3306
-- Generation Time: Jul 25, 2023 at 06:58 AM
-- Server version: 8.0.30
-- PHP Version: 8.1.10

SET SQL_MODE = "NO_AUTO_VALUE_ON_ZERO";
START TRANSACTION;
SET time_zone = "+00:00";


/*!40101 SET @OLD_CHARACTER_SET_CLIENT=@@CHARACTER_SET_CLIENT */;
/*!40101 SET @OLD_CHARACTER_SET_RESULTS=@@CHARACTER_SET_RESULTS */;
/*!40101 SET @OLD_COLLATION_CONNECTION=@@COLLATION_CONNECTION */;
/*!40101 SET NAMES utf8mb4 */;

--
-- Database: `gadly`
--

-- --------------------------------------------------------

--
-- Table structure for table `auth_group`
--

CREATE TABLE `auth_group` (
  `id` int NOT NULL,
  `name` varchar(150) NOT NULL
) ENGINE=InnoDB DEFAULT CHARSET=utf8mb4 COLLATE=utf8mb4_0900_ai_ci;

-- --------------------------------------------------------

--
-- Table structure for table `auth_group_permissions`
--

CREATE TABLE `auth_group_permissions` (
  `id` bigint NOT NULL,
  `group_id` int NOT NULL,
  `permission_id` int NOT NULL
) ENGINE=InnoDB DEFAULT CHARSET=utf8mb4 COLLATE=utf8mb4_0900_ai_ci;

-- --------------------------------------------------------

--
-- Table structure for table `auth_permission`
--

CREATE TABLE `auth_permission` (
  `id` int NOT NULL,
  `name` varchar(255) NOT NULL,
  `content_type_id` int NOT NULL,
  `codename` varchar(100) NOT NULL
) ENGINE=InnoDB DEFAULT CHARSET=utf8mb4 COLLATE=utf8mb4_0900_ai_ci;

--
-- Dumping data for table `auth_permission`
--

INSERT INTO `auth_permission` (`id`, `name`, `content_type_id`, `codename`) VALUES
(1, 'Can add data_set', 1, 'add_data_set'),
(2, 'Can change data_set', 1, 'change_data_set'),
(3, 'Can delete data_set', 1, 'delete_data_set'),
(4, 'Can view data_set', 1, 'view_data_set'),
(5, 'Can add user', 2, 'add_user'),
(6, 'Can change user', 2, 'change_user'),
(7, 'Can delete user', 2, 'delete_user'),
(8, 'Can view user', 2, 'view_user'),
(9, 'Can add replacement', 3, 'add_replacement'),
(10, 'Can change replacement', 3, 'change_replacement'),
(11, 'Can delete replacement', 3, 'delete_replacement'),
(12, 'Can view replacement', 3, 'view_replacement'),
(13, 'Can add rep detail', 4, 'add_repdetail'),
(14, 'Can change rep detail', 4, 'change_repdetail'),
(15, 'Can delete rep detail', 4, 'delete_repdetail'),
(16, 'Can view rep detail', 4, 'view_repdetail'),
(17, 'Can add paraphrase', 5, 'add_paraphrase'),
(18, 'Can change paraphrase', 5, 'change_paraphrase'),
(19, 'Can delete paraphrase', 5, 'delete_paraphrase'),
(20, 'Can view paraphrase', 5, 'view_paraphrase'),
(21, 'Can add para detail', 6, 'add_paradetail'),
(22, 'Can change para detail', 6, 'change_paradetail'),
(23, 'Can delete para detail', 6, 'delete_paradetail'),
(24, 'Can view para detail', 6, 'view_paradetail'),
(25, 'Can add log entry', 7, 'add_logentry'),
(26, 'Can change log entry', 7, 'change_logentry'),
(27, 'Can delete log entry', 7, 'delete_logentry'),
(28, 'Can view log entry', 7, 'view_logentry'),
(29, 'Can add permission', 8, 'add_permission'),
(30, 'Can change permission', 8, 'change_permission'),
(31, 'Can delete permission', 8, 'delete_permission'),
(32, 'Can view permission', 8, 'view_permission'),
(33, 'Can add group', 9, 'add_group'),
(34, 'Can change group', 9, 'change_group'),
(35, 'Can delete group', 9, 'delete_group'),
(36, 'Can view group', 9, 'view_group'),
(37, 'Can add user', 10, 'add_user'),
(38, 'Can change user', 10, 'change_user'),
(39, 'Can delete user', 10, 'delete_user'),
(40, 'Can view user', 10, 'view_user'),
(41, 'Can add content type', 11, 'add_contenttype'),
(42, 'Can change content type', 11, 'change_contenttype'),
(43, 'Can delete content type', 11, 'delete_contenttype'),
(44, 'Can view content type', 11, 'view_contenttype'),
(45, 'Can add session', 12, 'add_session'),
(46, 'Can change session', 12, 'change_session'),
(47, 'Can delete session', 12, 'delete_session'),
(48, 'Can view session', 12, 'view_session'),
(49, 'Can add data_set', 13, 'add_data_set'),
(50, 'Can change data_set', 13, 'change_data_set'),
(51, 'Can delete data_set', 13, 'delete_data_set'),
(52, 'Can view data_set', 13, 'view_data_set'),
(53, 'Can add paraphrase', 14, 'add_paraphrase'),
(54, 'Can change paraphrase', 14, 'change_paraphrase'),
(55, 'Can delete paraphrase', 14, 'delete_paraphrase'),
(56, 'Can view paraphrase', 14, 'view_paraphrase'),
(57, 'Can add user', 15, 'add_user'),
(58, 'Can change user', 15, 'change_user'),
(59, 'Can delete user', 15, 'delete_user'),
(60, 'Can view user', 15, 'view_user'),
(61, 'Can add para detail', 16, 'add_paradetail'),
(62, 'Can change para detail', 16, 'change_paradetail'),
(63, 'Can delete para detail', 16, 'delete_paradetail'),
(64, 'Can view para detail', 16, 'view_paradetail'),
(65, 'Can add rep detail', 17, 'add_repdetail'),
(66, 'Can change rep detail', 17, 'change_repdetail'),
(67, 'Can delete rep detail', 17, 'delete_repdetail'),
(68, 'Can view rep detail', 17, 'view_repdetail'),
(69, 'Can add replacement', 18, 'add_replacement'),
(70, 'Can change replacement', 18, 'change_replacement'),
(71, 'Can delete replacement', 18, 'delete_replacement'),
(72, 'Can view replacement', 18, 'view_replacement'),
(73, 'Can add dataset', 13, 'add_dataset'),
(74, 'Can change dataset', 13, 'change_dataset'),
(75, 'Can delete dataset', 13, 'delete_dataset'),
(76, 'Can view dataset', 13, 'view_dataset');

-- --------------------------------------------------------

--
-- Table structure for table `auth_user`
--

CREATE TABLE `auth_user` (
  `id` int NOT NULL,
  `password` varchar(128) NOT NULL,
  `last_login` datetime(6) DEFAULT NULL,
  `is_superuser` tinyint(1) NOT NULL,
  `username` varchar(150) NOT NULL,
  `first_name` varchar(150) NOT NULL,
  `last_name` varchar(150) NOT NULL,
  `email` varchar(254) NOT NULL,
  `is_staff` tinyint(1) NOT NULL,
  `is_active` tinyint(1) NOT NULL,
  `date_joined` datetime(6) NOT NULL
) ENGINE=InnoDB DEFAULT CHARSET=utf8mb4 COLLATE=utf8mb4_0900_ai_ci;

-- --------------------------------------------------------

--
-- Table structure for table `auth_user_groups`
--

CREATE TABLE `auth_user_groups` (
  `id` bigint NOT NULL,
  `user_id` int NOT NULL,
  `group_id` int NOT NULL
) ENGINE=InnoDB DEFAULT CHARSET=utf8mb4 COLLATE=utf8mb4_0900_ai_ci;

-- --------------------------------------------------------

--
-- Table structure for table `auth_user_user_permissions`
--

CREATE TABLE `auth_user_user_permissions` (
  `id` bigint NOT NULL,
  `user_id` int NOT NULL,
  `permission_id` int NOT NULL
) ENGINE=InnoDB DEFAULT CHARSET=utf8mb4 COLLATE=utf8mb4_0900_ai_ci;

-- --------------------------------------------------------

--
-- Table structure for table `backend_dataset`
--

CREATE TABLE `backend_dataset` (
  `word_id` bigint NOT NULL,
  `word` varchar(255) NOT NULL,
  `sen` varchar(255) NOT NULL
) ENGINE=InnoDB DEFAULT CHARSET=utf8mb4 COLLATE=utf8mb4_0900_ai_ci;

--
-- Dumping data for table `backend_dataset`
--

INSERT INTO `backend_dataset` (`word_id`, `word`, `sen`) VALUES
(1, 'abbot\n', 'sensitive'),
(2, 'able_seaman\n', 'sensitive'),
(3, 'adonis\n', 'sensitive'),
(4, 'aircraftsman\n', 'sensitive'),
(5, 'aircrewman\n', 'sensitive'),
(6, 'alderman\n', 'sensitive'),
(7, 'altar_boy\n', 'sensitive'),
(8, 'ape-man\n', 'sensitive'),
(9, 'apostle\n', 'sensitive'),
(10, 'archbishop\n', 'sensitive'),
(11, 'archdeacon\n', 'sensitive'),
(12, 'archpriest\n', 'sensitive'),
(13, 'armiger\n', 'sensitive'),
(14, 'armiger\n', 'sensitive'),
(15, 'artilleryman\n', 'sensitive'),
(16, 'assemblyman\n', 'sensitive'),
(17, 'augustinian\n', 'sensitive'),
(18, 'austin_friar\n', 'sensitive'),
(19, 'babu\n', 'sensitive'),
(20, 'bacchant\n', 'sensitive'),
(21, 'bachelor\n', 'sensitive'),
(22, 'backroom_boy\n', 'sensitive'),
(23, 'baggageman\n', 'sensitive'),
(24, 'bagman\n', 'sensitive'),
(25, 'ball_boy\n', 'sensitive'),
(26, 'ballet_master\n', 'sensitive'),
(27, 'bandsman\n', 'sensitive'),
(28, 'baritone\n', 'sensitive'),
(29, 'baron\n', 'sensitive'),
(30, 'baron\n', 'sensitive'),
(31, 'baron\n', 'sensitive'),
(32, 'basileus\n', 'sensitive'),
(33, 'bass\n', 'sensitive'),
(34, 'bat_boy\n', 'sensitive'),
(35, 'batman\n', 'sensitive'),
(36, 'beadsman\n', 'sensitive'),
(37, 'beggarman\n', 'sensitive'),
(38, 'bellboy\n', 'sensitive'),
(39, 'benedick\n', 'sensitive'),
(40, 'best_man\n', 'sensitive'),
(41, 'bey\n', 'sensitive'),
(42, 'bey\n', 'sensitive'),
(43, 'big_brother\n', 'sensitive'),
(44, 'black_man\n', 'sensitive'),
(45, 'blade\n', 'sensitive'),
(46, 'blood_brother\n', 'sensitive'),
(47, 'boatman\n', 'sensitive'),
(48, 'bondman\n', 'sensitive'),
(49, 'bondman\n', 'sensitive'),
(50, 'bondsman\n', 'sensitive'),
(51, 'border_patrolman\n', 'sensitive'),
(52, 'boy\n', 'sensitive'),
(53, 'boy\n', 'sensitive'),
(54, 'boy_scout\n', 'sensitive'),
(55, 'boy_scout\n', 'sensitive'),
(56, 'boy_wonder\n', 'sensitive'),
(57, 'boyfriend\n', 'sensitive'),
(58, 'brahman\n', 'sensitive'),
(59, 'brakeman\n', 'sensitive'),
(60, 'broth_of_a_boy\n', 'sensitive'),
(61, 'brother\n', 'sensitive'),
(62, 'brother\n', 'sensitive'),
(63, 'brother\n', 'sensitive'),
(64, 'brother\n', 'sensitive'),
(65, 'brother-in-law\n', 'sensitive'),
(66, 'brunet\n', 'sensitive'),
(67, 'buddy\n', 'sensitive'),
(68, 'bull\n', 'sensitive'),
(69, 'bullyboy\n', 'sensitive'),
(70, 'burgrave\n', 'sensitive'),
(71, 'burgrave\n', 'sensitive'),
(72, 'busboy\n', 'sensitive'),
(73, 'bushman\n', 'sensitive'),
(74, 'bushman\n', 'sensitive'),
(75, 'businessman\n', 'sensitive'),
(76, 'butler\n', 'sensitive'),
(77, 'cabin_boy\n', 'sensitive'),
(78, 'cameraman\n', 'sensitive'),
(79, 'capo\n', 'sensitive'),
(80, 'career_man\n', 'sensitive'),
(81, 'casanova\n', 'sensitive'),
(82, 'castrato\n', 'sensitive'),
(83, 'catamite\n', 'sensitive'),
(84, 'cattleman\n', 'sensitive'),
(85, 'cavalier\n', 'sensitive'),
(86, 'cavalier\n', 'sensitive'),
(87, 'cavalryman\n', 'sensitive'),
(88, 'cavalryman\n', 'sensitive'),
(89, 'caveman\n', 'sensitive'),
(90, 'centurion\n', 'sensitive'),
(91, 'chairman_of_the_board\n', 'sensitive'),
(92, 'chairman\n', 'sensitive'),
(93, 'chairmen\n', 'sensitive'),
(94, 'chapman\n', 'sensitive'),
(95, 'charon\n', 'sensitive'),
(96, 'choirboy\n', 'sensitive'),
(97, 'church_father\n', 'sensitive'),
(98, 'city_man\n', 'sensitive'),
(99, 'clansman\n', 'sensitive'),
(100, 'clergyman\n', 'sensitive'),
(101, 'cleric\n', 'sensitive'),
(102, 'closet_queen\n', 'sensitive'),
(103, 'coachman\n', 'sensitive'),
(104, 'coalman\n', 'sensitive'),
(105, 'coastguardsman\n', 'sensitive'),
(106, 'codger\n', 'sensitive'),
(107, 'coiffeur\n', 'sensitive'),
(108, 'committeeman\n', 'sensitive'),
(109, 'company_man\n', 'sensitive'),
(110, 'confidence_man\n', 'sensitive'),
(111, 'congressman\n', 'sensitive'),
(112, 'cornishman\n', 'sensitive'),
(113, 'councilman\n', 'sensitive'),
(114, 'count\n', 'sensitive'),
(115, 'countertenor\n', 'sensitive'),
(116, 'countryman\n', 'sensitive'),
(117, 'countryman\n', 'sensitive'),
(118, 'cowboy\n', 'sensitive'),
(119, 'cowboy\n', 'sensitive'),
(120, 'cowboy\n', 'sensitive'),
(121, 'craftsman\n', 'sensitive'),
(122, 'craftsman\n', 'sensitive'),
(123, 'craftsman\n', 'sensitive'),
(124, 'crewman\n', 'sensitive'),
(125, 'crewman\n', 'sensitive'),
(126, 'crown_prince\n', 'sensitive'),
(127, 'cub\n', 'sensitive'),
(128, 'cub_scout\n', 'sensitive'),
(129, 'cuckold\n', 'sensitive'),
(130, 'curandero\n', 'sensitive'),
(131, 'cyril\n', 'sensitive'),
(132, 'czar\n', 'sensitive'),
(133, 'dad\n', 'sensitive'),
(134, 'dairyman\n', 'sensitive'),
(135, 'dairyman\n', 'sensitive'),
(136, 'dalesman\n', 'sensitive'),
(137, 'dandy\n', 'sensitive'),
(138, 'danseur\n', 'sensitive'),
(139, 'dauphin\n', 'sensitive'),
(140, 'dayboy\n', 'sensitive'),
(141, 'deacon\n', 'sensitive'),
(142, 'deacon\n', 'sensitive'),
(143, 'deadbeat_dad\n', 'sensitive'),
(144, 'dean\n', 'sensitive'),
(145, 'deliveryman\n', 'sensitive'),
(146, 'dirty_old_man\n', 'sensitive'),
(147, 'dog\n', 'sensitive'),
(148, 'doge\n', 'sensitive'),
(149, 'domestic_prelate\n', 'sensitive'),
(150, 'don\n', 'sensitive'),
(151, 'don_juan\n', 'sensitive'),
(152, 'doorkeeper\n', 'sensitive'),
(153, 'doughboy\n', 'sensitive'),
(154, 'draftsman\n', 'sensitive'),
(155, 'draftsman\n', 'sensitive'),
(156, 'dragoman\n', 'sensitive'),
(157, 'duke\n', 'sensitive'),
(158, 'dutch_uncle\n', 'sensitive'),
(159, 'eagle_scout\n', 'sensitive'),
(160, 'earl\n', 'sensitive'),
(161, 'earl_marshal\n', 'sensitive'),
(162, 'ejaculator\n', 'sensitive'),
(163, 'elder_statesman\n', 'sensitive'),
(164, 'elder_statesman\n', 'sensitive'),
(165, 'elector\n', 'sensitive'),
(166, 'emir\n', 'sensitive'),
(167, 'emperor\n', 'sensitive'),
(168, 'end_man\n', 'sensitive'),
(169, 'end_man\n', 'sensitive'),
(170, 'englishman\n', 'sensitive'),
(171, 'enlisted_man\n', 'sensitive'),
(172, 'ent_man\n', 'sensitive'),
(173, 'eparch\n', 'sensitive'),
(174, 'esquire\n', 'sensitive'),
(175, 'esquire\n', 'sensitive'),
(176, 'ethnarch\n', 'sensitive'),
(177, 'everyman\n', 'sensitive'),
(178, 'ex-boyfriend\n', 'sensitive'),
(179, 'ex-husband\n', 'sensitive'),
(180, 'exarch\n', 'sensitive'),
(181, 'exarch\n', 'sensitive'),
(182, 'exarch\n', 'sensitive'),
(183, 'excavator\n', 'sensitive'),
(184, 'family_man\n', 'sensitive'),
(185, 'fancy_man\n', 'sensitive'),
(186, 'farm_boy\n', 'sensitive'),
(187, 'fathead\n', 'sensitive'),
(188, 'father\n', 'sensitive'),
(189, 'father\n', 'sensitive'),
(190, 'father\n', 'sensitive'),
(191, 'father_figure\n', 'sensitive'),
(192, 'father-figure\n', 'sensitive'),
(193, 'father-in-law\n', 'sensitive'),
(194, 'fauntleroy\n', 'sensitive'),
(195, 'favorite_son\n', 'sensitive'),
(196, 'fellow\n', 'sensitive'),
(197, 'ferryman\n', 'sensitive'),
(198, 'feudal_lord\n', 'sensitive'),
(199, 'fireman\n', 'sensitive'),
(200, 'first_baseman\n', 'sensitive'),
(201, 'fisherman\n', 'sensitive'),
(202, 'flamen\n', 'sensitive'),
(203, 'footman\n', 'sensitive'),
(204, 'forefather\n', 'sensitive'),
(205, 'forefather\n', 'sensitive'),
(206, 'foreman\n', 'sensitive'),
(207, 'foreman\n', 'sensitive'),
(208, 'foster-brother\n', 'sensitive'),
(209, 'foster-father\n', 'sensitive'),
(210, 'foster-son\n', 'sensitive'),
(211, 'four-minute_man\n', 'sensitive'),
(212, 'franklin\n', 'sensitive'),
(213, 'freedman\n', 'sensitive'),
(214, 'freeman\n', 'sensitive'),
(215, 'frenchman\n', 'sensitive'),
(216, 'friar\n', 'sensitive'),
(217, 'front_man\n', 'sensitive'),
(218, 'frontiersman\n', 'sensitive'),
(219, 'fugleman\n', 'sensitive'),
(220, 'g-man\n', 'sensitive'),
(221, 'gagman\n', 'sensitive'),
(222, 'gagman\n', 'sensitive'),
(223, 'galoot\n', 'sensitive'),
(224, 'ganger\n', 'sensitive'),
(225, 'garbage_man\n', 'sensitive'),
(226, 'gasman\n', 'sensitive'),
(227, 'gaucho\n', 'sensitive'),
(228, 'gay_man\n', 'sensitive'),
(229, 'geezer\n', 'sensitive'),
(230, 'gent\n', 'sensitive'),
(231, 'gentleman\n', 'sensitive'),
(232, 'gentlemen\n', 'sensitive'),
(233, 'gillie\n', 'sensitive'),
(234, 'gitano\n', 'sensitive'),
(235, 'godfather\n', 'sensitive'),
(236, 'godfather\n', 'sensitive'),
(237, 'godson\n', 'sensitive'),
(238, 'goliard\n', 'sensitive'),
(239, 'good_old_boy\n', 'sensitive'),
(240, 'grand_duke\n', 'sensitive'),
(241, 'grandee\n', 'sensitive'),
(242, 'grandfather\n', 'sensitive'),
(243, 'grandson\n', 'sensitive'),
(244, 'grass_widower\n', 'sensitive'),
(245, 'great_grandfather\n', 'sensitive'),
(246, 'great_grandson\n', 'sensitive'),
(247, 'great-nephew\n', 'sensitive'),
(248, 'great-uncle\n', 'sensitive'),
(249, 'grocery_boy\n', 'sensitive'),
(250, 'groom\n', 'sensitive'),
(251, 'groom\n', 'sensitive'),
(252, 'groomsman\n', 'sensitive'),
(253, 'groundsman\n', 'sensitive'),
(254, 'guardsman\n', 'sensitive'),
(255, 'gunman\n', 'sensitive'),
(256, 'gunman\n', 'sensitive'),
(257, 'guy\n', 'sensitive'),
(258, 'handyman\n', 'sensitive'),
(259, 'hangman\n', 'sensitive'),
(260, 'hatchet_man\n', 'sensitive'),
(261, 'hatchet_man\n', 'sensitive'),
(262, 'he\n', 'sensitive'),
(263, 'head_linesman\n', 'sensitive'),
(264, 'headman\n', 'sensitive'),
(265, 'headsman\n', 'sensitive'),
(266, 'heidelberg_man\n', 'sensitive'),
(267, 'helmsman\n', 'sensitive'),
(268, 'herr\n', 'sensitive'),
(269, 'him\n', 'sensitive'),
(270, 'himself\n', 'sensitive'),
(271, 'his\n', 'sensitive'),
(272, 'hobbledehoy\n', 'sensitive'),
(273, 'holdup_man\n', 'sensitive'),
(274, 'holy_roman_emperor\n', 'sensitive'),
(275, 'homeboy\n', 'sensitive'),
(276, 'homeboy\n', 'sensitive'),
(277, 'hooray_henry\n', 'sensitive'),
(278, 'horseman\n', 'sensitive'),
(279, 'horseman\n', 'sensitive'),
(280, 'housefather\n', 'sensitive'),
(281, 'husband\n', 'sensitive'),
(282, 'iceman\n', 'sensitive'),
(283, 'imam\n', 'sensitive'),
(284, 'inamorato\n', 'sensitive'),
(285, 'indiana\n', 'sensitive'),
(286, 'infantryman\n', 'sensitive'),
(287, 'irishman\n', 'sensitive'),
(288, 'iron_man\n', 'sensitive'),
(289, 'ironside\n', 'sensitive'),
(290, 'jacob\n', 'sensitive'),
(291, 'jawan\n', 'sensitive'),
(292, 'jimdandy\n', 'sensitive'),
(293, 'john_doe\n', 'sensitive'),
(294, 'john_doe\n', 'sensitive'),
(295, 'jute\n', 'sensitive'),
(296, 'kaiser\n', 'sensitive'),
(297, 'kennan\n', 'sensitive'),
(298, 'king\n', 'sensitive'),
(299, 'king_of_england\n', 'sensitive'),
(300, 'king_of_france\n', 'sensitive'),
(301, 'king_of_the_germans\n', 'sensitive'),
(302, 'kinsman\n', 'sensitive'),
(303, 'klansman\n', 'sensitive'),
(304, 'knight_of_the_round_table\n', 'sensitive'),
(305, 'knight_templar\n', 'sensitive'),
(306, 'knight-errant\n', 'sensitive'),
(307, 'lackey\n', 'sensitive'),
(308, 'lawman\n', 'sensitive'),
(309, 'layman\n', 'sensitive'),
(310, 'leading_man\n', 'sensitive'),
(311, 'letterman\n', 'sensitive'),
(312, 'libertine\n', 'sensitive'),
(313, 'liege\n', 'sensitive'),
(314, 'life_peer\n', 'sensitive'),
(315, 'lighterman\n', 'sensitive'),
(316, 'limey\n', 'sensitive'),
(317, 'lineman\n', 'sensitive'),
(318, 'lineman\n', 'sensitive'),
(319, 'linesman\n', 'sensitive'),
(320, 'linkboy\n', 'sensitive'),
(321, 'little_brother\n', 'sensitive'),
(322, 'liveryman\n', 'sensitive'),
(323, 'lobsterman\n', 'sensitive'),
(324, 'longbowman\n', 'sensitive'),
(325, 'loon\n', 'sensitive'),
(326, 'lord\n', 'sensitive'),
(327, 'lord_chancellor\n', 'sensitive'),
(328, 'lothario\n', 'sensitive'),
(329, 'lounge_lizard\n', 'sensitive'),
(330, 'lowerclassman\n', 'sensitive'),
(331, 'lumberman\n', 'sensitive'),
(332, 'macaroni\n', 'sensitive'),
(333, 'macho\n', 'sensitive'),
(334, 'mafioso\n', 'sensitive'),
(335, 'maharaja\n', 'sensitive'),
(336, 'mailman\n', 'sensitive'),
(337, 'male\n', 'sensitive'),
(338, 'male\n', 'sensitive'),
(339, 'male_aristocrat\n', 'sensitive'),
(340, 'male_chauvinist\n', 'sensitive'),
(341, 'male_child\n', 'sensitive'),
(342, 'male_offspring\n', 'sensitive'),
(343, 'male_sibling\n', 'sensitive'),
(344, 'malik\n', 'sensitive'),
(345, 'man\n', 'sensitive'),
(346, 'man\n', 'sensitive'),
(347, 'man\n', 'sensitive'),
(348, 'man\n', 'sensitive'),
(349, 'man\n', 'sensitive'),
(350, 'man_jack\n', 'sensitive'),
(351, 'man_of_letters\n', 'sensitive'),
(352, 'man_of_means\n', 'sensitive'),
(353, 'man-at-arms\n', 'sensitive'),
(354, 'manservant\n', 'sensitive'),
(355, 'margrave\n', 'sensitive'),
(356, 'marksman\n', 'sensitive'),
(357, 'marquess\n', 'sensitive'),
(358, 'marquis\n', 'sensitive'),
(359, 'masseur\n', 'sensitive'),
(360, 'medicine_man\n', 'sensitive'),
(361, 'men\n', 'sensitive'),
(362, 'mesne_lord\n', 'sensitive'),
(363, 'messenger_boy\n', 'sensitive'),
(364, 'mestizo\n', 'sensitive'),
(365, 'middle-aged_man\n', 'sensitive'),
(366, 'midshipman\n', 'sensitive'),
(367, 'mikado\n', 'sensitive'),
(368, 'miles_gloriosus\n', 'sensitive'),
(369, 'military_policeman\n', 'sensitive'),
(370, 'militiaman\n', 'sensitive'),
(371, 'milkman\n', 'sensitive'),
(372, 'milord\n', 'sensitive'),
(373, 'minuteman\n', 'sensitive'),
(374, 'miracle_man\n', 'sensitive'),
(375, 'misogynist\n', 'sensitive'),
(376, 'mollycoddle\n', 'sensitive'),
(377, 'monk\n', 'sensitive'),
(378, 'monsieur\n', 'sensitive'),
(379, 'monsignor\n', 'sensitive'),
(380, 'mother\'s_boy\n', 'sensitive'),
(381, 'mother\'s_son\n', 'sensitive'),
(382, 'mover\n', 'sensitive'),
(383, 'mr.\n', 'sensitive'),
(384, 'muffin_man\n', 'sensitive'),
(385, 'mullah\n', 'sensitive'),
(386, 'muscleman\n', 'sensitive'),
(387, 'nabob\n', 'sensitive'),
(388, 'nephew\n', 'sensitive'),
(389, 'night_watchman\n', 'sensitive'),
(390, 'novillero\n', 'sensitive'),
(391, 'nuncio\n', 'sensitive'),
(392, 'oarsman\n', 'sensitive'),
(393, 'office_boy\n', 'sensitive'),
(394, 'oilman\n', 'sensitive'),
(395, 'oilman\n', 'sensitive'),
(396, 'oklahoman\n', 'sensitive'),
(397, 'old_boy\n', 'sensitive'),
(398, 'old_boy\n', 'sensitive'),
(399, 'old_boy\n', 'sensitive'),
(400, 'old_man\n', 'sensitive'),
(401, 'old_man\n', 'sensitive'),
(402, 'old_man\n', 'sensitive'),
(403, 'one_of_the_boys\n', 'sensitive'),
(404, 'orangeman\n', 'sensitive'),
(405, 'ordinary\n', 'sensitive'),
(406, 'organization_man\n', 'sensitive'),
(407, 'ottoman\n', 'sensitive'),
(408, 'outdoorsman\n', 'sensitive'),
(409, 'pachuco\n', 'sensitive'),
(410, 'page\n', 'sensitive'),
(411, 'palatine\n', 'sensitive'),
(412, 'paperboy\n', 'sensitive'),
(413, 'party_man\n', 'sensitive'),
(414, 'pater\n', 'sensitive'),
(415, 'patriarch\n', 'sensitive'),
(416, 'patriarch\n', 'sensitive'),
(417, 'patriarch\n', 'sensitive'),
(418, 'pederast\n', 'sensitive'),
(419, 'peer\n', 'sensitive'),
(420, 'peer_of_the_realm\n', 'sensitive'),
(421, 'pendragon\n', 'sensitive'),
(422, 'peter_pan\n', 'sensitive'),
(423, 'pharaoh\n', 'sensitive'),
(424, 'pilate\n', 'sensitive'),
(425, 'piltdown_man\n', 'sensitive'),
(426, 'pitchman\n', 'sensitive'),
(427, 'placeman\n', 'sensitive'),
(428, 'plainclothesman\n', 'sensitive'),
(429, 'plainsman\n', 'sensitive'),
(430, 'plowboy\n', 'sensitive'),
(431, 'plowman\n', 'sensitive'),
(432, 'point_man\n', 'sensitive'),
(433, 'point_man\n', 'sensitive'),
(434, 'pointsman\n', 'sensitive'),
(435, 'policeman\n', 'sensitive'),
(436, 'polycarp\n', 'sensitive'),
(437, 'polygynist\n', 'sensitive'),
(438, 'ponce\n', 'sensitive'),
(439, 'ponce_de_leon\n', 'sensitive'),
(440, 'pope\n', 'sensitive'),
(441, 'popper\n', 'sensitive'),
(442, 'posseman\n', 'sensitive'),
(443, 'poster_boy\n', 'sensitive'),
(444, 'potboy\n', 'sensitive'),
(445, 'poultryman\n', 'sensitive'),
(446, 'praetor\n', 'sensitive'),
(447, 'priest\n', 'sensitive'),
(448, 'prince_of_wales\n', 'sensitive'),
(449, 'princeling\n', 'sensitive'),
(450, 'princeling\n', 'sensitive'),
(451, 'proconsul\n', 'sensitive'),
(452, 'property_man\n', 'sensitive'),
(453, 'quarryman\n', 'sensitive'),
(454, 'raftsman\n', 'sensitive'),
(455, 'raja\n', 'sensitive'),
(456, 'rake\n', 'sensitive'),
(457, 'remittance_man\n', 'sensitive'),
(458, 'renaissance_man\n', 'sensitive'),
(459, 'renaissance_man\n', 'sensitive'),
(460, 'repairman\n', 'sensitive'),
(461, 'rifleman\n', 'sensitive'),
(462, 'rifleman\n', 'sensitive'),
(463, 'right-hand_man\n', 'sensitive'),
(464, 'roadman\n', 'sensitive'),
(465, 'roman\n', 'sensitive'),
(466, 'roman\n', 'sensitive'),
(467, 'roman_emperor\n', 'sensitive'),
(468, 'romeo\n', 'sensitive'),
(469, 'roundsman\n', 'sensitive'),
(470, 'sadhu\n', 'sensitive'),
(471, 'salesman\n', 'sensitive'),
(472, 'samurai\n', 'sensitive'),
(473, 'sandboy\n', 'sensitive'),
(474, 'sandwichman\n', 'sensitive'),
(475, 'sannup\n', 'sensitive'),
(476, 'satyr\n', 'sensitive'),
(477, 'schoolboy\n', 'sensitive'),
(478, 'schoolman\n', 'sensitive'),
(479, 'sea_scout\n', 'sensitive'),
(480, 'second_baseman\n', 'sensitive'),
(481, 'section_man\n', 'sensitive'),
(482, 'seducer\n', 'sensitive'),
(483, 'seedsman\n', 'sensitive'),
(484, 'selectman\n', 'sensitive'),
(485, 'senhor\n', 'sensitive'),
(486, 'serviceman\n', 'sensitive'),
(487, 'shah\n', 'sensitive'),
(488, 'shaheed\n', 'sensitive'),
(489, 'shaver\n', 'sensitive'),
(490, 'sheepman\n', 'sensitive'),
(491, 'sheik\n', 'sensitive'),
(492, 'shop_boy\n', 'sensitive'),
(493, 'showman\n', 'sensitive'),
(494, 'showman\n', 'sensitive'),
(495, 'sidesman\n', 'sensitive'),
(496, 'signalman\n', 'sensitive'),
(497, 'signor\n', 'sensitive'),
(498, 'signore\n', 'sensitive'),
(499, 'simeon\n', 'sensitive'),
(500, 'sir\n', 'sensitive'),
(501, 'sir\n', 'sensitive'),
(502, 'sire\n', 'sensitive'),
(503, 'abbess\n', 'sensitive'),
(504, 'actress\n', 'sensitive'),
(505, 'adulteress\n', 'sensitive'),
(506, 'adventuress\n', 'sensitive'),
(507, 'amazon\n', 'sensitive'),
(508, 'ambassadress\n', 'sensitive'),
(509, 'ancestress\n', 'sensitive'),
(510, 'archduchess\n', 'sensitive'),
(511, 'assemblywoman\n', 'sensitive'),
(512, 'au_pair_girl\n', 'sensitive'),
(513, 'aunt\n', 'sensitive'),
(514, 'authoress\n', 'sensitive'),
(515, 'aviatrix\n', 'sensitive'),
(516, 'ayah\n', 'sensitive'),
(517, 'b-girl\n', 'sensitive'),
(518, 'bacchante\n', 'sensitive'),
(519, 'bachelor_girl\n', 'sensitive'),
(520, 'bag\n', 'sensitive'),
(521, 'bag_lady\n', 'sensitive'),
(522, 'baggage\n', 'sensitive'),
(523, 'ball-buster\n', 'sensitive'),
(524, 'ballerina\n', 'sensitive'),
(525, 'ballet_mistress\n', 'sensitive'),
(526, 'barmaid\n', 'sensitive'),
(527, 'baroness\n', 'sensitive'),
(528, 'beard\n', 'sensitive'),
(529, 'beggarwoman\n', 'sensitive'),
(530, 'beguine\n', 'sensitive'),
(531, 'begum\n', 'sensitive'),
(532, 'beldam\n', 'sensitive'),
(533, 'belle\n', 'sensitive'),
(534, 'belly_dancer\n', 'sensitive'),
(535, 'benefactress\n', 'sensitive'),
(536, 'big_sister\n', 'sensitive'),
(537, 'black_woman\n', 'sensitive'),
(538, 'bluestocking\n', 'sensitive'),
(539, 'bobbysoxer\n', 'sensitive'),
(540, 'bondwoman\n', 'sensitive'),
(541, 'bondwoman\n', 'sensitive'),
(542, 'bride\n', 'sensitive'),
(543, 'bride\n', 'sensitive'),
(544, 'bridesmaid\n', 'sensitive'),
(545, 'broad\n', 'sensitive'),
(546, 'brownie\n', 'sensitive'),
(547, 'businesswoman\n', 'sensitive'),
(548, 'butch\n', 'sensitive'),
(549, 'call_girl\n', 'sensitive'),
(550, 'campfire_girl\n', 'sensitive'),
(551, 'canary\n', 'sensitive'),
(552, 'career_girl\n', 'sensitive'),
(553, 'cat\n', 'sensitive'),
(554, 'chachka\n', 'sensitive'),
(555, 'chambermaid\n', 'sensitive'),
(556, 'charwoman\n', 'sensitive'),
(557, 'chairwoman\n', 'sensitive'),
(558, 'chatelaine\n', 'sensitive'),
(559, 'check_girl\n', 'sensitive'),
(560, 'chorus_girl\n', 'sensitive'),
(561, 'cinderella\n', 'sensitive'),
(562, 'circe\n', 'sensitive'),
(563, 'co-ed\n', 'sensitive'),
(564, 'coiffeuse\n', 'sensitive'),
(565, 'colleen\n', 'sensitive'),
(566, 'coloratura\n', 'sensitive'),
(567, 'comedienne\n', 'sensitive'),
(568, 'comedienne\n', 'sensitive'),
(569, 'comfort_woman\n', 'sensitive'),
(570, 'committeewoman\n', 'sensitive'),
(571, 'concubine\n', 'sensitive'),
(572, 'conductress\n', 'sensitive'),
(573, 'confidante\n', 'sensitive'),
(574, 'contralto\n', 'sensitive'),
(575, 'coquette\n', 'sensitive'),
(576, 'cornishwoman\n', 'sensitive'),
(577, 'councilwoman\n', 'sensitive'),
(578, 'countess\n', 'sensitive'),
(579, 'countrywoman\n', 'sensitive'),
(580, 'countrywoman\n', 'sensitive'),
(581, 'cover_girl\n', 'sensitive'),
(582, 'cow\n', 'sensitive'),
(583, 'cowgirl\n', 'sensitive'),
(584, 'crown_princess\n', 'sensitive'),
(585, 'crown_princess\n', 'sensitive'),
(586, 'curandera\n', 'sensitive'),
(587, 'czarina\n', 'sensitive'),
(588, 'dairymaid\n', 'sensitive'),
(589, 'dame\n', 'sensitive'),
(590, 'dame\n', 'sensitive'),
(591, 'damsel\n', 'sensitive'),
(592, 'daughter\n', 'sensitive'),
(593, 'daughter-in-law\n', 'sensitive'),
(594, 'daygirl\n', 'sensitive'),
(595, 'deaconess\n', 'sensitive'),
(596, 'debutante\n', 'sensitive'),
(597, 'demimondaine\n', 'sensitive'),
(598, 'den_mother\n', 'sensitive'),
(599, 'den_mother\n', 'sensitive'),
(600, 'divorcee\n', 'sensitive'),
(601, 'donna\n', 'sensitive'),
(602, 'doyenne\n', 'sensitive'),
(603, 'dragon\n', 'sensitive'),
(604, 'drum_majorette\n', 'sensitive'),
(605, 'drum_majorette\n', 'sensitive'),
(606, 'duchess\n', 'sensitive'),
(607, 'duenna\n', 'sensitive'),
(608, 'embroideress\n', 'sensitive'),
(609, 'empress\n', 'sensitive'),
(610, 'enchantress\n', 'sensitive'),
(611, 'enchantress\n', 'sensitive'),
(612, 'englishwoman\n', 'sensitive'),
(613, 'enlisted_woman\n', 'sensitive'),
(614, 'ex-wife\n', 'sensitive'),
(615, 'executrix\n', 'sensitive'),
(616, 'eyeful\n', 'sensitive'),
(617, 'fairy_godmother\n', 'sensitive'),
(618, 'farm_girl\n', 'sensitive'),
(619, 'farmerette\n', 'sensitive'),
(620, 'female\n', 'sensitive'),
(621, 'female\n', 'sensitive'),
(622, 'female_aristocrat\n', 'sensitive'),
(623, 'female_child\n', 'sensitive'),
(624, 'female_offspring\n', 'sensitive'),
(625, 'female_sibling\n', 'sensitive'),
(626, 'fiancee\n', 'sensitive'),
(627, 'first_lady\n', 'sensitive'),
(628, 'first_lady\n', 'sensitive'),
(629, 'flapper\n', 'sensitive'),
(630, 'flibbertigibbet\n', 'sensitive'),
(631, 'flower_girl\n', 'sensitive'),
(632, 'flower_girl\n', 'sensitive'),
(633, 'foremother\n', 'sensitive'),
(634, 'forewoman\n', 'sensitive'),
(635, 'forewoman\n', 'sensitive'),
(636, 'foster-daughter\n', 'sensitive'),
(637, 'foster-mother\n', 'sensitive'),
(638, 'foster-nurse\n', 'sensitive'),
(639, 'foster-sister\n', 'sensitive'),
(640, 'foundress\n', 'sensitive'),
(641, 'frontierswoman\n', 'sensitive'),
(642, 'frump\n', 'sensitive'),
(643, 'gal\n', 'sensitive'),
(644, 'gamine\n', 'sensitive'),
(645, 'gamine\n', 'sensitive'),
(646, 'geisha\n', 'sensitive'),
(647, 'gibson_girl\n', 'sensitive'),
(648, 'girl\n', 'sensitive'),
(649, 'girl\n', 'sensitive'),
(650, 'girl_friday\n', 'sensitive'),
(651, 'girl_scout\n', 'sensitive'),
(652, 'girl_wonder\n', 'sensitive'),
(653, 'girlfriend\n', 'sensitive'),
(654, 'girlfriend\n', 'sensitive'),
(655, 'gitana\n', 'sensitive'),
(656, 'goddaughter\n', 'sensitive'),
(657, 'godmother\n', 'sensitive'),
(658, 'gold_digger\n', 'sensitive'),
(659, 'golf_widow\n', 'sensitive'),
(660, 'governess\n', 'sensitive'),
(661, 'grand_duchess\n', 'sensitive'),
(662, 'granddaughter\n', 'sensitive'),
(663, 'grande_dame\n', 'sensitive'),
(664, 'granny\n', 'sensitive'),
(665, 'gravida\n', 'sensitive'),
(666, 'great_granddaughter\n', 'sensitive'),
(667, 'great_grandmother\n', 'sensitive'),
(668, 'great-aunt\n', 'sensitive'),
(669, 'great-niece\n', 'sensitive'),
(670, 'groupie\n', 'sensitive'),
(671, 'hag\n', 'sensitive'),
(672, 'half_sister\n', 'sensitive'),
(673, 'handmaid\n', 'sensitive'),
(674, 'harridan\n', 'sensitive'),
(675, 'headmistress\n', 'sensitive'),
(676, 'heiress\n', 'sensitive'),
(677, 'her\n', 'sensitive'),
(678, 'her\n', 'sensitive'),
(679, 'heroine\n', 'sensitive'),
(680, 'hers\n', 'sensitive'),
(681, 'herself\n', 'sensitive'),
(682, 'homegirl\n', 'sensitive'),
(683, 'honest_woman\n', 'sensitive'),
(684, 'horsewoman\n', 'sensitive'),
(685, 'hostess\n', 'sensitive'),
(686, 'hostess\n', 'sensitive'),
(687, 'housemother\n', 'sensitive'),
(688, 'housewife\n', 'sensitive'),
(689, 'huntress\n', 'sensitive'),
(690, 'idolatress\n', 'sensitive'),
(691, 'inamorata\n', 'sensitive'),
(692, 'ingenue\n', 'sensitive'),
(693, 'ingenue\n', 'sensitive'),
(694, 'instructress\n', 'sensitive'),
(695, 'irishwoman\n', 'sensitive'),
(696, 'jane_doe\n', 'sensitive'),
(697, 'jewess\n', 'sensitive'),
(698, 'jezebel\n', 'sensitive'),
(699, 'jilt\n', 'sensitive'),
(700, 'kinswoman\n', 'sensitive'),
(701, 'ladies\n', 'sensitive'),
(702, 'lady\n', 'sensitive'),
(703, 'lady\n', 'sensitive'),
(704, 'lady\'s_maid\n', 'sensitive'),
(705, 'ladylove\n', 'sensitive'),
(706, 'landlady\n', 'sensitive'),
(707, 'lass\n', 'sensitive'),
(708, 'leading_lady\n', 'sensitive'),
(709, 'light-o\'-love\n', 'sensitive'),
(710, 'little_sister\n', 'sensitive'),
(711, 'lollipop_lady\n', 'sensitive'),
(712, 'ma\n', 'sensitive'),
(713, 'ma\'am\n', 'sensitive'),
(714, 'madam\n', 'sensitive'),
(715, 'madam\n', 'sensitive'),
(716, 'madame\n', 'sensitive'),
(717, 'madwoman\n', 'sensitive'),
(718, 'maenad\n', 'sensitive'),
(719, 'maenad\n', 'sensitive'),
(720, 'maharani\n', 'sensitive'),
(721, 'maid\n', 'sensitive'),
(722, 'maid\n', 'sensitive'),
(723, 'maiden_aunt\n', 'sensitive'),
(724, 'mamma\n', 'sensitive'),
(725, 'mammy\n', 'sensitive'),
(726, 'manageress\n', 'sensitive'),
(727, 'mannequin\n', 'sensitive'),
(728, 'marchioness\n', 'sensitive'),
(729, 'marchioness\n', 'sensitive'),
(730, 'matriarch\n', 'sensitive'),
(731, 'matriarch\n', 'sensitive'),
(732, 'matron\n', 'sensitive'),
(733, 'matron\n', 'sensitive'),
(734, 'matron\n', 'sensitive'),
(735, 'matron_of_honor\n', 'sensitive'),
(736, 'may_queen\n', 'sensitive'),
(737, 'mayoress\n', 'sensitive'),
(738, 'mayoress\n', 'sensitive'),
(739, 'mediatrix\n', 'sensitive'),
(740, 'memsahib\n', 'sensitive'),
(741, 'mestiza\n', 'sensitive'),
(742, 'meter_maid\n', 'sensitive'),
(743, 'midwife\n', 'sensitive'),
(744, 'milady\n', 'sensitive'),
(745, 'mill-girl\n', 'sensitive'),
(746, 'millionairess\n', 'sensitive'),
(747, 'miss\n', 'sensitive'),
(748, 'missus\n', 'sensitive'),
(749, 'mistress\n', 'sensitive'),
(750, 'mistress\n', 'sensitive'),
(751, 'mother\n', 'sensitive'),
(752, 'mother\n', 'sensitive'),
(753, 'mother\n', 'sensitive'),
(754, 'mother_figure\n', 'sensitive'),
(755, 'mother_hen\n', 'sensitive'),
(756, 'mother-in-law\n', 'sensitive'),
(757, 'mother\'s_daughter\n', 'sensitive'),
(758, 'mrs.\n', 'sensitive'),
(759, 'ms.\n', 'sensitive'),
(760, 'murderess\n', 'sensitive'),
(761, 'muslimah\n', 'sensitive'),
(762, 'nan\n', 'sensitive'),
(763, 'nanny\n', 'sensitive'),
(764, 'nautch_girl\n', 'sensitive'),
(765, 'negotiatress\n', 'sensitive'),
(766, 'negress\n', 'sensitive'),
(767, 'newswoman\n', 'sensitive'),
(768, 'niece\n', 'sensitive'),
(769, 'niqaabi\n', 'sensitive'),
(770, 'nullipara\n', 'sensitive'),
(771, 'nun\n', 'sensitive'),
(772, 'nymph\n', 'sensitive'),
(773, 'nymphet\n', 'sensitive'),
(774, 'nymphomaniac\n', 'sensitive'),
(775, 'oarswoman\n', 'sensitive'),
(776, 'odalisque\n', 'sensitive'),
(777, 'old_lady\n', 'sensitive'),
(778, 'old_woman\n', 'sensitive'),
(779, 'outdoorswoman\n', 'sensitive'),
(780, 'parisienne\n', 'sensitive'),
(781, 'parlormaid\n', 'sensitive'),
(782, 'party_girl\n', 'sensitive'),
(783, 'patroness\n', 'sensitive'),
(784, 'peri\n', 'sensitive'),
(785, 'poetess\n', 'sensitive'),
(786, 'point_woman\n', 'sensitive'),
(787, 'police_matron\n', 'sensitive'),
(788, 'polyandrist\n', 'sensitive'),
(789, 'poseuse\n', 'sensitive'),
(790, 'poster_girl\n', 'sensitive'),
(791, 'postmistress\n', 'sensitive'),
(792, 'priestess\n', 'sensitive'),
(793, 'prima_ballerina\n', 'sensitive'),
(794, 'prima_donna\n', 'sensitive'),
(795, 'primigravida\n', 'sensitive'),
(796, 'primipara\n', 'sensitive'),
(797, 'prince_consort\n', 'sensitive'),
(798, 'princess\n', 'sensitive'),
(799, 'princess_royal\n', 'sensitive'),
(800, 'procuress\n', 'sensitive'),
(801, 'prophetess\n', 'sensitive'),
(802, 'proprietress\n', 'sensitive'),
(803, 'protegee\n', 'sensitive'),
(804, 'puerpera\n', 'sensitive'),
(805, 'quadripara\n', 'sensitive'),
(806, 'queen\n', 'sensitive'),
(807, 'queen\n', 'sensitive'),
(808, 'queen\n', 'sensitive'),
(809, 'queen_consort\n', 'sensitive'),
(810, 'queen_dowager\n', 'sensitive'),
(811, 'queen_mother\n', 'sensitive'),
(812, 'queen_of_england\n', 'sensitive'),
(813, 'queen_regent\n', 'sensitive'),
(814, 'quintipara\n', 'sensitive'),
(815, 'rani\n', 'sensitive'),
(816, 'rhea_silvia\n', 'sensitive'),
(817, 'ring_girl\n', 'sensitive'),
(818, 'rosebud\n', 'sensitive'),
(819, 'salesgirl\n', 'sensitive'),
(820, 'schoolgirl\n', 'sensitive'),
(821, 'schoolmarm\n', 'sensitive'),
(822, 'scold\n', 'sensitive'),
(823, 'scotswoman\n', 'sensitive'),
(824, 'sculptress\n', 'sensitive'),
(825, 'secundigravida\n', 'sensitive'),
(826, 'seductress\n', 'sensitive'),
(827, 'selectwoman\n', 'sensitive'),
(828, 'servant_girl\n', 'sensitive'),
(829, 'sex_kitten\n', 'sensitive'),
(830, 'she\n', 'sensitive'),
(831, 'she-devil\n', 'sensitive'),
(832, 'sheika\n', 'sensitive'),
(833, 'shepherdess\n', 'sensitive'),
(834, 'shiksa\n', 'sensitive'),
(835, 'shop_girl\n', 'sensitive'),
(836, 'shrew\n', 'sensitive'),
(837, 'sibyl\n', 'sensitive'),
(838, 'sibyl\n', 'sensitive'),
(839, 'signora\n', 'sensitive'),
(840, 'signorina\n', 'sensitive'),
(841, 'sister\n', 'sensitive'),
(842, 'sister\n', 'sensitive'),
(843, 'sister\n', 'sensitive'),
(844, 'sister-in-law\n', 'sensitive'),
(845, 'skivvy\n', 'sensitive'),
(846, 'slattern\n', 'sensitive'),
(847, 'smasher\n', 'sensitive'),
(848, 'songstress\n', 'sensitive'),
(849, 'soprano\n', 'sensitive'),
(850, 'sorceress\n', 'sensitive'),
(851, 'soubrette\n', 'sensitive'),
(852, 'spinster\n', 'sensitive'),
(853, 'spitfire\n', 'sensitive'),
(854, 'spokeswoman\n', 'sensitive'),
(855, 'squaw\n', 'sensitive'),
(856, 'squire\n', 'sensitive'),
(857, 'starlet\n', 'sensitive'),
(858, 'stateswoman\n', 'sensitive'),
(859, 'stepdaughter\n', 'sensitive'),
(860, 'stepmother\n', 'sensitive'),
(861, 'stewardess\n', 'sensitive'),
(862, 'suffragette\n', 'sensitive'),
(863, 'supermom\n', 'sensitive'),
(864, 'surrogate_mother\n', 'sensitive'),
(865, 'sweater_girl\n', 'sensitive'),
(866, 'sylph\n', 'sensitive'),
(867, 'taskmistress\n', 'sensitive'),
(868, 'taxi_dancer\n', 'sensitive'),
(869, 'tertigravida\n', 'sensitive'),
(870, 'test-tube_baby\n', 'sensitive'),
(871, 'testatrix\n', 'sensitive'),
(872, 'thrush\n', 'sensitive'),
(873, 'toast_mistress\n', 'sensitive'),
(874, 'tomboy\n', 'sensitive'),
(875, 'torch_singer\n', 'sensitive'),
(876, 'traitress\n', 'sensitive'),
(877, 'trophy_wife\n', 'sensitive'),
(878, 'undoer\n', 'sensitive'),
(879, 'unmarried_woman\n', 'sensitive'),
(880, 'unpleasant_woman\n', 'sensitive'),
(881, 'usherette\n', 'sensitive'),
(882, 'uxor\n', 'sensitive'),
(883, 'valley_girl\n', 'sensitive'),
(884, 'vestal\n', 'sensitive'),
(885, 'vestal_virgin\n', 'sensitive'),
(886, 'vestrywoman\n', 'sensitive'),
(887, 'villainess\n', 'sensitive'),
(888, 'virago\n', 'sensitive'),
(889, 'viscountess\n', 'sensitive'),
(890, 'viscountess\n', 'sensitive'),
(891, 'wac\n', 'sensitive'),
(892, 'waitress\n', 'sensitive'),
(893, 'wanton\n', 'sensitive'),
(894, 'war_bride\n', 'sensitive'),
(895, 'war_widow\n', 'sensitive'),
(896, 'wardress\n', 'sensitive'),
(897, 'washwoman\n', 'sensitive'),
(898, 'wet_nurse\n', 'sensitive'),
(899, 'white_slave\n', 'sensitive'),
(900, 'white_woman\n', 'sensitive'),
(901, 'widow\n', 'sensitive'),
(902, 'wife\n', 'sensitive'),
(903, 'woman\n', 'sensitive'),
(904, 'woman\n', 'sensitive'),
(905, 'women\n', 'sensitive'),
(906, 'wonder_woman\n', 'sensitive'),
(907, 'working_girl\n', 'sensitive'),
(908, 'yellow_woman\n', 'sensitive'),
(909, 'yenta', 'sensitive'),
(910, 'abandoned_person\n', 'not_sensitive'),
(911, 'abator\n', 'not_sensitive'),
(912, 'abbe\n', 'not_sensitive'),
(913, 'abdicator\n', 'not_sensitive'),
(914, 'abecedarian\n', 'not_sensitive'),
(915, 'aberrant\n', 'not_sensitive'),
(916, 'abettor\n', 'not_sensitive'),
(917, 'abhorrer\n', 'not_sensitive'),
(918, 'abiogenist\n', 'not_sensitive'),
(919, 'abjurer\n', 'not_sensitive'),
(920, 'abkhaz\n', 'not_sensitive'),
(921, 'abnaki\n', 'not_sensitive'),
(922, 'abnegator\n', 'not_sensitive'),
(923, 'abolitionist\n', 'not_sensitive'),
(924, 'abomination\n', 'not_sensitive'),
(925, 'abominator\n', 'not_sensitive'),
(926, 'aborigine\n', 'not_sensitive'),
(927, 'abortionist\n', 'not_sensitive'),
(928, 'abridger\n', 'not_sensitive'),
(929, 'abrogator\n', 'not_sensitive'),
(930, 'absconder\n', 'not_sensitive'),
(931, 'abseiler\n', 'not_sensitive'),
(932, 'absentee\n', 'not_sensitive'),
(933, 'absolutist\n', 'not_sensitive'),
(934, 'absolver\n', 'not_sensitive'),
(935, 'abstainer\n', 'not_sensitive'),
(936, 'abstainer\n', 'not_sensitive'),
(937, 'abstractionist\n', 'not_sensitive'),
(938, 'abstractor\n', 'not_sensitive'),
(939, 'abuser\n', 'not_sensitive'),
(940, 'abutter\n', 'not_sensitive'),
(941, 'academic_administrator\n', 'not_sensitive'),
(942, 'academician\n', 'not_sensitive'),
(943, 'academician\n', 'not_sensitive'),
(944, 'academician\n', 'not_sensitive'),
(945, 'acadian\n', 'not_sensitive'),
(946, 'acceptor\n', 'not_sensitive'),
(947, 'accessory\n', 'not_sensitive'),
(948, 'accessory_after_the_fact\n', 'not_sensitive'),
(949, 'accessory_before_the_fact\n', 'not_sensitive'),
(950, 'accessory_during_the_fact\n', 'not_sensitive'),
(951, 'accommodation_endorser\n', 'not_sensitive'),
(952, 'accompanist\n', 'not_sensitive'),
(953, 'accomplice\n', 'not_sensitive'),
(954, 'accordionist\n', 'not_sensitive'),
(955, 'account_executive\n', 'not_sensitive'),
(956, 'accountant\n', 'not_sensitive'),
(957, 'accused\n', 'not_sensitive'),
(958, 'accuser\n', 'not_sensitive'),
(959, 'ace\n', 'not_sensitive'),
(960, 'achaean\n', 'not_sensitive'),
(961, 'achiever\n', 'not_sensitive'),
(962, 'achomawi\n', 'not_sensitive'),
(963, 'acid_head\n', 'not_sensitive'),
(964, 'acolyte\n', 'not_sensitive'),
(965, 'acoustician\n', 'not_sensitive'),
(966, 'acquaintance\n', 'not_sensitive'),
(967, 'acquirer\n', 'not_sensitive'),
(968, 'acrobat\n', 'not_sensitive'),
(969, 'action_officer\n', 'not_sensitive'),
(970, 'active\n', 'not_sensitive'),
(971, 'active_citizen\n', 'not_sensitive'),
(972, 'actor\n', 'not_sensitive'),
(973, 'actor\n', 'not_sensitive'),
(974, 'actor\'s_agent\n', 'not_sensitive'),
(975, 'adder\n', 'not_sensitive'),
(976, 'addict\n', 'not_sensitive'),
(977, 'addict\n', 'not_sensitive'),
(978, 'addle-head\n', 'not_sensitive'),
(979, 'addressee\n', 'not_sensitive'),
(980, 'adducer\n', 'not_sensitive'),
(981, 'adjudicator\n', 'not_sensitive'),
(982, 'adjunct\n', 'not_sensitive'),
(983, 'adjuster\n', 'not_sensitive'),
(984, 'adjutant\n', 'not_sensitive'),
(985, 'adjutant_general\n', 'not_sensitive'),
(986, 'administrator\n', 'not_sensitive'),
(987, 'administrator\n', 'not_sensitive'),
(988, 'administrator\n', 'not_sensitive'),
(989, 'admiral\n', 'not_sensitive'),
(990, 'admirer\n', 'not_sensitive'),
(991, 'admirer\n', 'not_sensitive'),
(992, 'admonisher\n', 'not_sensitive'),
(993, 'adolescent\n', 'not_sensitive'),
(994, 'adoptee\n', 'not_sensitive'),
(995, 'adoptive_parent\n', 'not_sensitive'),
(996, 'adult\n', 'not_sensitive'),
(997, 'adulterator\n', 'not_sensitive'),
(998, 'adulterer\n', 'not_sensitive'),
(999, 'advancer\n', 'not_sensitive'),
(1000, 'adventist\n', 'not_sensitive'),
(1001, 'adventurer\n', 'not_sensitive'),
(1002, 'adversary\n', 'not_sensitive'),
(1003, 'adverse_witness\n', 'not_sensitive'),
(1004, 'advertiser\n', 'not_sensitive'),
(1005, 'advisee\n', 'not_sensitive'),
(1006, 'adviser\n', 'not_sensitive'),
(1007, 'advocate\n', 'not_sensitive'),
(1008, 'advocate\n', 'not_sensitive'),
(1009, 'aeolian\n', 'not_sensitive'),
(1010, 'aerialist\n', 'not_sensitive'),
(1011, 'aeronautical_engineer\n', 'not_sensitive'),
(1012, 'aerophile\n', 'not_sensitive'),
(1013, 'aerospace_engineer\n', 'not_sensitive'),
(1014, 'affiant\n', 'not_sensitive'),
(1015, 'affiliate\n', 'not_sensitive'),
(1016, 'affine\n', 'not_sensitive'),
(1017, 'affluent\n', 'not_sensitive'),
(1018, 'afghan\n', 'not_sensitive'),
(1019, 'aficionado\n', 'not_sensitive'),
(1020, 'aficionado\n', 'not_sensitive'),
(1021, 'african\n', 'not_sensitive'),
(1022, 'african-american\n', 'not_sensitive'),
(1023, 'afrikaner\n', 'not_sensitive'),
(1024, 'agent\n', 'not_sensitive'),
(1025, 'agent\n', 'not_sensitive'),
(1026, 'agent\n', 'not_sensitive'),
(1027, 'agent_provocateur\n', 'not_sensitive'),
(1028, 'agent-in-place\n', 'not_sensitive'),
(1029, 'aggravator\n', 'not_sensitive'),
(1030, 'aggressor\n', 'not_sensitive'),
(1031, 'agitator\n', 'not_sensitive'),
(1032, 'agnate\n', 'not_sensitive'),
(1033, 'agnostic\n', 'not_sensitive'),
(1034, 'agnostic\n', 'not_sensitive'),
(1035, 'agonist\n', 'not_sensitive'),
(1036, 'agony_aunt\n', 'not_sensitive'),
(1037, 'agricultural_laborer\n', 'not_sensitive'),
(1038, 'agriculturist\n', 'not_sensitive'),
(1039, 'agronomist\n', 'not_sensitive'),
(1040, 'aide\n', 'not_sensitive'),
(1041, 'air_attache\n', 'not_sensitive'),
(1042, 'air_force_officer\n', 'not_sensitive'),
(1043, 'air_marshal\n', 'not_sensitive'),
(1044, 'air_traveler\n', 'not_sensitive'),
(1045, 'airhead\n', 'not_sensitive'),
(1046, 'akwa\'ala\n', 'not_sensitive'),
(1047, 'alabama\n', 'not_sensitive'),
(1048, 'alabaman\n', 'not_sensitive'),
(1049, 'alarmist\n', 'not_sensitive'),
(1050, 'alaska_native\n', 'not_sensitive'),
(1051, 'alaskan\n', 'not_sensitive'),
(1052, 'albanian\n', 'not_sensitive'),
(1053, 'albino\n', 'not_sensitive'),
(1054, 'alcalde\n', 'not_sensitive'),
(1055, 'alchemist\n', 'not_sensitive'),
(1056, 'alcoholic\n', 'not_sensitive'),
(1057, 'aleut\n', 'not_sensitive'),
(1058, 'alexandrian\n', 'not_sensitive'),
(1059, 'alexic\n', 'not_sensitive'),
(1060, 'algebraist\n', 'not_sensitive'),
(1061, 'algerian\n', 'not_sensitive'),
(1062, 'algonkian\n', 'not_sensitive'),
(1063, 'algonquian\n', 'not_sensitive'),
(1064, 'alien_absconder\n', 'not_sensitive'),
(1065, 'alienator\n', 'not_sensitive'),
(1066, 'alienee\n', 'not_sensitive'),
(1067, 'alienist\n', 'not_sensitive'),
(1068, 'alienor\n', 'not_sensitive'),
(1069, 'aliterate\n', 'not_sensitive'),
(1070, 'all-rounder\n', 'not_sensitive'),
(1071, 'allegorizer\n', 'not_sensitive'),
(1072, 'allergist\n', 'not_sensitive'),
(1073, 'alleviator\n', 'not_sensitive'),
(1074, 'alliterator\n', 'not_sensitive'),
(1075, 'allocator\n', 'not_sensitive'),
(1076, 'ally\n', 'not_sensitive'),
(1077, 'almoner\n', 'not_sensitive'),
(1078, 'almoravid\n', 'not_sensitive'),
(1079, 'almsgiver\n', 'not_sensitive'),
(1080, 'alphabetizer\n', 'not_sensitive'),
(1081, 'alpinist\n', 'not_sensitive'),
(1082, 'alsatian\n', 'not_sensitive'),
(1083, 'altaic\n', 'not_sensitive'),
(1084, 'alter_ego\n', 'not_sensitive'),
(1085, 'alto\n', 'not_sensitive'),
(1086, 'alto_saxophonist\n', 'not_sensitive'),
(1087, 'alumnus\n', 'not_sensitive'),
(1088, 'amalgamator\n', 'not_sensitive'),
(1089, 'amateur\n', 'not_sensitive'),
(1090, 'amateur\n', 'not_sensitive'),
(1091, 'ambassador\n', 'not_sensitive'),
(1092, 'ambassador\n', 'not_sensitive'),
(1093, 'ambulance_chaser\n', 'not_sensitive'),
(1094, 'ambusher\n', 'not_sensitive'),
(1095, 'american\n', 'not_sensitive'),
(1096, 'american\n', 'not_sensitive'),
(1097, 'american_revolutionary_leader\n', 'not_sensitive'),
(1098, 'amerindian\n', 'not_sensitive'),
(1099, 'amhara\n', 'not_sensitive'),
(1100, 'amicus_curiae\n', 'not_sensitive'),
(1101, 'amigo\n', 'not_sensitive'),
(1102, 'amish\n', 'not_sensitive'),
(1103, 'amnesic\n', 'not_sensitive'),
(1104, 'amora\n', 'not_sensitive'),
(1105, 'amoralist\n', 'not_sensitive'),
(1106, 'amorist\n', 'not_sensitive'),
(1107, 'amputator\n', 'not_sensitive'),
(1108, 'amputee\n', 'not_sensitive'),
(1109, 'anabaptist\n', 'not_sensitive'),
(1110, 'anachronism\n', 'not_sensitive'),
(1111, 'anagnost\n', 'not_sensitive'),
(1112, 'analogist\n', 'not_sensitive'),
(1113, 'analphabet\n', 'not_sensitive'),
(1114, 'analysand\n', 'not_sensitive'),
(1115, 'analyst\n', 'not_sensitive'),
(1116, 'analyst\n', 'not_sensitive'),
(1117, 'analyst\n', 'not_sensitive'),
(1118, 'anarchist\n', 'not_sensitive'),
(1119, 'anasazi\n', 'not_sensitive'),
(1120, 'anathema\n', 'not_sensitive'),
(1121, 'anatomist\n', 'not_sensitive'),
(1122, 'ancestor\n', 'not_sensitive'),
(1123, 'anchor\n', 'not_sensitive'),
(1124, 'anchorite\n', 'not_sensitive'),
(1125, 'ancient\n', 'not_sensitive'),
(1126, 'ancient\n', 'not_sensitive'),
(1127, 'andorran\n', 'not_sensitive'),
(1128, 'anecdotist\n', 'not_sensitive'),
(1129, 'anesthesiologist\n', 'not_sensitive'),
(1130, 'angel\n', 'not_sensitive'),
(1131, 'angevin\n', 'not_sensitive'),
(1132, 'angiologist\n', 'not_sensitive'),
(1133, 'angle\n', 'not_sensitive'),
(1134, 'angler\n', 'not_sensitive'),
(1135, 'angler\n', 'not_sensitive'),
(1136, 'anglican\n', 'not_sensitive'),
(1137, 'anglican_catholic\n', 'not_sensitive'),
(1138, 'anglo-american\n', 'not_sensitive'),
(1139, 'anglo-indian\n', 'not_sensitive'),
(1140, 'anglo-saxon\n', 'not_sensitive'),
(1141, 'anglo-saxon\n', 'not_sensitive'),
(1142, 'anglophile\n', 'not_sensitive'),
(1143, 'anglophobe\n', 'not_sensitive'),
(1144, 'angolan\n', 'not_sensitive'),
(1145, 'angolese\n', 'not_sensitive'),
(1146, 'anguillan\n', 'not_sensitive'),
(1147, 'animal_fancier\n', 'not_sensitive'),
(1148, 'animal_trainer\n', 'not_sensitive'),
(1149, 'animator\n', 'not_sensitive'),
(1150, 'animist\n', 'not_sensitive'),
(1151, 'annalist\n', 'not_sensitive'),
(1152, 'annihilator\n', 'not_sensitive'),
(1153, 'annotator\n', 'not_sensitive'),
(1154, 'announcer\n', 'not_sensitive'),
(1155, 'announcer\n', 'not_sensitive'),
(1156, 'annuitant\n', 'not_sensitive'),
(1157, 'anointer\n', 'not_sensitive'),
(1158, 'anomalist\n', 'not_sensitive'),
(1159, 'anomaly\n', 'not_sensitive'),
(1160, 'anorexic\n', 'not_sensitive'),
(1161, 'antediluvian\n', 'not_sensitive'),
(1162, 'anthologist\n', 'not_sensitive'),
(1163, 'anthropoid\n', 'not_sensitive'),
(1164, 'anthropologist\n', 'not_sensitive'),
(1165, 'anti\n', 'not_sensitive'),
(1166, 'anti-american\n', 'not_sensitive'),
(1167, 'anti-semite\n', 'not_sensitive'),
(1168, 'anticipator\n', 'not_sensitive'),
(1169, 'antifeminist\n', 'not_sensitive'),
(1170, 'antiguan\n', 'not_sensitive'),
(1171, 'antinomian\n', 'not_sensitive'),
(1172, 'antipope\n', 'not_sensitive'),
(1173, 'antiquary\n', 'not_sensitive'),
(1174, 'anzac\n', 'not_sensitive'),
(1175, 'apache\n', 'not_sensitive'),
(1176, 'apache\n', 'not_sensitive'),
(1177, 'aphakic\n', 'not_sensitive'),
(1178, 'aphasic\n', 'not_sensitive'),
(1179, 'aphorist\n', 'not_sensitive'),
(1180, 'apologist\n', 'not_sensitive'),
(1181, 'apostle\n', 'not_sensitive'),
(1182, 'apostle\n', 'not_sensitive'),
(1183, 'apostolic_delegate\n', 'not_sensitive'),
(1184, 'appalachian\n', 'not_sensitive'),
(1185, 'apparatchik\n', 'not_sensitive'),
(1186, 'apparatchik\n', 'not_sensitive'),
(1187, 'appeaser\n', 'not_sensitive'),
(1188, 'appellant\n', 'not_sensitive'),
(1189, 'apple_polisher\n', 'not_sensitive'),
(1190, 'applicant\n', 'not_sensitive'),
(1191, 'appointee\n', 'not_sensitive'),
(1192, 'appointee\n', 'not_sensitive'),
(1193, 'appraiser\n', 'not_sensitive'),
(1194, 'appraiser\n', 'not_sensitive'),
(1195, 'appreciator\n', 'not_sensitive'),
(1196, 'apprehender\n', 'not_sensitive'),
(1197, 'apprentice\n', 'not_sensitive'),
(1198, 'appropriator\n', 'not_sensitive'),
(1199, 'approver\n', 'not_sensitive'),
(1200, 'april_fool\n', 'not_sensitive'),
(1201, 'aquanaut\n', 'not_sensitive'),
(1202, 'aquarius\n', 'not_sensitive'),
(1203, 'arab\n', 'not_sensitive'),
(1204, 'arabist\n', 'not_sensitive'),
(1205, 'aramean\n', 'not_sensitive'),
(1206, 'arapaho\n', 'not_sensitive'),
(1207, 'arawak\n', 'not_sensitive'),
(1208, 'arbiter\n', 'not_sensitive'),
(1209, 'arbiter\n', 'not_sensitive'),
(1210, 'arbitrageur\n', 'not_sensitive'),
(1211, 'arcadian\n', 'not_sensitive'),
(1212, 'archaist\n', 'not_sensitive'),
(1213, 'archduke\n', 'not_sensitive'),
(1214, 'archeologist\n', 'not_sensitive'),
(1215, 'archer\n', 'not_sensitive'),
(1216, 'architect\n', 'not_sensitive'),
(1217, 'archivist\n', 'not_sensitive'),
(1218, 'areopagite\n', 'not_sensitive'),
(1219, 'argentinian\n', 'not_sensitive'),
(1220, 'argive\n', 'not_sensitive'),
(1221, 'argonaut\n', 'not_sensitive'),
(1222, 'arianist\n', 'not_sensitive'),
(1223, 'aries\n', 'not_sensitive'),
(1224, 'arikara\n', 'not_sensitive'),
(1225, 'aristocrat\n', 'not_sensitive'),
(1226, 'aristotelian\n', 'not_sensitive'),
(1227, 'arithmetician\n', 'not_sensitive'),
(1228, 'arizonan\n', 'not_sensitive'),
(1229, 'arkansan\n', 'not_sensitive'),
(1230, 'armchair_liberal\n', 'not_sensitive'),
(1231, 'armenian\n', 'not_sensitive'),
(1232, 'arminian\n', 'not_sensitive'),
(1233, 'armorer\n', 'not_sensitive'),
(1234, 'armorer\n', 'not_sensitive'),
(1235, 'arms_manufacturer\n', 'not_sensitive'),
(1236, 'army_attache\n', 'not_sensitive'),
(1237, 'army_brat\n', 'not_sensitive'),
(1238, 'army_engineer\n', 'not_sensitive'),
(1239, 'army_officer\n', 'not_sensitive'),
(1240, 'arranger\n', 'not_sensitive'),
(1241, 'arrival\n', 'not_sensitive'),
(1242, 'arrogator\n', 'not_sensitive'),
(1243, 'arrowsmith\n', 'not_sensitive'),
(1244, 'arsonist\n', 'not_sensitive'),
(1245, 'art_critic\n', 'not_sensitive'),
(1246, 'art_dealer\n', 'not_sensitive'),
(1247, 'art_director\n', 'not_sensitive'),
(1248, 'art_editor\n', 'not_sensitive'),
(1249, 'art_historian\n', 'not_sensitive'),
(1250, 'art_student\n', 'not_sensitive'),
(1251, 'art_teacher\n', 'not_sensitive'),
(1252, 'arthritic\n', 'not_sensitive'),
(1253, 'articulator\n', 'not_sensitive'),
(1254, 'artist\n', 'not_sensitive'),
(1255, 'artist\'s_model\n', 'not_sensitive'),
(1256, 'artiste\n', 'not_sensitive'),
(1257, 'ascender\n', 'not_sensitive'),
(1258, 'ashkenazi\n', 'not_sensitive'),
(1259, 'asian\n', 'not_sensitive'),
(1260, 'asian_american\n', 'not_sensitive'),
(1261, 'aspirant\n', 'not_sensitive'),
(1262, 'assamese\n', 'not_sensitive'),
(1263, 'assassin\n', 'not_sensitive'),
(1264, 'assassin\n', 'not_sensitive'),
(1265, 'assayer\n', 'not_sensitive'),
(1266, 'assenter\n', 'not_sensitive'),
(1267, 'asserter\n', 'not_sensitive'),
(1268, 'assessee\n', 'not_sensitive'),
(1269, 'assignee\n', 'not_sensitive'),
(1270, 'assignor\n', 'not_sensitive'),
(1271, 'assistant\n', 'not_sensitive'),
(1272, 'assistant_professor\n', 'not_sensitive'),
(1273, 'associate\n', 'not_sensitive'),
(1274, 'associate\n', 'not_sensitive'),
(1275, 'associate_professor\n', 'not_sensitive'),
(1276, 'assyrian\n', 'not_sensitive'),
(1277, 'asthmatic\n', 'not_sensitive'),
(1278, 'astrogator\n', 'not_sensitive'),
(1279, 'astrologer\n', 'not_sensitive'),
(1280, 'astronaut\n', 'not_sensitive'),
(1281, 'astronomer\n', 'not_sensitive'),
(1282, 'astrophysicist\n', 'not_sensitive'),
(1283, 'atakapa\n', 'not_sensitive'),
(1284, 'athapaskan\n', 'not_sensitive'),
(1285, 'atheist\n', 'not_sensitive'),
(1286, 'athenian\n', 'not_sensitive'),
(1287, 'athlete\n', 'not_sensitive'),
(1288, 'atsugewi\n', 'not_sensitive'),
(1289, 'attache\n', 'not_sensitive'),
(1290, 'attacker\n', 'not_sensitive'),
(1291, 'attendant\n', 'not_sensitive'),
(1292, 'attendant\n', 'not_sensitive'),
(1293, 'attester\n', 'not_sensitive'),
(1294, 'attorney_general\n', 'not_sensitive'),
(1295, 'attorney_general\n', 'not_sensitive'),
(1296, 'au_pair\n', 'not_sensitive'),
(1297, 'auctioneer\n', 'not_sensitive'),
(1298, 'audile\n', 'not_sensitive'),
(1299, 'auditor\n', 'not_sensitive'),
(1300, 'auditor\n', 'not_sensitive'),
(1301, 'augur\n', 'not_sensitive'),
(1302, 'australian\n', 'not_sensitive'),
(1303, 'austrian\n', 'not_sensitive'),
(1304, 'austronesian\n', 'not_sensitive'),
(1305, 'auteur\n', 'not_sensitive'),
(1306, 'authoritarian\n', 'not_sensitive'),
(1307, 'authority\n', 'not_sensitive'),
(1308, 'authority\n', 'not_sensitive'),
(1309, 'authority_figure\n', 'not_sensitive'),
(1310, 'authorizer\n', 'not_sensitive'),
(1311, 'autobiographer\n', 'not_sensitive'),
(1312, 'autochthon\n', 'not_sensitive'),
(1313, 'autodidact\n', 'not_sensitive'),
(1314, 'automaton\n', 'not_sensitive'),
(1315, 'automobile_mechanic\n', 'not_sensitive'),
(1316, 'automotive_engineer\n', 'not_sensitive'),
(1317, 'avenger\n', 'not_sensitive'),
(1318, 'aviator\n', 'not_sensitive'),
(1319, 'avower\n', 'not_sensitive'),
(1320, 'awol\n', 'not_sensitive'),
(1321, 'ayatollah\n', 'not_sensitive'),
(1322, 'azerbaijani\n', 'not_sensitive'),
(1323, 'aztec\n', 'not_sensitive'),
(1324, 'baas\n', 'not_sensitive'),
(1325, 'baby\n', 'not_sensitive'),
(1326, 'baby\n', 'not_sensitive'),
(1327, 'baby\n', 'not_sensitive'),
(1328, 'baby_boomer\n', 'not_sensitive'),
(1329, 'baby_buster\n', 'not_sensitive'),
(1330, 'baby_doctor\n', 'not_sensitive'),
(1331, 'baby_farmer\n', 'not_sensitive'),
(1332, 'babylonian\n', 'not_sensitive'),
(1333, 'babyminder\n', 'not_sensitive'),
(1334, 'babysitter\n', 'not_sensitive'),
(1335, 'bacchant\n', 'not_sensitive'),
(1336, 'back\n', 'not_sensitive'),
(1337, 'back_judge\n', 'not_sensitive'),
(1338, 'backbencher\n', 'not_sensitive'),
(1339, 'backpacker\n', 'not_sensitive'),
(1340, 'backscratcher\n', 'not_sensitive'),
(1341, 'backseat_driver\n', 'not_sensitive'),
(1342, 'backslapper\n', 'not_sensitive'),
(1343, 'backstroker\n', 'not_sensitive'),
(1344, 'bacteriologist\n', 'not_sensitive'),
(1345, 'bad_egg\n', 'not_sensitive'),
(1346, 'bad_guy\n', 'not_sensitive'),
(1347, 'bad_person\n', 'not_sensitive'),
(1348, 'badaga\n', 'not_sensitive'),
(1349, 'bahai\n', 'not_sensitive'),
(1350, 'bahamian\n', 'not_sensitive'),
(1351, 'bahraini\n', 'not_sensitive'),
(1352, 'bailee\n', 'not_sensitive'),
(1353, 'bailiff\n', 'not_sensitive'),
(1354, 'bailor\n', 'not_sensitive'),
(1355, 'bairn\n', 'not_sensitive'),
(1356, 'baker\n', 'not_sensitive'),
(1357, 'baker\n', 'not_sensitive'),
(1358, 'balancer\n', 'not_sensitive'),
(1359, 'baldhead\n', 'not_sensitive'),
(1360, 'balkan\n', 'not_sensitive'),
(1361, 'balker\n', 'not_sensitive'),
(1362, 'ball_carrier\n', 'not_sensitive'),
(1363, 'ball_hawk\n', 'not_sensitive'),
(1364, 'ballet_dancer\n', 'not_sensitive'),
(1365, 'balletomane\n', 'not_sensitive'),
(1366, 'balloonist\n', 'not_sensitive'),
(1367, 'ballplayer\n', 'not_sensitive'),
(1368, 'banderillero\n', 'not_sensitive'),
(1369, 'bandit\n', 'not_sensitive'),
(1370, 'bandleader\n', 'not_sensitive'),
(1371, 'bandmaster\n', 'not_sensitive'),
(1372, 'bangladeshi\n', 'not_sensitive'),
(1373, 'bank_commissioner\n', 'not_sensitive'),
(1374, 'bank_examiner\n', 'not_sensitive'),
(1375, 'bank_guard\n', 'not_sensitive'),
(1376, 'bank_manager\n', 'not_sensitive'),
(1377, 'bank_robber\n', 'not_sensitive'),
(1378, 'banker\n', 'not_sensitive'),
(1379, 'banker\n', 'not_sensitive'),
(1380, 'bankrupt\n', 'not_sensitive'),
(1381, 'bantamweight\n', 'not_sensitive'),
(1382, 'bantamweight\n', 'not_sensitive'),
(1383, 'bantu\n', 'not_sensitive'),
(1384, 'baptist\n', 'not_sensitive'),
(1385, 'bar_fly\n', 'not_sensitive'),
(1386, 'barbadian\n', 'not_sensitive'),
(1387, 'barber\n', 'not_sensitive'),
(1388, 'bard\n', 'not_sensitive'),
(1389, 'bargain_hunter\n', 'not_sensitive'),
(1390, 'bargainer\n', 'not_sensitive'),
(1391, 'barker\n', 'not_sensitive'),
(1392, 'barnburner\n', 'not_sensitive'),
(1393, 'barnstormer\n', 'not_sensitive'),
(1394, 'barnstormer\n', 'not_sensitive'),
(1395, 'baronet\n', 'not_sensitive'),
(1396, 'barrator\n', 'not_sensitive'),
(1397, 'barrister\n', 'not_sensitive'),
(1398, 'bartender\n', 'not_sensitive'),
(1399, 'barterer\n', 'not_sensitive'),
(1400, 'base_runner\n', 'not_sensitive'),
(1401, 'baseball_coach\n', 'not_sensitive'),
(1402, 'basket_maker\n', 'not_sensitive'),
(1403, 'basketball_coach\n', 'not_sensitive'),
(1404, 'basketball_player\n', 'not_sensitive'),
(1405, 'basketweaver\n', 'not_sensitive'),
(1406, 'basotho\n', 'not_sensitive'),
(1407, 'basque\n', 'not_sensitive'),
(1408, 'bassist\n', 'not_sensitive'),
(1409, 'bassoonist\n', 'not_sensitive'),
(1410, 'baster\n', 'not_sensitive'),
(1411, 'baster\n', 'not_sensitive'),
(1412, 'bather\n', 'not_sensitive'),
(1413, 'baton_twirler\n', 'not_sensitive'),
(1414, 'batter\n', 'not_sensitive'),
(1415, 'batting_coach\n', 'not_sensitive'),
(1416, 'battle-ax\n', 'not_sensitive'),
(1417, 'bavarian\n', 'not_sensitive'),
(1418, 'bawler\n', 'not_sensitive'),
(1419, 'bay_stater\n', 'not_sensitive'),
(1420, 'beachcomber\n', 'not_sensitive'),
(1421, 'beadle\n', 'not_sensitive'),
(1422, 'bean_counter\n', 'not_sensitive'),
(1423, 'bear\n', 'not_sensitive'),
(1424, 'bearer\n', 'not_sensitive'),
(1425, 'beast\n', 'not_sensitive'),
(1426, 'beater\n', 'not_sensitive'),
(1427, 'beatnik\n', 'not_sensitive'),
(1428, 'beautician\n', 'not_sensitive'),
(1429, 'beauty_consultant\n', 'not_sensitive'),
(1430, 'bedfellow\n', 'not_sensitive'),
(1431, 'bedfellow\n', 'not_sensitive'),
(1432, 'bedlamite\n', 'not_sensitive'),
(1433, 'bedouin\n', 'not_sensitive'),
(1434, 'bedwetter\n', 'not_sensitive'),
(1435, 'beekeeper\n', 'not_sensitive'),
(1436, 'beer_drinker\n', 'not_sensitive'),
(1437, 'beggar\n', 'not_sensitive'),
(1438, 'behaviorist\n', 'not_sensitive'),
(1439, 'bel_esprit\n', 'not_sensitive'),
(1440, 'belgian\n', 'not_sensitive'),
(1441, 'believer\n', 'not_sensitive'),
(1442, 'believer\n', 'not_sensitive'),
(1443, 'bell_captain\n', 'not_sensitive');
INSERT INTO `backend_dataset` (`word_id`, `word`, `sen`) VALUES
(1444, 'bell_founder\n', 'not_sensitive'),
(1445, 'bell_ringer\n', 'not_sensitive'),
(1446, 'bellwether\n', 'not_sensitive'),
(1447, 'beloved\n', 'not_sensitive'),
(1448, 'belt_maker\n', 'not_sensitive'),
(1449, 'bench_warmer\n', 'not_sensitive'),
(1450, 'benedictine\n', 'not_sensitive'),
(1451, 'benefactor\n', 'not_sensitive'),
(1452, 'beneficiary\n', 'not_sensitive'),
(1453, 'bengali\n', 'not_sensitive'),
(1454, 'beninese\n', 'not_sensitive'),
(1455, 'berber\n', 'not_sensitive'),
(1456, 'bereaved\n', 'not_sensitive'),
(1457, 'berk\n', 'not_sensitive'),
(1458, 'berliner\n', 'not_sensitive'),
(1459, 'bermudan\n', 'not_sensitive'),
(1460, 'berserker\n', 'not_sensitive'),
(1461, 'besieger\n', 'not_sensitive'),
(1462, 'besieger\n', 'not_sensitive'),
(1463, 'best\n', 'not_sensitive'),
(1464, 'best_friend\n', 'not_sensitive'),
(1465, 'betrothed\n', 'not_sensitive'),
(1466, 'better\n', 'not_sensitive'),
(1467, 'bettor\n', 'not_sensitive'),
(1468, 'bhutanese\n', 'not_sensitive'),
(1469, 'bibliographer\n', 'not_sensitive'),
(1470, 'bibliophile\n', 'not_sensitive'),
(1471, 'bibliopole\n', 'not_sensitive'),
(1472, 'bibliotist\n', 'not_sensitive'),
(1473, 'bidder\n', 'not_sensitive'),
(1474, 'bidder\n', 'not_sensitive'),
(1475, 'big_brother\n', 'not_sensitive'),
(1476, 'big_shot\n', 'not_sensitive'),
(1477, 'big_spender\n', 'not_sensitive'),
(1478, 'bigamist\n', 'not_sensitive'),
(1479, 'bigot\n', 'not_sensitive'),
(1480, 'bilingual\n', 'not_sensitive'),
(1481, 'bill_poster\n', 'not_sensitive'),
(1482, 'billiard_player\n', 'not_sensitive'),
(1483, 'billionaire\n', 'not_sensitive'),
(1484, 'biloxi\n', 'not_sensitive'),
(1485, 'bimetallist\n', 'not_sensitive'),
(1486, 'biochemist\n', 'not_sensitive'),
(1487, 'biographer\n', 'not_sensitive'),
(1488, 'biologist\n', 'not_sensitive'),
(1489, 'biophysicist\n', 'not_sensitive'),
(1490, 'bird_fancier\n', 'not_sensitive'),
(1491, 'bird_watcher\n', 'not_sensitive'),
(1492, 'birth\n', 'not_sensitive'),
(1493, 'birth-control_campaigner\n', 'not_sensitive'),
(1494, 'bisexual\n', 'not_sensitive'),
(1495, 'bishop\n', 'not_sensitive'),
(1496, 'biter\n', 'not_sensitive'),
(1497, 'black\n', 'not_sensitive'),
(1498, 'black_african\n', 'not_sensitive'),
(1499, 'black_and_tan\n', 'not_sensitive'),
(1500, 'black_belt\n', 'not_sensitive'),
(1501, 'black_marketeer\n', 'not_sensitive'),
(1502, 'black_muslim\n', 'not_sensitive'),
(1503, 'black_panther\n', 'not_sensitive'),
(1504, 'blackfoot\n', 'not_sensitive'),
(1505, 'blackmailer\n', 'not_sensitive'),
(1506, 'blackshirt\n', 'not_sensitive'),
(1507, 'blacksmith\n', 'not_sensitive'),
(1508, 'blasphemer\n', 'not_sensitive'),
(1509, 'blaster\n', 'not_sensitive'),
(1510, 'bleacher\n', 'not_sensitive'),
(1511, 'bleeding_heart\n', 'not_sensitive'),
(1512, 'blind_date\n', 'not_sensitive'),
(1513, 'blind_person\n', 'not_sensitive'),
(1514, 'blocker\n', 'not_sensitive'),
(1515, 'blogger\n', 'not_sensitive'),
(1516, 'blond\n', 'not_sensitive'),
(1517, 'blood_donor\n', 'not_sensitive'),
(1518, 'blood_relation\n', 'not_sensitive'),
(1519, 'blubberer\n', 'not_sensitive'),
(1520, 'blucher\n', 'not_sensitive'),
(1521, 'bludgeoner\n', 'not_sensitive'),
(1522, 'blue_baby\n', 'not_sensitive'),
(1523, 'bluecoat\n', 'not_sensitive'),
(1524, 'bluejacket\n', 'not_sensitive'),
(1525, 'bluffer\n', 'not_sensitive'),
(1526, 'board_member\n', 'not_sensitive'),
(1527, 'boarder\n', 'not_sensitive'),
(1528, 'boarder\n', 'not_sensitive'),
(1529, 'boatbuilder\n', 'not_sensitive'),
(1530, 'boatswain\n', 'not_sensitive'),
(1531, 'bobby\n', 'not_sensitive'),
(1532, 'body_servant\n', 'not_sensitive'),
(1533, 'bodybuilder\n', 'not_sensitive'),
(1534, 'bodyguard\n', 'not_sensitive'),
(1535, 'boffin\n', 'not_sensitive'),
(1536, 'bohemian\n', 'not_sensitive'),
(1537, 'bohemian\n', 'not_sensitive'),
(1538, 'bolivian\n', 'not_sensitive'),
(1539, 'bolshevik\n', 'not_sensitive'),
(1540, 'bolshevik\n', 'not_sensitive'),
(1541, 'bombardier\n', 'not_sensitive'),
(1542, 'bombardier\n', 'not_sensitive'),
(1543, 'bomber\n', 'not_sensitive'),
(1544, 'bombshell\n', 'not_sensitive'),
(1545, 'bond_servant\n', 'not_sensitive'),
(1546, 'bondholder\n', 'not_sensitive'),
(1547, 'bonesetter\n', 'not_sensitive'),
(1548, 'book_agent\n', 'not_sensitive'),
(1549, 'bookbinder\n', 'not_sensitive'),
(1550, 'bookdealer\n', 'not_sensitive'),
(1551, 'booker\n', 'not_sensitive'),
(1552, 'bookkeeper\n', 'not_sensitive'),
(1553, 'bookmaker\n', 'not_sensitive'),
(1554, 'bookmaker\n', 'not_sensitive'),
(1555, 'bookseller\n', 'not_sensitive'),
(1556, 'bookworm\n', 'not_sensitive'),
(1557, 'booster\n', 'not_sensitive'),
(1558, 'bootblack\n', 'not_sensitive'),
(1559, 'bootlegger\n', 'not_sensitive'),
(1560, 'bootmaker\n', 'not_sensitive'),
(1561, 'borderer\n', 'not_sensitive'),
(1562, 'bore\n', 'not_sensitive'),
(1563, 'born-again_christian\n', 'not_sensitive'),
(1564, 'bornean\n', 'not_sensitive'),
(1565, 'borrower\n', 'not_sensitive'),
(1566, 'boss\n', 'not_sensitive'),
(1567, 'boss\n', 'not_sensitive'),
(1568, 'bostonian\n', 'not_sensitive'),
(1569, 'boswell\n', 'not_sensitive'),
(1570, 'botanist\n', 'not_sensitive'),
(1571, 'bottom_dog\n', 'not_sensitive'),
(1572, 'bottom_feeder\n', 'not_sensitive'),
(1573, 'boulevardier\n', 'not_sensitive'),
(1574, 'bouncer\n', 'not_sensitive'),
(1575, 'bounder\n', 'not_sensitive'),
(1576, 'bounty_hunter\n', 'not_sensitive'),
(1577, 'bounty_hunter\n', 'not_sensitive'),
(1578, 'bourbon\n', 'not_sensitive'),
(1579, 'bourbon\n', 'not_sensitive'),
(1580, 'bourgeois\n', 'not_sensitive'),
(1581, 'bowler\n', 'not_sensitive'),
(1582, 'bowler\n', 'not_sensitive'),
(1583, 'boxer\n', 'not_sensitive'),
(1584, 'boxer\n', 'not_sensitive'),
(1585, 'bracero\n', 'not_sensitive'),
(1586, 'brachycephalic\n', 'not_sensitive'),
(1587, 'bragger\n', 'not_sensitive'),
(1588, 'brahman\n', 'not_sensitive'),
(1589, 'brahui\n', 'not_sensitive'),
(1590, 'brainworker\n', 'not_sensitive'),
(1591, 'brass_hat\n', 'not_sensitive'),
(1592, 'brave\n', 'not_sensitive'),
(1593, 'brawler\n', 'not_sensitive'),
(1594, 'brazilian\n', 'not_sensitive'),
(1595, 'breadwinner\n', 'not_sensitive'),
(1596, 'breaker\n', 'not_sensitive'),
(1597, 'breaststroker\n', 'not_sensitive'),
(1598, 'breeder\n', 'not_sensitive'),
(1599, 'breton\n', 'not_sensitive'),
(1600, 'brewer\n', 'not_sensitive'),
(1601, 'brewer\n', 'not_sensitive'),
(1602, 'briber\n', 'not_sensitive'),
(1603, 'brick\n', 'not_sensitive'),
(1604, 'bricklayer\n', 'not_sensitive'),
(1605, 'bridge_agent\n', 'not_sensitive'),
(1606, 'bridge_partner\n', 'not_sensitive'),
(1607, 'bridge_player\n', 'not_sensitive'),
(1608, 'brigadier\n', 'not_sensitive'),
(1609, 'britisher\n', 'not_sensitive'),
(1610, 'briton\n', 'not_sensitive'),
(1611, 'broadcast_journalist\n', 'not_sensitive'),
(1612, 'broadcaster\n', 'not_sensitive'),
(1613, 'broker-dealer\n', 'not_sensitive'),
(1614, 'brownshirt\n', 'not_sensitive'),
(1615, 'browser\n', 'not_sensitive'),
(1616, 'brule\n', 'not_sensitive'),
(1617, 'brummie\n', 'not_sensitive'),
(1618, 'bruneian\n', 'not_sensitive'),
(1619, 'buck_sergeant\n', 'not_sensitive'),
(1620, 'buddha\n', 'not_sensitive'),
(1621, 'buddhist\n', 'not_sensitive'),
(1622, 'bugler\n', 'not_sensitive'),
(1623, 'builder\n', 'not_sensitive'),
(1624, 'builder\n', 'not_sensitive'),
(1625, 'bulgarian\n', 'not_sensitive'),
(1626, 'bulimic\n', 'not_sensitive'),
(1627, 'bull\n', 'not_sensitive'),
(1628, 'bull\n', 'not_sensitive'),
(1629, 'bullfighter\n', 'not_sensitive'),
(1630, 'bully\n', 'not_sensitive'),
(1631, 'bully\n', 'not_sensitive'),
(1632, 'bungler\n', 'not_sensitive'),
(1633, 'bunkmate\n', 'not_sensitive'),
(1634, 'bunny\n', 'not_sensitive'),
(1635, 'bunter\n', 'not_sensitive'),
(1636, 'bureaucrat\n', 'not_sensitive'),
(1637, 'burgess\n', 'not_sensitive'),
(1638, 'burglar\n', 'not_sensitive'),
(1639, 'burgomaster\n', 'not_sensitive'),
(1640, 'burmese\n', 'not_sensitive'),
(1641, 'bursar\n', 'not_sensitive'),
(1642, 'burundian\n', 'not_sensitive'),
(1643, 'bushwhacker\n', 'not_sensitive'),
(1644, 'business_agent\n', 'not_sensitive'),
(1645, 'business_editor\n', 'not_sensitive'),
(1646, 'business_traveler\n', 'not_sensitive'),
(1647, 'businessperson\n', 'not_sensitive'),
(1648, 'busker\n', 'not_sensitive'),
(1649, 'buster\n', 'not_sensitive'),
(1650, 'buster\n', 'not_sensitive'),
(1651, 'buster\n', 'not_sensitive'),
(1652, 'busybody\n', 'not_sensitive'),
(1653, 'butcher\n', 'not_sensitive'),
(1654, 'butcher\n', 'not_sensitive'),
(1655, 'butcher\n', 'not_sensitive'),
(1656, 'butter\n', 'not_sensitive'),
(1657, 'butterfingers\n', 'not_sensitive'),
(1658, 'buttinsky\n', 'not_sensitive'),
(1659, 'buyer\n', 'not_sensitive'),
(1660, 'byelorussian\n', 'not_sensitive'),
(1661, 'bystander\n', 'not_sensitive'),
(1662, 'byzantine\n', 'not_sensitive'),
(1663, 'cabalist\n', 'not_sensitive'),
(1664, 'cabalist\n', 'not_sensitive'),
(1665, 'cabalist\n', 'not_sensitive'),
(1666, 'cabinet_minister\n', 'not_sensitive'),
(1667, 'cabinetmaker\n', 'not_sensitive'),
(1668, 'cad\n', 'not_sensitive'),
(1669, 'caddie\n', 'not_sensitive'),
(1670, 'caddo\n', 'not_sensitive'),
(1671, 'cadet\n', 'not_sensitive'),
(1672, 'caffeine_addict\n', 'not_sensitive'),
(1673, 'cahita\n', 'not_sensitive'),
(1674, 'cairene\n', 'not_sensitive'),
(1675, 'caitiff\n', 'not_sensitive'),
(1676, 'cajun\n', 'not_sensitive'),
(1677, 'cakchiquel\n', 'not_sensitive'),
(1678, 'calculator\n', 'not_sensitive'),
(1679, 'californian\n', 'not_sensitive'),
(1680, 'caliph\n', 'not_sensitive'),
(1681, 'caller\n', 'not_sensitive'),
(1682, 'caller\n', 'not_sensitive'),
(1683, 'caller\n', 'not_sensitive'),
(1684, 'caller\n', 'not_sensitive'),
(1685, 'caller\n', 'not_sensitive'),
(1686, 'caller\n', 'not_sensitive'),
(1687, 'caller\n', 'not_sensitive'),
(1688, 'calligrapher\n', 'not_sensitive'),
(1689, 'calvinist\n', 'not_sensitive'),
(1690, 'cambodian\n', 'not_sensitive'),
(1691, 'cameroonian\n', 'not_sensitive'),
(1692, 'camp_follower\n', 'not_sensitive'),
(1693, 'camp_follower\n', 'not_sensitive'),
(1694, 'campaigner\n', 'not_sensitive'),
(1695, 'camper\n', 'not_sensitive'),
(1696, 'campmate\n', 'not_sensitive'),
(1697, 'canaanite\n', 'not_sensitive'),
(1698, 'canadian\n', 'not_sensitive'),
(1699, 'cancer\n', 'not_sensitive'),
(1700, 'candidate\n', 'not_sensitive'),
(1701, 'candlemaker\n', 'not_sensitive'),
(1702, 'candy_striper\n', 'not_sensitive'),
(1703, 'cannibal\n', 'not_sensitive'),
(1704, 'cannon_fodder\n', 'not_sensitive'),
(1705, 'canoeist\n', 'not_sensitive'),
(1706, 'canon\n', 'not_sensitive'),
(1707, 'canonist\n', 'not_sensitive'),
(1708, 'cantabrigian\n', 'not_sensitive'),
(1709, 'cantor\n', 'not_sensitive'),
(1710, 'canuck\n', 'not_sensitive'),
(1711, 'canvasser\n', 'not_sensitive'),
(1712, 'capetian\n', 'not_sensitive'),
(1713, 'capitalist\n', 'not_sensitive'),
(1714, 'capitalist\n', 'not_sensitive'),
(1715, 'capricorn\n', 'not_sensitive'),
(1716, 'captain\n', 'not_sensitive'),
(1717, 'captain\n', 'not_sensitive'),
(1718, 'captain\n', 'not_sensitive'),
(1719, 'captain\n', 'not_sensitive'),
(1720, 'captain\n', 'not_sensitive'),
(1721, 'captain\n', 'not_sensitive'),
(1722, 'captive\n', 'not_sensitive'),
(1723, 'captor\n', 'not_sensitive'),
(1724, 'carbineer\n', 'not_sensitive'),
(1725, 'card_player\n', 'not_sensitive'),
(1726, 'cardholder\n', 'not_sensitive'),
(1727, 'cardholder\n', 'not_sensitive'),
(1728, 'cardinal\n', 'not_sensitive'),
(1729, 'cardiologist\n', 'not_sensitive'),
(1730, 'cardsharp\n', 'not_sensitive'),
(1731, 'careerist\n', 'not_sensitive'),
(1732, 'caregiver\n', 'not_sensitive'),
(1733, 'caretaker\n', 'not_sensitive'),
(1734, 'caretaker\n', 'not_sensitive'),
(1735, 'carhop\n', 'not_sensitive'),
(1736, 'carib\n', 'not_sensitive'),
(1737, 'caricaturist\n', 'not_sensitive'),
(1738, 'carillonneur\n', 'not_sensitive'),
(1739, 'carioca\n', 'not_sensitive'),
(1740, 'carmelite\n', 'not_sensitive'),
(1741, 'caroler\n', 'not_sensitive'),
(1742, 'carolingian\n', 'not_sensitive'),
(1743, 'carolinian\n', 'not_sensitive'),
(1744, 'carpenter\n', 'not_sensitive'),
(1745, 'carper\n', 'not_sensitive'),
(1746, 'carpet_knight\n', 'not_sensitive'),
(1747, 'carpetbagger\n', 'not_sensitive'),
(1748, 'carrier\n', 'not_sensitive'),
(1749, 'carrier\n', 'not_sensitive'),
(1750, 'carrier\n', 'not_sensitive'),
(1751, 'carter\n', 'not_sensitive'),
(1752, 'cartesian\n', 'not_sensitive'),
(1753, 'carthaginian\n', 'not_sensitive'),
(1754, 'carthusian\n', 'not_sensitive'),
(1755, 'cartographer\n', 'not_sensitive'),
(1756, 'cartoonist\n', 'not_sensitive'),
(1757, 'cartwright\n', 'not_sensitive'),
(1758, 'case\n', 'not_sensitive'),
(1759, 'case_officer\n', 'not_sensitive'),
(1760, 'cashier\n', 'not_sensitive'),
(1761, 'castaway\n', 'not_sensitive'),
(1762, 'caster\n', 'not_sensitive'),
(1763, 'castillian\n', 'not_sensitive'),
(1764, 'casualty\n', 'not_sensitive'),
(1765, 'casualty\n', 'not_sensitive'),
(1766, 'casuist\n', 'not_sensitive'),
(1767, 'cat_fancier\n', 'not_sensitive'),
(1768, 'catalan\n', 'not_sensitive'),
(1769, 'cataleptic\n', 'not_sensitive'),
(1770, 'cataloger\n', 'not_sensitive'),
(1771, 'catawba\n', 'not_sensitive'),
(1772, 'catch\n', 'not_sensitive'),
(1773, 'catcher\n', 'not_sensitive'),
(1774, 'catechist\n', 'not_sensitive'),
(1775, 'catechumen\n', 'not_sensitive'),
(1776, 'caterer\n', 'not_sensitive'),
(1777, 'catholic\n', 'not_sensitive'),
(1778, 'catholicos\n', 'not_sensitive'),
(1779, 'cayuga\n', 'not_sensitive'),
(1780, 'cebuan\n', 'not_sensitive'),
(1781, 'celebrant\n', 'not_sensitive'),
(1782, 'celebrant\n', 'not_sensitive'),
(1783, 'celebrity\n', 'not_sensitive'),
(1784, 'celibate\n', 'not_sensitive'),
(1785, 'cellist\n', 'not_sensitive'),
(1786, 'celt\n', 'not_sensitive'),
(1787, 'cenobite\n', 'not_sensitive'),
(1788, 'censor\n', 'not_sensitive'),
(1789, 'censor\n', 'not_sensitive'),
(1790, 'census_taker\n', 'not_sensitive'),
(1791, 'centenarian\n', 'not_sensitive'),
(1792, 'center\n', 'not_sensitive'),
(1793, 'center\n', 'not_sensitive'),
(1794, 'center\n', 'not_sensitive'),
(1795, 'center_fielder\n', 'not_sensitive'),
(1796, 'central_american\n', 'not_sensitive'),
(1797, 'centrist\n', 'not_sensitive'),
(1798, 'certified_public_accountant\n', 'not_sensitive'),
(1799, 'chadian\n', 'not_sensitive'),
(1800, 'chain-smoker\n', 'not_sensitive'),
(1801, 'chaldean\n', 'not_sensitive'),
(1802, 'chaldean\n', 'not_sensitive'),
(1803, 'chamberlain\n', 'not_sensitive'),
(1804, 'chamberlain\n', 'not_sensitive'),
(1805, 'chameleon\n', 'not_sensitive'),
(1806, 'champion\n', 'not_sensitive'),
(1807, 'champion\n', 'not_sensitive'),
(1808, 'chancellor\n', 'not_sensitive'),
(1809, 'chancellor\n', 'not_sensitive'),
(1810, 'chancellor_of_the_exchequer\n', 'not_sensitive'),
(1811, 'chandler\n', 'not_sensitive'),
(1812, 'chandler\n', 'not_sensitive'),
(1813, 'changeling\n', 'not_sensitive'),
(1814, 'changer\n', 'not_sensitive'),
(1815, 'chap\n', 'not_sensitive'),
(1816, 'chaperon\n', 'not_sensitive'),
(1817, 'chaplain\n', 'not_sensitive'),
(1818, 'character\n', 'not_sensitive'),
(1819, 'character_actor\n', 'not_sensitive'),
(1820, 'character_witness\n', 'not_sensitive'),
(1821, 'charcoal_burner\n', 'not_sensitive'),
(1822, 'charge\n', 'not_sensitive'),
(1823, 'charge_d\'affaires\n', 'not_sensitive'),
(1824, 'charge_of_quarters\n', 'not_sensitive'),
(1825, 'charioteer\n', 'not_sensitive'),
(1826, 'charmer\n', 'not_sensitive'),
(1827, 'charter_member\n', 'not_sensitive'),
(1828, 'chartered_accountant\n', 'not_sensitive'),
(1829, 'chartist\n', 'not_sensitive'),
(1830, 'chartist\n', 'not_sensitive'),
(1831, 'chatterer\n', 'not_sensitive'),
(1832, 'chauvinist\n', 'not_sensitive'),
(1833, 'chauvinist\n', 'not_sensitive'),
(1834, 'cheapjack\n', 'not_sensitive'),
(1835, 'cheapskate\n', 'not_sensitive'),
(1836, 'chebab\n', 'not_sensitive'),
(1837, 'chechen\n', 'not_sensitive'),
(1838, 'checker\n', 'not_sensitive'),
(1839, 'checker\n', 'not_sensitive'),
(1840, 'cheerer\n', 'not_sensitive'),
(1841, 'cheerleader\n', 'not_sensitive'),
(1842, 'cheerleader\n', 'not_sensitive'),
(1843, 'cheesemonger\n', 'not_sensitive'),
(1844, 'chef\n', 'not_sensitive'),
(1845, 'chela\n', 'not_sensitive'),
(1846, 'chemist\n', 'not_sensitive'),
(1847, 'cheops\n', 'not_sensitive'),
(1848, 'cheremis\n', 'not_sensitive'),
(1849, 'cherokee\n', 'not_sensitive'),
(1850, 'cherub\n', 'not_sensitive'),
(1851, 'chess_master\n', 'not_sensitive'),
(1852, 'chess_player\n', 'not_sensitive'),
(1853, 'chewa\n', 'not_sensitive'),
(1854, 'chewer\n', 'not_sensitive'),
(1855, 'cheyenne\n', 'not_sensitive'),
(1856, 'chicano\n', 'not_sensitive'),
(1857, 'chichi\n', 'not_sensitive'),
(1858, 'chickasaw\n', 'not_sensitive'),
(1859, 'chief_constable\n', 'not_sensitive'),
(1860, 'chief_executive_officer\n', 'not_sensitive'),
(1861, 'chief_financial_officer\n', 'not_sensitive'),
(1862, 'chief_justice\n', 'not_sensitive'),
(1863, 'chief_of_staff\n', 'not_sensitive'),
(1864, 'chief_petty_officer\n', 'not_sensitive'),
(1865, 'chief_secretary\n', 'not_sensitive'),
(1866, 'child\n', 'not_sensitive'),
(1867, 'child\n', 'not_sensitive'),
(1868, 'child\n', 'not_sensitive'),
(1869, 'child\n', 'not_sensitive'),
(1870, 'child_prodigy\n', 'not_sensitive'),
(1871, 'chilean\n', 'not_sensitive'),
(1872, 'chimakum\n', 'not_sensitive'),
(1873, 'chimariko\n', 'not_sensitive'),
(1874, 'chimneysweeper\n', 'not_sensitive'),
(1875, 'chinese\n', 'not_sensitive'),
(1876, 'chinook\n', 'not_sensitive'),
(1877, 'chipewyan\n', 'not_sensitive'),
(1878, 'chiropodist\n', 'not_sensitive'),
(1879, 'chiropractor\n', 'not_sensitive'),
(1880, 'chit\n', 'not_sensitive'),
(1881, 'choctaw\n', 'not_sensitive'),
(1882, 'choirmaster\n', 'not_sensitive'),
(1883, 'choker\n', 'not_sensitive'),
(1884, 'choragus\n', 'not_sensitive'),
(1885, 'choreographer\n', 'not_sensitive'),
(1886, 'chorister\n', 'not_sensitive'),
(1887, 'chosen\n', 'not_sensitive'),
(1888, 'christian\n', 'not_sensitive'),
(1889, 'christian_scientist\n', 'not_sensitive'),
(1890, 'chronicler\n', 'not_sensitive'),
(1891, 'chukchi\n', 'not_sensitive'),
(1892, 'chump\n', 'not_sensitive'),
(1893, 'church_officer\n', 'not_sensitive'),
(1894, 'churchgoer\n', 'not_sensitive'),
(1895, 'churchwarden\n', 'not_sensitive'),
(1896, 'chutzpanik\n', 'not_sensitive'),
(1897, 'chuvash\n', 'not_sensitive'),
(1898, 'cicerone\n', 'not_sensitive'),
(1899, 'cigar_smoker\n', 'not_sensitive'),
(1900, 'cigarette_smoker\n', 'not_sensitive'),
(1901, 'cipher\n', 'not_sensitive'),
(1902, 'circassian\n', 'not_sensitive'),
(1903, 'circus_acrobat\n', 'not_sensitive'),
(1904, 'citizen\n', 'not_sensitive'),
(1905, 'city_editor\n', 'not_sensitive'),
(1906, 'city_father\n', 'not_sensitive'),
(1907, 'city_slicker\n', 'not_sensitive'),
(1908, 'civic_leader\n', 'not_sensitive'),
(1909, 'civil_authority', 'not_sensitive');

-- --------------------------------------------------------

--
-- Table structure for table `backend_paradetail`
--

CREATE TABLE `backend_paradetail` (
  `paradet_id` bigint NOT NULL,
  `det` varchar(255) NOT NULL,
  `rep` varchar(255) NOT NULL,
  `para_id` bigint NOT NULL
) ENGINE=InnoDB DEFAULT CHARSET=utf8mb4 COLLATE=utf8mb4_0900_ai_ci;

--
-- Dumping data for table `backend_paradetail`
--

INSERT INTO `backend_paradetail` (`paradet_id`, `det`, `rep`, `para_id`) VALUES
(1, 'chairman', 'chair', 1),
(2, 'chairman', 'chair', 2),
(3, 'chairman', 'chair', 3),
(4, 'chairman', 'chair', 4),
(5, 'chairman', 'chair', 5),
(6, 'chairman', 'chairperson', 6);

-- --------------------------------------------------------

--
-- Table structure for table `backend_paraphrase`
--

CREATE TABLE `backend_paraphrase` (
  `para_id` bigint NOT NULL,
  `para_at` datetime(6) NOT NULL,
  `txt` longtext,
  `user_id` bigint NOT NULL
) ENGINE=InnoDB DEFAULT CHARSET=utf8mb4 COLLATE=utf8mb4_0900_ai_ci;

--
-- Dumping data for table `backend_paraphrase`
--

INSERT INTO `backend_paraphrase` (`para_id`, `para_at`, `txt`, `user_id`) VALUES
(1, '2023-07-25 05:24:45.037631', 'chairman', 1),
(2, '2023-07-25 05:27:49.431312', 'chairman', 1),
(3, '2023-07-25 05:29:17.315590', 'chairman', 1),
(4, '2023-07-25 05:30:50.703759', 'chairman', 1),
(5, '2023-07-25 05:34:55.901279', 'chairman', 2),
(6, '2023-07-25 05:38:12.007990', 'chairman', 2);

-- --------------------------------------------------------

--
-- Table structure for table `backend_repdetail`
--

CREATE TABLE `backend_repdetail` (
  `repdet_id` bigint NOT NULL,
  `det` varchar(255) NOT NULL,
  `rep` varchar(255) NOT NULL,
  `repl_id` bigint NOT NULL
) ENGINE=InnoDB DEFAULT CHARSET=utf8mb4 COLLATE=utf8mb4_0900_ai_ci;

--
-- Dumping data for table `backend_repdetail`
--

INSERT INTO `backend_repdetail` (`repdet_id`, `det`, `rep`, `repl_id`) VALUES
(1, 'chairman', 'chairperson', 1),
(2, 'chairman', 'chairperson', 2);

-- --------------------------------------------------------

--
-- Table structure for table `backend_replacement`
--

CREATE TABLE `backend_replacement` (
  `repl_id` bigint NOT NULL,
  `repl_at` datetime(6) NOT NULL,
  `user_id` bigint NOT NULL
) ENGINE=InnoDB DEFAULT CHARSET=utf8mb4 COLLATE=utf8mb4_0900_ai_ci;

--
-- Dumping data for table `backend_replacement`
--

INSERT INTO `backend_replacement` (`repl_id`, `repl_at`, `user_id`) VALUES
(1, '2023-07-25 05:30:54.220443', 1),
(2, '2023-07-25 05:35:01.631711', 2),
(3, '2023-07-25 06:06:45.611503', 2);

-- --------------------------------------------------------

--
-- Table structure for table `backend_user`
--

CREATE TABLE `backend_user` (
  `user_id` bigint NOT NULL,
  `name` varchar(255) NOT NULL,
  `phone` varchar(255) NOT NULL,
  `email` varchar(255) NOT NULL,
  `uname` varchar(255) NOT NULL,
  `pswd` varchar(255) NOT NULL,
  `utype` varchar(255) NOT NULL,
  `verified` tinyint(1) NOT NULL,
  `token` varchar(255) NOT NULL
) ENGINE=InnoDB DEFAULT CHARSET=utf8mb4 COLLATE=utf8mb4_0900_ai_ci;

--
-- Dumping data for table `backend_user`
--

INSERT INTO `backend_user` (`user_id`, `name`, `phone`, `email`, `uname`, `pswd`, `utype`, `verified`, `token`) VALUES
(1, 'Moses Ines Alcantara', '+639685913442', 'mosesalcantara123@gmail.com', 'moses123', 'pass_123', 'admin', 1, '46jSSyrC'),
(2, 'Stefano Alcantara', '09294945769', 'bonzealcantara@gmail.com', 'bonze123', 'pass_123', 'user', 1, 'WcN0nzKd');

-- --------------------------------------------------------

--
-- Table structure for table `django_admin_log`
--

CREATE TABLE `django_admin_log` (
  `id` int NOT NULL,
  `action_time` datetime(6) NOT NULL,
  `object_id` longtext,
  `object_repr` varchar(200) NOT NULL,
  `action_flag` smallint UNSIGNED NOT NULL,
  `change_message` longtext NOT NULL,
  `content_type_id` int DEFAULT NULL,
  `user_id` int NOT NULL
) ;

-- --------------------------------------------------------

--
-- Table structure for table `django_content_type`
--

CREATE TABLE `django_content_type` (
  `id` int NOT NULL,
  `app_label` varchar(100) NOT NULL,
  `model` varchar(100) NOT NULL
) ENGINE=InnoDB DEFAULT CHARSET=utf8mb4 COLLATE=utf8mb4_0900_ai_ci;

--
-- Dumping data for table `django_content_type`
--

INSERT INTO `django_content_type` (`id`, `app_label`, `model`) VALUES
(7, 'admin', 'logentry'),
(9, 'auth', 'group'),
(8, 'auth', 'permission'),
(10, 'auth', 'user'),
(13, 'backend', 'dataset'),
(16, 'backend', 'paradetail'),
(14, 'backend', 'paraphrase'),
(17, 'backend', 'repdetail'),
(18, 'backend', 'replacement'),
(15, 'backend', 'user'),
(11, 'contenttypes', 'contenttype'),
(1, 'main', 'data_set'),
(6, 'main', 'paradetail'),
(5, 'main', 'paraphrase'),
(4, 'main', 'repdetail'),
(3, 'main', 'replacement'),
(2, 'main', 'user'),
(12, 'sessions', 'session');

-- --------------------------------------------------------

--
-- Table structure for table `django_migrations`
--

CREATE TABLE `django_migrations` (
  `id` bigint NOT NULL,
  `app` varchar(255) NOT NULL,
  `name` varchar(255) NOT NULL,
  `applied` datetime(6) NOT NULL
) ENGINE=InnoDB DEFAULT CHARSET=utf8mb4 COLLATE=utf8mb4_0900_ai_ci;

--
-- Dumping data for table `django_migrations`
--

INSERT INTO `django_migrations` (`id`, `app`, `name`, `applied`) VALUES
(1, 'contenttypes', '0001_initial', '2023-04-27 18:19:00.908499'),
(2, 'auth', '0001_initial', '2023-04-27 18:19:01.668210'),
(3, 'admin', '0001_initial', '2023-04-27 18:19:01.841443'),
(4, 'admin', '0002_logentry_remove_auto_add', '2023-04-27 18:19:01.868414'),
(5, 'admin', '0003_logentry_add_action_flag_choices', '2023-04-27 18:19:01.895821'),
(6, 'contenttypes', '0002_remove_content_type_name', '2023-04-27 18:19:02.060355'),
(7, 'auth', '0002_alter_permission_name_max_length', '2023-04-27 18:19:02.207017'),
(8, 'auth', '0003_alter_user_email_max_length', '2023-04-27 18:19:02.273601'),
(9, 'auth', '0004_alter_user_username_opts', '2023-04-27 18:19:02.283547'),
(10, 'auth', '0005_alter_user_last_login_null', '2023-04-27 18:19:02.442007'),
(11, 'auth', '0006_require_contenttypes_0002', '2023-04-27 18:19:02.447164'),
(12, 'auth', '0007_alter_validators_add_error_messages', '2023-04-27 18:19:02.459915'),
(13, 'auth', '0008_alter_user_username_max_length', '2023-04-27 18:19:02.549590'),
(14, 'auth', '0009_alter_user_last_name_max_length', '2023-04-27 18:19:02.629269'),
(15, 'auth', '0010_alter_group_name_max_length', '2023-04-27 18:19:02.692658'),
(16, 'auth', '0011_update_proxy_permissions', '2023-04-27 18:19:02.724953'),
(17, 'auth', '0012_alter_user_first_name_max_length', '2023-04-27 18:19:02.892334'),
(18, 'main', '0001_initial', '2023-04-27 18:19:03.464136'),
(19, 'sessions', '0001_initial', '2023-04-27 18:19:03.565690'),
(20, 'main', '0002_rename_password_user_pswd', '2023-04-28 13:36:35.998832'),
(21, 'main', '0003_rename_det_word_paradetail_det_and_more', '2023-04-28 13:38:31.079972'),
(22, 'main', '0004_rename_para_id_paradetail_para_and_more', '2023-04-28 16:03:45.405598'),
(23, 'main', '0005_user_reset', '2023-05-24 03:04:29.921874'),
(24, 'main', '0006_rename_reset_user_token', '2023-05-24 04:49:23.139198'),
(25, 'main', '0007_user_verified', '2023-05-24 06:45:50.071634'),
(26, 'main', '0008_paraphrase_txt', '2023-06-24 00:24:05.770289'),
(27, 'main', '0009_alter_paraphrase_txt', '2023-06-24 00:26:22.676805'),
(28, 'backend', '0001_initial', '2023-07-25 04:14:43.188115'),
(29, 'backend', '0002_rename_data_set_dataset', '2023-07-25 05:02:30.690162');

-- --------------------------------------------------------

--
-- Table structure for table `django_session`
--

CREATE TABLE `django_session` (
  `session_key` varchar(40) NOT NULL,
  `session_data` longtext NOT NULL,
  `expire_date` datetime(6) NOT NULL
) ENGINE=InnoDB DEFAULT CHARSET=utf8mb4 COLLATE=utf8mb4_0900_ai_ci;

--
-- Dumping data for table `django_session`
--

INSERT INTO `django_session` (`session_key`, `session_data`, `expire_date`) VALUES
('1z98v9tnb41dqv5l470jh10gzahm7vum', '.eJwViksKwCAMBe-StRT6WbnyAj1DCRpEMFr8LErp3ZusHm9mXpid2pUC2MMAMaYMFrh26pg9loEN1213Uc3iK4OBWZBJqlMrkYrGcyvCwKnIzzXK2tEmfT93VCD5:1qDGbE:xYf27AxArlvuDjoIJdbju-lFUMnpfPJjzhMOwXzfkYs', '2023-07-09 03:39:40.716555'),
('4qov0nzyt4xdcl4rh0rvh1i2sl4io4qx', '.eJwViksKwCAMBe-StRT6WbnyAj1DCRpEMFr8LErp3ZusHm9mXpid2pUC2MMAMaYMFrh26pg9loEN1213Uc3iK4OBWZBJqlMrkYrGcyvCwKnIzzXK2tEmfT93VCD5:1pwzLx:UKr3mb8T9gsV2ezjm8dGnKQrLrwrtQt635W-2DINAaQ', '2023-05-25 06:00:37.426840'),
('53a44rogz1g056l4md91q0rtugqdzgx6', '.eJwViksKwCAMBe-StRT6WbnyAj1DCRpEMFr8LErp3ZusHm9mXpid2pUC2MMAMaYMFrh26pg9loEN1213Uc3iK4OBWZBJqlMrkYrGcyvCwKnIzzXK2tEmfT93VCD5:1pwOfM:rOLqgoEO83q_ecpAKhR9eBPQNqoxGVn8mdKxw1ESQ5c', '2023-05-23 14:50:12.508386'),
('91eth7mg3k5gdj2jb10h28em3fpmmb47', '.eJyrViotTi3KS8xNVbJScsrPq0o1NDJW0gGLxmemKFmZ6Cil5iZm5gClc_OLU4sTc5IT80oSixKB6hzSQTJ6yfm5IB1QQ3xBqqCGlFQWgIQSU3Iz84D8nPx0IG1VUlSaWgsAe0Un2w:1q3Rmm:g1KMF1wpLjKmDgtdUFTGFkQ1M1jzsDq-4ChPm7E5LNg', '2023-06-12 01:35:00.463441'),
('fwswu80ckumeoqxyxvit7hqb4q702g36', '.eJwViksKwCAMBe-StRT6WbnyAj1DCRpEMFr8LErp3ZusHm9mXpid2pUC2MMAMaYMFrh26pg9loEN1213Uc3iK4OBWZBJqlMrkYrGcyvCwKnIzzXK2tEmfT93VCD5:1pw40L:zQK4ORUooRr2P8_02NsTFvZtz_8c3_iwcsq-z-J_DRU', '2023-05-22 16:46:29.405160'),
('hy7wzlsf9x9hv5055s5ybf59k75kgjq7', '.eJyrViotTi2Kz0xRsjLSUUrNTczMUbJSSsrPq0pNzElOzCtJLEp0SAcJ6yXn5yrpKJXmJeamApU4gZQYGhmDhEoqC0BCIJOA3Jz89Mw8JauSotLUWgAJJyAF:1puPow:fqu1B5knYHAi3sIyLV2uuADf73sAFamqKhJQ49f6_-M', '2023-05-18 03:39:54.768845'),
('jsc14k0gx1l8ekfkf51wvicnq7egys1m', '.eJyrViotTi2Kz0xRsjLWUUrNTczMUbJSSk7MSc4szc2oTNEzdkgHCeol5-cq6SiV5iXmpiIUGBmAxEoqC0BiiSm5mXlAfk5-OpC2KikqTa0FAO7WH7s:1psaxu:zlkxZz2rywd3-qRwDgFML8RXGnoMjpcylWc34WH0nnY', '2023-05-13 03:09:38.321126'),
('kq6olm3cxjkqsrvssm2or1gzwik6059r', '.eJwViksKwCAMBe-StRT6WbnyAj1DCRpEMFr8LErp3ZusHm9mXpid2pUC2MMAMaYMFrh26pg9loEN1213Uc3iK4OBWZBJqlMrkYrGcyvCwKnIzzXK2tEmfT93VCD5:1puOaa:K36S0zGxWlmCcnMGDNoazneikgNaFWfpzTej-A6dZ9s', '2023-05-18 02:21:00.307462'),
('l5ufwut5jhj4okea1dm1pyydpznb8pne', '.eJw1irsKwCAQBP9lawmYdFb-STj0EMHT4KMIIf8eLVItM7MPRuN6Rg-jFVgoJhhIadwoOcqdKun9sGGVzRWBwsgk_L9mXKrf11LkJebJqYS5ptfB7wd7LCEW:1qOBJK:2Ey9mRZXTXOh1o72yoTBsTdtvsbi-FgVPqzuuD7Rue4', '2023-08-08 06:14:18.832555'),
('nm3r3oia6z2nj6yue49h0pa6mcf5rbz4', '.eJwViksKwCAMBe-StRT6WbnyAj1DCRpEMFr8LErp3ZusHm9mXpid2pUC2MMAMaYMFrh26pg9loEN1213Uc3iK4OBWZBJqlMrkYrGcyvCwKnIzzXK2tEmfT93VCD5:1qD4Km:6Ya4Rqj2_UXbG2jQNMuwG6EjV-1xm-LzkKSYvPnvc4A', '2023-07-08 14:33:52.662961'),
('x5r9m6mr0zf5hni3qbch0d1dqk98moab', '.eJyrViotTi2Kz0xRsjLSUUrNTczMUbJSSsrPq0pNzElOzCtJLEp0SAcJ6yXn5yrpKJXmJeamApU4gZQYGhmDhEoqC0BCIJOA3Jz89Mw8JauSotLUWgAJJyAF:1q2Byk:Rq6eLVH7LPyMWgVHBNkdEVCIILtsdI8klR61CcziGjw', '2023-06-08 14:30:10.550858'),
('y40zgeyg7pqavq7kyru4j2f4gwsn9pmk', '.eJyrViotTi2Kz0xRsjLSUUrNTczMUbJSSsrPq0pNzElOzCtJLEp0SAcJ6yXn5yrpKJXmJeamApU4gZQYGhmDhEoqC0BCIJOA3Jz89Mw8JauSotLUWgAJJyAF:1pt9fw:VYCFmjmLHCtKSy2IKo0vtd0PXloGexjmju_yfQMkARI', '2023-05-14 16:13:24.637578');

-- --------------------------------------------------------

--
-- Table structure for table `main_data_set`
--

CREATE TABLE `main_data_set` (
  `word_id` bigint NOT NULL,
  `word` varchar(255) NOT NULL,
  `sen` varchar(255) NOT NULL
) ENGINE=InnoDB DEFAULT CHARSET=utf8mb4 COLLATE=utf8mb4_0900_ai_ci;

--
-- Dumping data for table `main_data_set`
--

INSERT INTO `main_data_set` (`word_id`, `word`, `sen`) VALUES
(1910, 'abbot', 'sensitive'),
(1911, 'able_seaman', 'sensitive'),
(1912, 'adonis', 'sensitive'),
(1913, 'aircraftsman', 'sensitive'),
(1914, 'aircrewman', 'sensitive'),
(1915, 'alderman', 'sensitive'),
(1916, 'altar_boy', 'sensitive'),
(1917, 'ape-man', 'sensitive'),
(1918, 'apostle', 'sensitive'),
(1919, 'archbishop', 'sensitive'),
(1920, 'archdeacon', 'sensitive'),
(1921, 'archpriest', 'sensitive'),
(1922, 'armiger', 'sensitive'),
(1923, 'armiger', 'sensitive'),
(1924, 'artilleryman', 'sensitive'),
(1925, 'assemblyman', 'sensitive'),
(1926, 'augustinian', 'sensitive'),
(1927, 'austin_friar', 'sensitive'),
(1928, 'babu', 'sensitive'),
(1929, 'bacchant', 'sensitive'),
(1930, 'bachelor', 'sensitive'),
(1931, 'backroom_boy', 'sensitive'),
(1932, 'baggageman', 'sensitive'),
(1933, 'bagman', 'sensitive'),
(1934, 'ball_boy', 'sensitive'),
(1935, 'ballet_master', 'sensitive'),
(1936, 'bandsman', 'sensitive'),
(1937, 'baritone', 'sensitive'),
(1938, 'baron', 'sensitive'),
(1939, 'baron', 'sensitive'),
(1940, 'baron', 'sensitive'),
(1941, 'basileus', 'sensitive'),
(1942, 'bass', 'sensitive'),
(1943, 'bat_boy', 'sensitive'),
(1944, 'batman', 'sensitive'),
(1945, 'beadsman', 'sensitive'),
(1946, 'beggarman', 'sensitive'),
(1947, 'bellboy', 'sensitive'),
(1948, 'benedick', 'sensitive'),
(1949, 'best_man', 'sensitive'),
(1950, 'bey', 'sensitive'),
(1951, 'bey', 'sensitive'),
(1952, 'big_brother', 'sensitive'),
(1953, 'black_man', 'sensitive'),
(1954, 'blade', 'sensitive'),
(1955, 'blood_brother', 'sensitive'),
(1956, 'boatman', 'sensitive'),
(1957, 'bondman', 'sensitive'),
(1958, 'bondman', 'sensitive'),
(1959, 'bondsman', 'sensitive'),
(1960, 'border_patrolman', 'sensitive'),
(1961, 'boy', 'sensitive'),
(1962, 'boy', 'sensitive'),
(1963, 'boy_scout', 'sensitive'),
(1964, 'boy_scout', 'sensitive'),
(1965, 'boy_wonder', 'sensitive'),
(1966, 'boyfriend', 'sensitive'),
(1967, 'brahman', 'sensitive'),
(1968, 'brakeman', 'sensitive'),
(1969, 'broth_of_a_boy', 'sensitive'),
(1970, 'brother', 'sensitive'),
(1971, 'brother', 'sensitive'),
(1972, 'brother', 'sensitive'),
(1973, 'brother', 'sensitive'),
(1974, 'brother-in-law', 'sensitive'),
(1975, 'brunet', 'sensitive'),
(1976, 'buddy', 'sensitive'),
(1977, 'bull', 'sensitive'),
(1978, 'bullyboy', 'sensitive'),
(1979, 'burgrave', 'sensitive'),
(1980, 'burgrave', 'sensitive'),
(1981, 'busboy', 'sensitive'),
(1982, 'bushman', 'sensitive'),
(1983, 'bushman', 'sensitive'),
(1984, 'businessman', 'sensitive'),
(1985, 'butler', 'sensitive'),
(1986, 'cabin_boy', 'sensitive'),
(1987, 'cameraman', 'sensitive'),
(1988, 'capo', 'sensitive'),
(1989, 'career_man', 'sensitive'),
(1990, 'casanova', 'sensitive'),
(1991, 'castrato', 'sensitive'),
(1992, 'catamite', 'sensitive'),
(1993, 'cattleman', 'sensitive'),
(1994, 'cavalier', 'sensitive'),
(1995, 'cavalier', 'sensitive'),
(1996, 'cavalryman', 'sensitive'),
(1997, 'cavalryman', 'sensitive'),
(1998, 'caveman', 'sensitive'),
(1999, 'centurion', 'sensitive'),
(2000, 'chairman_of_the_board', 'sensitive'),
(2001, 'chairman', 'sensitive'),
(2002, 'chairmen', 'sensitive'),
(2003, 'chapman', 'sensitive'),
(2004, 'charon', 'sensitive'),
(2005, 'choirboy', 'sensitive'),
(2006, 'church_father', 'sensitive'),
(2007, 'city_man', 'sensitive'),
(2008, 'clansman', 'sensitive'),
(2009, 'clergyman', 'sensitive'),
(2010, 'cleric', 'sensitive'),
(2011, 'closet_queen', 'sensitive'),
(2012, 'coachman', 'sensitive'),
(2013, 'coalman', 'sensitive'),
(2014, 'coastguardsman', 'sensitive'),
(2015, 'codger', 'sensitive'),
(2016, 'coiffeur', 'sensitive'),
(2017, 'committeeman', 'sensitive'),
(2018, 'company_man', 'sensitive'),
(2019, 'confidence_man', 'sensitive'),
(2020, 'congressman', 'sensitive'),
(2021, 'cornishman', 'sensitive'),
(2022, 'councilman', 'sensitive'),
(2023, 'count', 'sensitive'),
(2024, 'countertenor', 'sensitive'),
(2025, 'countryman', 'sensitive'),
(2026, 'countryman', 'sensitive'),
(2027, 'cowboy', 'sensitive'),
(2028, 'cowboy', 'sensitive'),
(2029, 'cowboy', 'sensitive'),
(2030, 'craftsman', 'sensitive'),
(2031, 'craftsman', 'sensitive'),
(2032, 'craftsman', 'sensitive'),
(2033, 'crewman', 'sensitive'),
(2034, 'crewman', 'sensitive'),
(2035, 'crown_prince', 'sensitive'),
(2036, 'cub', 'sensitive'),
(2037, 'cub_scout', 'sensitive'),
(2038, 'cuckold', 'sensitive'),
(2039, 'curandero', 'sensitive'),
(2040, 'cyril', 'sensitive'),
(2041, 'czar', 'sensitive'),
(2042, 'dad', 'sensitive'),
(2043, 'dairyman', 'sensitive'),
(2044, 'dairyman', 'sensitive'),
(2045, 'dalesman', 'sensitive'),
(2046, 'dandy', 'sensitive'),
(2047, 'danseur', 'sensitive'),
(2048, 'dauphin', 'sensitive'),
(2049, 'dayboy', 'sensitive'),
(2050, 'deacon', 'sensitive'),
(2051, 'deacon', 'sensitive'),
(2052, 'deadbeat_dad', 'sensitive'),
(2053, 'dean', 'sensitive'),
(2054, 'deliveryman', 'sensitive'),
(2055, 'dirty_old_man', 'sensitive'),
(2056, 'dog', 'sensitive'),
(2057, 'doge', 'sensitive'),
(2058, 'domestic_prelate', 'sensitive'),
(2059, 'don', 'sensitive'),
(2060, 'don_juan', 'sensitive'),
(2061, 'doorkeeper', 'sensitive'),
(2062, 'doughboy', 'sensitive'),
(2063, 'draftsman', 'sensitive'),
(2064, 'draftsman', 'sensitive'),
(2065, 'dragoman', 'sensitive'),
(2066, 'duke', 'sensitive'),
(2067, 'dutch_uncle', 'sensitive'),
(2068, 'eagle_scout', 'sensitive'),
(2069, 'earl', 'sensitive'),
(2070, 'earl_marshal', 'sensitive'),
(2071, 'ejaculator', 'sensitive'),
(2072, 'elder_statesman', 'sensitive'),
(2073, 'elder_statesman', 'sensitive'),
(2074, 'elector', 'sensitive'),
(2075, 'emir', 'sensitive'),
(2076, 'emperor', 'sensitive'),
(2077, 'end_man', 'sensitive'),
(2078, 'end_man', 'sensitive'),
(2079, 'englishman', 'sensitive'),
(2080, 'enlisted_man', 'sensitive'),
(2081, 'ent_man', 'sensitive'),
(2082, 'eparch', 'sensitive'),
(2083, 'esquire', 'sensitive'),
(2084, 'esquire', 'sensitive'),
(2085, 'ethnarch', 'sensitive'),
(2086, 'everyman', 'sensitive'),
(2087, 'ex-boyfriend', 'sensitive'),
(2088, 'ex-husband', 'sensitive'),
(2089, 'exarch', 'sensitive'),
(2090, 'exarch', 'sensitive'),
(2091, 'exarch', 'sensitive'),
(2092, 'excavator', 'sensitive'),
(2093, 'family_man', 'sensitive'),
(2094, 'fancy_man', 'sensitive'),
(2095, 'farm_boy', 'sensitive'),
(2096, 'fathead', 'sensitive'),
(2097, 'father', 'sensitive'),
(2098, 'father', 'sensitive'),
(2099, 'father', 'sensitive'),
(2100, 'father_figure', 'sensitive'),
(2101, 'father-figure', 'sensitive'),
(2102, 'father-in-law', 'sensitive'),
(2103, 'fauntleroy', 'sensitive'),
(2104, 'favorite_son', 'sensitive'),
(2105, 'fellow', 'sensitive'),
(2106, 'ferryman', 'sensitive'),
(2107, 'feudal_lord', 'sensitive'),
(2108, 'fireman', 'sensitive'),
(2109, 'first_baseman', 'sensitive'),
(2110, 'fisherman', 'sensitive'),
(2111, 'flamen', 'sensitive'),
(2112, 'footman', 'sensitive'),
(2113, 'forefather', 'sensitive'),
(2114, 'forefather', 'sensitive'),
(2115, 'foreman', 'sensitive'),
(2116, 'foreman', 'sensitive'),
(2117, 'foster-brother', 'sensitive'),
(2118, 'foster-father', 'sensitive'),
(2119, 'foster-son', 'sensitive'),
(2120, 'four-minute_man', 'sensitive'),
(2121, 'franklin', 'sensitive'),
(2122, 'freedman', 'sensitive'),
(2123, 'freeman', 'sensitive'),
(2124, 'frenchman', 'sensitive'),
(2125, 'friar', 'sensitive'),
(2126, 'front_man', 'sensitive'),
(2127, 'frontiersman', 'sensitive'),
(2128, 'fugleman', 'sensitive'),
(2129, 'g-man', 'sensitive'),
(2130, 'gagman', 'sensitive'),
(2131, 'gagman', 'sensitive'),
(2132, 'galoot', 'sensitive'),
(2133, 'ganger', 'sensitive'),
(2134, 'garbage_man', 'sensitive'),
(2135, 'gasman', 'sensitive'),
(2136, 'gaucho', 'sensitive'),
(2137, 'gay_man', 'sensitive'),
(2138, 'geezer', 'sensitive'),
(2139, 'gent', 'sensitive'),
(2140, 'gentleman', 'sensitive'),
(2141, 'gentlemen', 'sensitive'),
(2142, 'gillie', 'sensitive'),
(2143, 'gitano', 'sensitive'),
(2144, 'godfather', 'sensitive'),
(2145, 'godfather', 'sensitive'),
(2146, 'godson', 'sensitive'),
(2147, 'goliard', 'sensitive'),
(2148, 'good_old_boy', 'sensitive'),
(2149, 'grand_duke', 'sensitive'),
(2150, 'grandee', 'sensitive'),
(2151, 'grandfather', 'sensitive'),
(2152, 'grandson', 'sensitive'),
(2153, 'grass_widower', 'sensitive'),
(2154, 'great_grandfather', 'sensitive'),
(2155, 'great_grandson', 'sensitive'),
(2156, 'great-nephew', 'sensitive'),
(2157, 'great-uncle', 'sensitive'),
(2158, 'grocery_boy', 'sensitive'),
(2159, 'groom', 'sensitive'),
(2160, 'groom', 'sensitive'),
(2161, 'groomsman', 'sensitive'),
(2162, 'groundsman', 'sensitive'),
(2163, 'guardsman', 'sensitive'),
(2164, 'gunman', 'sensitive'),
(2165, 'gunman', 'sensitive'),
(2166, 'guy', 'sensitive'),
(2167, 'handyman', 'sensitive'),
(2168, 'hangman', 'sensitive'),
(2169, 'hatchet_man', 'sensitive'),
(2170, 'hatchet_man', 'sensitive'),
(2171, 'he', 'sensitive'),
(2172, 'head_linesman', 'sensitive'),
(2173, 'headman', 'sensitive'),
(2174, 'headsman', 'sensitive'),
(2175, 'heidelberg_man', 'sensitive'),
(2176, 'helmsman', 'sensitive'),
(2177, 'herr', 'sensitive'),
(2178, 'him', 'sensitive'),
(2179, 'himself', 'sensitive'),
(2180, 'his', 'sensitive'),
(2181, 'hobbledehoy', 'sensitive'),
(2182, 'holdup_man', 'sensitive'),
(2183, 'holy_roman_emperor', 'sensitive'),
(2184, 'homeboy', 'sensitive'),
(2185, 'homeboy', 'sensitive'),
(2186, 'hooray_henry', 'sensitive'),
(2187, 'horseman', 'sensitive'),
(2188, 'horseman', 'sensitive'),
(2189, 'housefather', 'sensitive'),
(2190, 'husband', 'sensitive'),
(2191, 'iceman', 'sensitive'),
(2192, 'imam', 'sensitive'),
(2193, 'inamorato', 'sensitive'),
(2194, 'indiana', 'sensitive'),
(2195, 'infantryman', 'sensitive'),
(2196, 'irishman', 'sensitive'),
(2197, 'iron_man', 'sensitive'),
(2198, 'ironside', 'sensitive'),
(2199, 'jacob', 'sensitive'),
(2200, 'jawan', 'sensitive'),
(2201, 'jimdandy', 'sensitive'),
(2202, 'john_doe', 'sensitive'),
(2203, 'john_doe', 'sensitive'),
(2204, 'jute', 'sensitive'),
(2205, 'kaiser', 'sensitive'),
(2206, 'kennan', 'sensitive'),
(2207, 'king', 'sensitive'),
(2208, 'king_of_england', 'sensitive'),
(2209, 'king_of_france', 'sensitive'),
(2210, 'king_of_the_germans', 'sensitive'),
(2211, 'kinsman', 'sensitive'),
(2212, 'klansman', 'sensitive'),
(2213, 'knight_of_the_round_table', 'sensitive'),
(2214, 'knight_templar', 'sensitive'),
(2215, 'knight-errant', 'sensitive'),
(2216, 'lackey', 'sensitive'),
(2217, 'lawman', 'sensitive'),
(2218, 'layman', 'sensitive'),
(2219, 'leading_man', 'sensitive'),
(2220, 'letterman', 'sensitive'),
(2221, 'libertine', 'sensitive'),
(2222, 'liege', 'sensitive'),
(2223, 'life_peer', 'sensitive'),
(2224, 'lighterman', 'sensitive'),
(2225, 'limey', 'sensitive'),
(2226, 'lineman', 'sensitive'),
(2227, 'lineman', 'sensitive'),
(2228, 'linesman', 'sensitive'),
(2229, 'linkboy', 'sensitive'),
(2230, 'little_brother', 'sensitive'),
(2231, 'liveryman', 'sensitive'),
(2232, 'lobsterman', 'sensitive'),
(2233, 'longbowman', 'sensitive'),
(2234, 'loon', 'sensitive'),
(2235, 'lord', 'sensitive'),
(2236, 'lord_chancellor', 'sensitive'),
(2237, 'lothario', 'sensitive'),
(2238, 'lounge_lizard', 'sensitive'),
(2239, 'lowerclassman', 'sensitive'),
(2240, 'lumberman', 'sensitive'),
(2241, 'macaroni', 'sensitive'),
(2242, 'macho', 'sensitive'),
(2243, 'mafioso', 'sensitive'),
(2244, 'maharaja', 'sensitive'),
(2245, 'mailman', 'sensitive'),
(2246, 'male', 'sensitive'),
(2248, 'male_aristocrat', 'sensitive'),
(2249, 'male_chauvinist', 'sensitive'),
(2250, 'male_child', 'sensitive'),
(2251, 'male_offspring', 'sensitive'),
(2252, 'male_sibling', 'sensitive'),
(2253, 'malik', 'sensitive'),
(2254, 'man', 'sensitive'),
(2259, 'man_jack', 'sensitive'),
(2260, 'man_of_letters', 'sensitive'),
(2261, 'man_of_means', 'sensitive'),
(2262, 'man-at-arms', 'sensitive'),
(2263, 'manservant', 'sensitive'),
(2264, 'margrave', 'sensitive'),
(2265, 'marksman', 'sensitive'),
(2266, 'marquess', 'sensitive'),
(2267, 'marquis', 'sensitive'),
(2268, 'masseur', 'sensitive'),
(2269, 'medicine_man', 'sensitive'),
(2270, 'men', 'sensitive'),
(2271, 'mesne_lord', 'sensitive'),
(2272, 'messenger_boy', 'sensitive'),
(2273, 'mestizo', 'sensitive'),
(2274, 'middle-aged_man', 'sensitive'),
(2275, 'midshipman', 'sensitive'),
(2276, 'mikado', 'sensitive'),
(2277, 'miles_gloriosus', 'sensitive'),
(2278, 'military_policeman', 'sensitive'),
(2279, 'militiaman', 'sensitive'),
(2280, 'milkman', 'sensitive'),
(2281, 'milord', 'sensitive'),
(2282, 'minuteman', 'sensitive'),
(2283, 'miracle_man', 'sensitive'),
(2284, 'misogynist', 'sensitive'),
(2285, 'mollycoddle', 'sensitive'),
(2286, 'monk', 'sensitive'),
(2287, 'monsieur', 'sensitive'),
(2288, 'monsignor', 'sensitive'),
(2289, 'mother\'s_boy', 'sensitive'),
(2290, 'mother\'s_son', 'sensitive'),
(2291, 'mover', 'sensitive'),
(2292, 'mr.', 'sensitive'),
(2293, 'muffin_man', 'sensitive'),
(2294, 'mullah', 'sensitive'),
(2295, 'muscleman', 'sensitive'),
(2296, 'nabob', 'sensitive'),
(2297, 'nephew', 'sensitive'),
(2298, 'night_watchman', 'sensitive'),
(2299, 'novillero', 'sensitive'),
(2300, 'nuncio', 'sensitive'),
(2301, 'oarsman', 'sensitive'),
(2302, 'office_boy', 'sensitive'),
(2303, 'oilman', 'sensitive'),
(2304, 'oilman', 'sensitive'),
(2305, 'oklahoman', 'sensitive'),
(2306, 'old_boy', 'sensitive'),
(2307, 'old_boy', 'sensitive'),
(2308, 'old_boy', 'sensitive'),
(2309, 'old_man', 'sensitive'),
(2310, 'old_man', 'sensitive'),
(2311, 'old_man', 'sensitive'),
(2312, 'one_of_the_boys', 'sensitive'),
(2313, 'orangeman', 'sensitive'),
(2314, 'ordinary', 'sensitive'),
(2315, 'organization_man', 'sensitive'),
(2316, 'ottoman', 'sensitive'),
(2317, 'outdoorsman', 'sensitive'),
(2318, 'pachuco', 'sensitive'),
(2319, 'page', 'sensitive'),
(2320, 'palatine', 'sensitive'),
(2321, 'paperboy', 'sensitive'),
(2322, 'party_man', 'sensitive'),
(2323, 'pater', 'sensitive'),
(2324, 'patriarch', 'sensitive'),
(2325, 'patriarch', 'sensitive'),
(2326, 'patriarch', 'sensitive'),
(2327, 'pederast', 'sensitive'),
(2328, 'peer', 'sensitive'),
(2329, 'peer_of_the_realm', 'sensitive'),
(2330, 'pendragon', 'sensitive'),
(2331, 'peter_pan', 'sensitive'),
(2332, 'pharaoh', 'sensitive'),
(2333, 'pilate', 'sensitive'),
(2334, 'piltdown_man', 'sensitive'),
(2335, 'pitchman', 'sensitive'),
(2336, 'placeman', 'sensitive'),
(2337, 'plainclothesman', 'sensitive'),
(2338, 'plainsman', 'sensitive'),
(2339, 'plowboy', 'sensitive'),
(2340, 'plowman', 'sensitive'),
(2341, 'point_man', 'sensitive'),
(2342, 'point_man', 'sensitive'),
(2343, 'pointsman', 'sensitive'),
(2344, 'policeman', 'sensitive'),
(2345, 'polycarp', 'sensitive'),
(2346, 'polygynist', 'sensitive'),
(2347, 'ponce', 'sensitive'),
(2348, 'ponce_de_leon', 'sensitive'),
(2349, 'pope', 'sensitive'),
(2350, 'popper', 'sensitive'),
(2351, 'posseman', 'sensitive'),
(2352, 'poster_boy', 'sensitive'),
(2353, 'potboy', 'sensitive'),
(2354, 'poultryman', 'sensitive'),
(2355, 'praetor', 'sensitive'),
(2356, 'priest', 'sensitive'),
(2357, 'prince_of_wales', 'sensitive'),
(2358, 'princeling', 'sensitive'),
(2359, 'princeling', 'sensitive'),
(2360, 'proconsul', 'sensitive'),
(2361, 'property_man', 'sensitive'),
(2362, 'quarryman', 'sensitive'),
(2363, 'raftsman', 'sensitive'),
(2364, 'raja', 'sensitive'),
(2365, 'rake', 'sensitive'),
(2366, 'remittance_man', 'sensitive'),
(2367, 'renaissance_man', 'sensitive'),
(2368, 'renaissance_man', 'sensitive'),
(2369, 'repairman', 'sensitive'),
(2370, 'rifleman', 'sensitive'),
(2371, 'rifleman', 'sensitive'),
(2372, 'right-hand_man', 'sensitive'),
(2373, 'roadman', 'sensitive'),
(2374, 'roman', 'sensitive'),
(2375, 'roman', 'sensitive'),
(2376, 'roman_emperor', 'sensitive'),
(2377, 'romeo', 'sensitive'),
(2378, 'roundsman', 'sensitive'),
(2379, 'sadhu', 'sensitive'),
(2380, 'salesman', 'sensitive'),
(2381, 'samurai', 'sensitive'),
(2382, 'sandboy', 'sensitive'),
(2383, 'sandwichman', 'sensitive'),
(2384, 'sannup', 'sensitive'),
(2385, 'satyr', 'sensitive'),
(2386, 'schoolboy', 'sensitive'),
(2387, 'schoolman', 'sensitive'),
(2388, 'sea_scout', 'sensitive'),
(2389, 'second_baseman', 'sensitive'),
(2390, 'section_man', 'sensitive'),
(2391, 'seducer', 'sensitive'),
(2392, 'seedsman', 'sensitive'),
(2393, 'selectman', 'sensitive'),
(2394, 'senhor', 'sensitive'),
(2395, 'serviceman', 'sensitive'),
(2396, 'shah', 'sensitive'),
(2397, 'shaheed', 'sensitive'),
(2398, 'shaver', 'sensitive'),
(2399, 'sheepman', 'sensitive'),
(2400, 'sheik', 'sensitive'),
(2401, 'shop_boy', 'sensitive'),
(2402, 'showman', 'sensitive'),
(2403, 'showman', 'sensitive'),
(2404, 'sidesman', 'sensitive'),
(2405, 'signalman', 'sensitive'),
(2406, 'signor', 'sensitive'),
(2407, 'signore', 'sensitive'),
(2408, 'simeon', 'sensitive'),
(2409, 'sir', 'sensitive'),
(2410, 'sir', 'sensitive'),
(2411, 'sire', 'sensitive'),
(2412, 'abbess', 'sensitive'),
(2413, 'actress', 'sensitive'),
(2414, 'adulteress', 'sensitive'),
(2415, 'adventuress', 'sensitive'),
(2416, 'amazon', 'sensitive'),
(2417, 'ambassadress', 'sensitive'),
(2418, 'ancestress', 'sensitive'),
(2419, 'archduchess', 'sensitive'),
(2420, 'assemblywoman', 'sensitive'),
(2421, 'au_pair_girl', 'sensitive'),
(2422, 'aunt', 'sensitive'),
(2423, 'authoress', 'sensitive'),
(2424, 'aviatrix', 'sensitive'),
(2425, 'ayah', 'sensitive'),
(2426, 'b-girl', 'sensitive'),
(2427, 'bacchante', 'sensitive'),
(2428, 'bachelor_girl', 'sensitive'),
(2429, 'bag', 'sensitive'),
(2430, 'bag_lady', 'sensitive'),
(2431, 'baggage', 'sensitive'),
(2432, 'ball-buster', 'sensitive'),
(2433, 'ballerina', 'sensitive'),
(2434, 'ballet_mistress', 'sensitive'),
(2435, 'barmaid', 'sensitive'),
(2436, 'baroness', 'sensitive'),
(2437, 'beard', 'sensitive'),
(2438, 'beggarwoman', 'sensitive'),
(2439, 'beguine', 'sensitive'),
(2440, 'begum', 'sensitive'),
(2441, 'beldam', 'sensitive'),
(2442, 'belle', 'sensitive'),
(2443, 'belly_dancer', 'sensitive'),
(2444, 'benefactress', 'sensitive'),
(2445, 'big_sister', 'sensitive'),
(2446, 'black_woman', 'sensitive'),
(2447, 'bluestocking', 'sensitive'),
(2448, 'bobbysoxer', 'sensitive'),
(2449, 'bondwoman', 'sensitive'),
(2450, 'bondwoman', 'sensitive'),
(2451, 'bride', 'sensitive'),
(2452, 'bride', 'sensitive'),
(2453, 'bridesmaid', 'sensitive'),
(2454, 'broad', 'sensitive'),
(2455, 'brownie', 'sensitive'),
(2456, 'businesswoman', 'sensitive'),
(2457, 'butch', 'sensitive'),
(2458, 'call_girl', 'sensitive'),
(2459, 'campfire_girl', 'sensitive'),
(2460, 'canary', 'sensitive'),
(2461, 'career_girl', 'sensitive'),
(2462, 'cat', 'sensitive'),
(2463, 'chachka', 'sensitive'),
(2464, 'chambermaid', 'sensitive'),
(2465, 'charwoman', 'sensitive'),
(2466, 'chairwoman', 'sensitive'),
(2467, 'chatelaine', 'sensitive'),
(2468, 'check_girl', 'sensitive'),
(2469, 'chorus_girl', 'sensitive'),
(2470, 'cinderella', 'sensitive'),
(2471, 'circe', 'sensitive'),
(2472, 'co-ed', 'sensitive'),
(2473, 'coiffeuse', 'sensitive'),
(2474, 'colleen', 'sensitive'),
(2475, 'coloratura', 'sensitive'),
(2476, 'comedienne', 'sensitive'),
(2477, 'comedienne', 'sensitive'),
(2478, 'comfort_woman', 'sensitive'),
(2479, 'committeewoman', 'sensitive'),
(2480, 'concubine', 'sensitive'),
(2481, 'conductress', 'sensitive'),
(2482, 'confidante', 'sensitive'),
(2483, 'contralto', 'sensitive'),
(2484, 'coquette', 'sensitive'),
(2485, 'cornishwoman', 'sensitive'),
(2486, 'councilwoman', 'sensitive'),
(2487, 'countess', 'sensitive'),
(2488, 'countrywoman', 'sensitive'),
(2489, 'countrywoman', 'sensitive'),
(2490, 'cover_girl', 'sensitive'),
(2491, 'cow', 'sensitive'),
(2492, 'cowgirl', 'sensitive'),
(2493, 'crown_princess', 'sensitive'),
(2494, 'crown_princess', 'sensitive'),
(2495, 'curandera', 'sensitive'),
(2496, 'czarina', 'sensitive'),
(2497, 'dairymaid', 'sensitive'),
(2498, 'dame', 'sensitive'),
(2499, 'dame', 'sensitive'),
(2500, 'damsel', 'sensitive'),
(2501, 'daughter', 'sensitive'),
(2502, 'daughter-in-law', 'sensitive'),
(2503, 'daygirl', 'sensitive'),
(2504, 'deaconess', 'sensitive'),
(2505, 'debutante', 'sensitive'),
(2506, 'demimondaine', 'sensitive'),
(2507, 'den_mother', 'sensitive'),
(2508, 'den_mother', 'sensitive'),
(2509, 'divorcee', 'sensitive'),
(2510, 'donna', 'sensitive'),
(2511, 'doyenne', 'sensitive'),
(2512, 'dragon', 'sensitive'),
(2513, 'drum_majorette', 'sensitive'),
(2514, 'drum_majorette', 'sensitive'),
(2515, 'duchess', 'sensitive'),
(2516, 'duenna', 'sensitive'),
(2517, 'embroideress', 'sensitive'),
(2518, 'empress', 'sensitive'),
(2519, 'enchantress', 'sensitive'),
(2520, 'enchantress', 'sensitive'),
(2521, 'englishwoman', 'sensitive'),
(2522, 'enlisted_woman', 'sensitive'),
(2523, 'ex-wife', 'sensitive'),
(2524, 'executrix', 'sensitive'),
(2525, 'eyeful', 'sensitive'),
(2526, 'fairy_godmother', 'sensitive'),
(2527, 'farm_girl', 'sensitive'),
(2528, 'farmerette', 'sensitive'),
(2529, 'female', 'sensitive'),
(2530, 'female', 'sensitive'),
(2531, 'female_aristocrat', 'sensitive'),
(2532, 'female_child', 'sensitive'),
(2533, 'female_offspring', 'sensitive'),
(2534, 'female_sibling', 'sensitive'),
(2535, 'fiancee', 'sensitive'),
(2536, 'first_lady', 'sensitive'),
(2537, 'first_lady', 'sensitive'),
(2538, 'flapper', 'sensitive'),
(2539, 'flibbertigibbet', 'sensitive'),
(2540, 'flower_girl', 'sensitive'),
(2541, 'flower_girl', 'sensitive'),
(2542, 'foremother', 'sensitive'),
(2543, 'forewoman', 'sensitive'),
(2544, 'forewoman', 'sensitive'),
(2545, 'foster-daughter', 'sensitive'),
(2546, 'foster-mother', 'sensitive'),
(2547, 'foster-nurse', 'sensitive'),
(2548, 'foster-sister', 'sensitive'),
(2549, 'foundress', 'sensitive'),
(2550, 'frontierswoman', 'sensitive'),
(2551, 'frump', 'sensitive'),
(2552, 'gal', 'sensitive'),
(2553, 'gamine', 'sensitive'),
(2554, 'gamine', 'sensitive'),
(2555, 'geisha', 'sensitive'),
(2556, 'gibson_girl', 'sensitive'),
(2557, 'girl', 'sensitive'),
(2558, 'girl', 'sensitive'),
(2559, 'girl_friday', 'sensitive'),
(2560, 'girl_scout', 'sensitive'),
(2561, 'girl_wonder', 'sensitive'),
(2562, 'girlfriend', 'sensitive'),
(2563, 'girlfriend', 'sensitive'),
(2564, 'gitana', 'sensitive'),
(2565, 'goddaughter', 'sensitive'),
(2566, 'godmother', 'sensitive'),
(2567, 'gold_digger', 'sensitive'),
(2568, 'golf_widow', 'sensitive'),
(2569, 'governess', 'sensitive'),
(2570, 'grand_duchess', 'sensitive'),
(2571, 'granddaughter', 'sensitive'),
(2572, 'grande_dame', 'sensitive'),
(2573, 'granny', 'sensitive'),
(2574, 'gravida', 'sensitive'),
(2575, 'great_granddaughter', 'sensitive'),
(2576, 'great_grandmother', 'sensitive'),
(2577, 'great-aunt', 'sensitive'),
(2578, 'great-niece', 'sensitive'),
(2579, 'groupie', 'sensitive'),
(2580, 'hag', 'sensitive'),
(2581, 'half_sister', 'sensitive'),
(2582, 'handmaid', 'sensitive'),
(2583, 'harridan', 'sensitive'),
(2584, 'headmistress', 'sensitive'),
(2585, 'heiress', 'sensitive'),
(2586, 'her', 'sensitive'),
(2587, 'her', 'sensitive'),
(2588, 'heroine', 'sensitive'),
(2589, 'hers', 'sensitive'),
(2590, 'herself', 'sensitive'),
(2591, 'homegirl', 'sensitive'),
(2592, 'honest_woman', 'sensitive'),
(2593, 'horsewoman', 'sensitive'),
(2594, 'hostess', 'sensitive'),
(2595, 'hostess', 'sensitive'),
(2596, 'housemother', 'sensitive'),
(2597, 'housewife', 'sensitive'),
(2598, 'huntress', 'sensitive'),
(2599, 'idolatress', 'sensitive'),
(2600, 'inamorata', 'sensitive'),
(2601, 'ingenue', 'sensitive'),
(2602, 'ingenue', 'sensitive'),
(2603, 'instructress', 'sensitive'),
(2604, 'irishwoman', 'sensitive'),
(2605, 'jane_doe', 'sensitive'),
(2606, 'jewess', 'sensitive'),
(2607, 'jezebel', 'sensitive'),
(2608, 'jilt', 'sensitive'),
(2609, 'kinswoman', 'sensitive'),
(2610, 'ladies', 'sensitive'),
(2611, 'lady', 'sensitive'),
(2612, 'lady', 'sensitive'),
(2613, 'lady\'s_maid', 'sensitive'),
(2614, 'ladylove', 'sensitive'),
(2615, 'landlady', 'sensitive'),
(2616, 'lass', 'sensitive'),
(2617, 'leading_lady', 'sensitive'),
(2618, 'light-o\'-love', 'sensitive'),
(2619, 'little_sister', 'sensitive'),
(2620, 'lollipop_lady', 'sensitive'),
(2621, 'ma', 'sensitive'),
(2622, 'ma\'am', 'sensitive'),
(2623, 'madam', 'sensitive'),
(2624, 'madam', 'sensitive'),
(2625, 'madame', 'sensitive'),
(2626, 'madwoman', 'sensitive'),
(2627, 'maenad', 'sensitive'),
(2628, 'maenad', 'sensitive'),
(2629, 'maharani', 'sensitive'),
(2630, 'maid', 'sensitive'),
(2631, 'maid', 'sensitive'),
(2632, 'maiden_aunt', 'sensitive'),
(2633, 'mamma', 'sensitive'),
(2634, 'mammy', 'sensitive'),
(2635, 'manageress', 'sensitive'),
(2636, 'mannequin', 'sensitive'),
(2637, 'marchioness', 'sensitive'),
(2638, 'marchioness', 'sensitive'),
(2639, 'matriarch', 'sensitive'),
(2640, 'matriarch', 'sensitive'),
(2641, 'matron', 'sensitive'),
(2642, 'matron', 'sensitive'),
(2643, 'matron', 'sensitive'),
(2644, 'matron_of_honor', 'sensitive'),
(2645, 'may_queen', 'sensitive'),
(2646, 'mayoress', 'sensitive'),
(2647, 'mayoress', 'sensitive'),
(2648, 'mediatrix', 'sensitive'),
(2649, 'memsahib', 'sensitive'),
(2650, 'mestiza', 'sensitive'),
(2651, 'meter_maid', 'sensitive'),
(2652, 'midwife', 'sensitive'),
(2653, 'milady', 'sensitive'),
(2654, 'mill-girl', 'sensitive'),
(2655, 'millionairess', 'sensitive'),
(2656, 'miss', 'sensitive'),
(2657, 'missus', 'sensitive'),
(2658, 'mistress', 'sensitive'),
(2659, 'mistress', 'sensitive'),
(2660, 'mother', 'sensitive'),
(2661, 'mother', 'sensitive'),
(2662, 'mother', 'sensitive'),
(2663, 'mother_figure', 'sensitive'),
(2664, 'mother_hen', 'sensitive'),
(2665, 'mother-in-law', 'sensitive'),
(2666, 'mother\'s_daughter', 'sensitive'),
(2667, 'mrs.', 'sensitive'),
(2668, 'ms.', 'sensitive'),
(2669, 'murderess', 'sensitive'),
(2670, 'muslimah', 'sensitive'),
(2671, 'nan', 'sensitive'),
(2672, 'nanny', 'sensitive'),
(2673, 'nautch_girl', 'sensitive'),
(2674, 'negotiatress', 'sensitive'),
(2675, 'negress', 'sensitive'),
(2676, 'newswoman', 'sensitive'),
(2677, 'niece', 'sensitive'),
(2678, 'niqaabi', 'sensitive'),
(2679, 'nullipara', 'sensitive'),
(2680, 'nun', 'sensitive'),
(2681, 'nymph', 'sensitive'),
(2682, 'nymphet', 'sensitive'),
(2683, 'nymphomaniac', 'sensitive'),
(2684, 'oarswoman', 'sensitive'),
(2685, 'odalisque', 'sensitive'),
(2686, 'old_lady', 'sensitive'),
(2687, 'old_woman', 'sensitive'),
(2688, 'outdoorswoman', 'sensitive'),
(2689, 'parisienne', 'sensitive'),
(2690, 'parlormaid', 'sensitive'),
(2691, 'party_girl', 'sensitive'),
(2692, 'patroness', 'sensitive'),
(2693, 'peri', 'sensitive'),
(2694, 'poetess', 'sensitive'),
(2695, 'point_woman', 'sensitive'),
(2696, 'police_matron', 'sensitive'),
(2697, 'polyandrist', 'sensitive'),
(2698, 'poseuse', 'sensitive'),
(2699, 'poster_girl', 'sensitive'),
(2700, 'postmistress', 'sensitive'),
(2701, 'priestess', 'sensitive'),
(2702, 'prima_ballerina', 'sensitive'),
(2703, 'prima_donna', 'sensitive'),
(2704, 'primigravida', 'sensitive'),
(2705, 'primipara', 'sensitive'),
(2706, 'prince_consort', 'sensitive'),
(2707, 'princess', 'sensitive'),
(2708, 'princess_royal', 'sensitive'),
(2709, 'procuress', 'sensitive'),
(2710, 'prophetess', 'sensitive'),
(2711, 'proprietress', 'sensitive'),
(2712, 'protegee', 'sensitive'),
(2713, 'puerpera', 'sensitive'),
(2714, 'quadripara', 'sensitive'),
(2715, 'queen', 'sensitive'),
(2716, 'queen', 'sensitive'),
(2717, 'queen', 'sensitive'),
(2718, 'queen_consort', 'sensitive'),
(2719, 'queen_dowager', 'sensitive'),
(2720, 'queen_mother', 'sensitive'),
(2721, 'queen_of_england', 'sensitive'),
(2722, 'queen_regent', 'sensitive'),
(2723, 'quintipara', 'sensitive'),
(2724, 'rani', 'sensitive'),
(2725, 'rhea_silvia', 'sensitive'),
(2726, 'ring_girl', 'sensitive'),
(2727, 'rosebud', 'sensitive'),
(2728, 'salesgirl', 'sensitive'),
(2729, 'schoolgirl', 'sensitive'),
(2730, 'schoolmarm', 'sensitive'),
(2731, 'scold', 'sensitive'),
(2732, 'scotswoman', 'sensitive'),
(2733, 'sculptress', 'sensitive'),
(2734, 'secundigravida', 'sensitive'),
(2735, 'seductress', 'sensitive'),
(2736, 'selectwoman', 'sensitive'),
(2737, 'servant_girl', 'sensitive'),
(2738, 'sex_kitten', 'sensitive'),
(2739, 'she', 'sensitive'),
(2740, 'she-devil', 'sensitive'),
(2741, 'sheika', 'sensitive'),
(2742, 'shepherdess', 'sensitive'),
(2743, 'shiksa', 'sensitive'),
(2744, 'shop_girl', 'sensitive'),
(2745, 'shrew', 'sensitive'),
(2746, 'sibyl', 'sensitive'),
(2747, 'sibyl', 'sensitive'),
(2748, 'signora', 'sensitive'),
(2749, 'signorina', 'sensitive'),
(2750, 'sister', 'sensitive'),
(2751, 'sister', 'sensitive'),
(2752, 'sister', 'sensitive'),
(2753, 'sister-in-law', 'sensitive'),
(2754, 'skivvy', 'sensitive'),
(2755, 'slattern', 'sensitive'),
(2756, 'smasher', 'sensitive'),
(2757, 'songstress', 'sensitive'),
(2758, 'soprano', 'sensitive'),
(2759, 'sorceress', 'sensitive'),
(2760, 'soubrette', 'sensitive'),
(2761, 'spinster', 'sensitive'),
(2762, 'spitfire', 'sensitive'),
(2763, 'spokeswoman', 'sensitive'),
(2764, 'squaw', 'sensitive'),
(2765, 'squire', 'sensitive'),
(2766, 'starlet', 'sensitive'),
(2767, 'stateswoman', 'sensitive'),
(2768, 'stepdaughter', 'sensitive'),
(2769, 'stepmother', 'sensitive'),
(2770, 'stewardess', 'sensitive'),
(2771, 'suffragette', 'sensitive'),
(2772, 'supermom', 'sensitive'),
(2773, 'surrogate_mother', 'sensitive'),
(2774, 'sweater_girl', 'sensitive'),
(2775, 'sylph', 'sensitive'),
(2776, 'taskmistress', 'sensitive'),
(2777, 'taxi_dancer', 'sensitive'),
(2778, 'tertigravida', 'sensitive'),
(2779, 'test-tube_baby', 'sensitive'),
(2780, 'testatrix', 'sensitive'),
(2781, 'thrush', 'sensitive'),
(2782, 'toast_mistress', 'sensitive'),
(2783, 'tomboy', 'sensitive'),
(2784, 'torch_singer', 'sensitive'),
(2785, 'traitress', 'sensitive'),
(2786, 'trophy_wife', 'sensitive'),
(2787, 'undoer', 'sensitive'),
(2788, 'unmarried_woman', 'sensitive'),
(2789, 'unpleasant_woman', 'sensitive'),
(2790, 'usherette', 'sensitive'),
(2791, 'uxor', 'sensitive'),
(2792, 'valley_girl', 'sensitive'),
(2793, 'vestal', 'sensitive'),
(2794, 'vestal_virgin', 'sensitive'),
(2795, 'vestrywoman', 'sensitive'),
(2796, 'villainess', 'sensitive'),
(2797, 'virago', 'sensitive'),
(2798, 'viscountess', 'sensitive'),
(2799, 'viscountess', 'sensitive'),
(2800, 'wac', 'sensitive'),
(2801, 'waitress', 'sensitive'),
(2802, 'wanton', 'sensitive'),
(2803, 'war_bride', 'sensitive'),
(2804, 'war_widow', 'sensitive'),
(2805, 'wardress', 'sensitive'),
(2806, 'washwoman', 'sensitive'),
(2807, 'wet_nurse', 'sensitive'),
(2808, 'white_slave', 'sensitive'),
(2809, 'white_woman', 'sensitive'),
(2810, 'widow', 'sensitive'),
(2811, 'wife', 'sensitive'),
(2812, 'woman', 'sensitive'),
(2813, 'woman', 'sensitive'),
(2814, 'women', 'sensitive'),
(2815, 'wonder_woman', 'sensitive'),
(2817, 'yellow_woman', 'sensitive'),
(2818, 'yenta', 'sensitive'),
(2819, 'abandoned_person', 'not_sensitive'),
(2820, 'abator', 'not_sensitive'),
(2821, 'abbe', 'not_sensitive'),
(2822, 'abdicator', 'not_sensitive'),
(2823, 'abecedarian', 'not_sensitive'),
(2824, 'aberrant', 'not_sensitive'),
(2825, 'abettor', 'not_sensitive'),
(2826, 'abhorrer', 'not_sensitive'),
(2827, 'abiogenist', 'not_sensitive'),
(2828, 'abjurer', 'not_sensitive'),
(2829, 'abkhaz', 'not_sensitive'),
(2830, 'abnaki', 'not_sensitive'),
(2831, 'abnegator', 'not_sensitive'),
(2832, 'abolitionist', 'not_sensitive'),
(2833, 'abomination', 'not_sensitive'),
(2834, 'abominator', 'not_sensitive'),
(2835, 'aborigine', 'not_sensitive'),
(2836, 'abortionist', 'not_sensitive'),
(2837, 'abridger', 'not_sensitive'),
(2838, 'abrogator', 'not_sensitive'),
(2839, 'absconder', 'not_sensitive'),
(2840, 'abseiler', 'not_sensitive'),
(2841, 'absentee', 'not_sensitive'),
(2842, 'absolutist', 'not_sensitive'),
(2843, 'absolver', 'not_sensitive'),
(2844, 'abstainer', 'not_sensitive'),
(2845, 'abstainer', 'not_sensitive'),
(2846, 'abstractionist', 'not_sensitive'),
(2847, 'abstractor', 'not_sensitive'),
(2848, 'abuser', 'not_sensitive'),
(2849, 'abutter', 'not_sensitive'),
(2850, 'academic_administrator', 'not_sensitive'),
(2851, 'academician', 'not_sensitive'),
(2852, 'academician', 'not_sensitive'),
(2853, 'academician', 'not_sensitive'),
(2854, 'acadian', 'not_sensitive'),
(2855, 'acceptor', 'not_sensitive'),
(2856, 'accessory', 'not_sensitive'),
(2857, 'accessory_after_the_fact', 'not_sensitive'),
(2858, 'accessory_before_the_fact', 'not_sensitive'),
(2859, 'accessory_during_the_fact', 'not_sensitive'),
(2860, 'accommodation_endorser', 'not_sensitive'),
(2861, 'accompanist', 'not_sensitive'),
(2862, 'accomplice', 'not_sensitive'),
(2863, 'accordionist', 'not_sensitive'),
(2864, 'account_executive', 'not_sensitive'),
(2865, 'accountant', 'not_sensitive'),
(2866, 'accused', 'not_sensitive'),
(2867, 'accuser', 'not_sensitive'),
(2868, 'ace', 'not_sensitive'),
(2869, 'achaean', 'not_sensitive'),
(2870, 'achiever', 'not_sensitive'),
(2871, 'achomawi', 'not_sensitive'),
(2872, 'acid_head', 'not_sensitive'),
(2873, 'acolyte', 'not_sensitive'),
(2874, 'acoustician', 'not_sensitive'),
(2875, 'acquaintance', 'not_sensitive'),
(2876, 'acquirer', 'not_sensitive'),
(2877, 'acrobat', 'not_sensitive'),
(2878, 'action_officer', 'not_sensitive'),
(2879, 'active', 'not_sensitive'),
(2880, 'active_citizen', 'not_sensitive'),
(2881, 'actor', 'not_sensitive'),
(2882, 'actor', 'not_sensitive'),
(2883, 'actor\'s_agent', 'not_sensitive'),
(2884, 'adder', 'not_sensitive'),
(2885, 'addict', 'not_sensitive'),
(2886, 'addict', 'not_sensitive'),
(2887, 'addle-head', 'not_sensitive'),
(2888, 'addressee', 'not_sensitive'),
(2889, 'adducer', 'not_sensitive'),
(2890, 'adjudicator', 'not_sensitive'),
(2891, 'adjunct', 'not_sensitive'),
(2892, 'adjuster', 'not_sensitive'),
(2893, 'adjutant', 'not_sensitive'),
(2894, 'adjutant_general', 'not_sensitive'),
(2895, 'administrator', 'not_sensitive'),
(2896, 'administrator', 'not_sensitive'),
(2897, 'administrator', 'not_sensitive'),
(2898, 'admiral', 'not_sensitive'),
(2899, 'admirer', 'not_sensitive'),
(2900, 'admirer', 'not_sensitive'),
(2901, 'admonisher', 'not_sensitive'),
(2902, 'adolescent', 'not_sensitive'),
(2903, 'adoptee', 'not_sensitive'),
(2904, 'adoptive_parent', 'not_sensitive'),
(2905, 'adult', 'not_sensitive'),
(2906, 'adulterator', 'not_sensitive'),
(2907, 'adulterer', 'not_sensitive'),
(2908, 'advancer', 'not_sensitive'),
(2909, 'adventist', 'not_sensitive'),
(2910, 'adventurer', 'not_sensitive'),
(2911, 'adversary', 'not_sensitive'),
(2912, 'adverse_witness', 'not_sensitive'),
(2913, 'advertiser', 'not_sensitive'),
(2914, 'advisee', 'not_sensitive'),
(2915, 'adviser', 'not_sensitive'),
(2916, 'advocate', 'not_sensitive'),
(2917, 'advocate', 'not_sensitive'),
(2918, 'aeolian', 'not_sensitive'),
(2919, 'aerialist', 'not_sensitive'),
(2920, 'aeronautical_engineer', 'not_sensitive'),
(2921, 'aerophile', 'not_sensitive'),
(2922, 'aerospace_engineer', 'not_sensitive'),
(2923, 'affiant', 'not_sensitive'),
(2924, 'affiliate', 'not_sensitive'),
(2925, 'affine', 'not_sensitive'),
(2926, 'affluent', 'not_sensitive'),
(2927, 'afghan', 'not_sensitive'),
(2928, 'aficionado', 'not_sensitive'),
(2929, 'aficionado', 'not_sensitive'),
(2930, 'african', 'not_sensitive'),
(2931, 'african-american', 'not_sensitive'),
(2932, 'afrikaner', 'not_sensitive'),
(2933, 'agent', 'not_sensitive'),
(2934, 'agent', 'not_sensitive'),
(2935, 'agent', 'not_sensitive'),
(2936, 'agent_provocateur', 'not_sensitive'),
(2937, 'agent-in-place', 'not_sensitive'),
(2938, 'aggravator', 'not_sensitive'),
(2939, 'aggressor', 'not_sensitive'),
(2940, 'agitator', 'not_sensitive'),
(2941, 'agnate', 'not_sensitive'),
(2942, 'agnostic', 'not_sensitive'),
(2943, 'agnostic', 'not_sensitive'),
(2944, 'agonist', 'not_sensitive'),
(2945, 'agony_aunt', 'not_sensitive'),
(2946, 'agricultural_laborer', 'not_sensitive'),
(2947, 'agriculturist', 'not_sensitive'),
(2948, 'agronomist', 'not_sensitive'),
(2949, 'aide', 'not_sensitive'),
(2950, 'air_attache', 'not_sensitive'),
(2951, 'air_force_officer', 'not_sensitive'),
(2952, 'air_marshal', 'not_sensitive'),
(2953, 'air_traveler', 'not_sensitive'),
(2954, 'airhead', 'not_sensitive'),
(2955, 'akwa\'ala', 'not_sensitive'),
(2956, 'alabama', 'not_sensitive'),
(2957, 'alabaman', 'not_sensitive'),
(2958, 'alarmist', 'not_sensitive'),
(2959, 'alaska_native', 'not_sensitive'),
(2960, 'alaskan', 'not_sensitive'),
(2961, 'albanian', 'not_sensitive'),
(2962, 'albino', 'not_sensitive'),
(2963, 'alcalde', 'not_sensitive'),
(2964, 'alchemist', 'not_sensitive'),
(2965, 'alcoholic', 'not_sensitive'),
(2966, 'aleut', 'not_sensitive'),
(2967, 'alexandrian', 'not_sensitive'),
(2968, 'alexic', 'not_sensitive'),
(2969, 'algebraist', 'not_sensitive'),
(2970, 'algerian', 'not_sensitive'),
(2971, 'algonkian', 'not_sensitive'),
(2972, 'algonquian', 'not_sensitive'),
(2973, 'alien_absconder', 'not_sensitive'),
(2974, 'alienator', 'not_sensitive'),
(2975, 'alienee', 'not_sensitive'),
(2976, 'alienist', 'not_sensitive'),
(2977, 'alienor', 'not_sensitive'),
(2978, 'aliterate', 'not_sensitive'),
(2979, 'all-rounder', 'not_sensitive'),
(2980, 'allegorizer', 'not_sensitive'),
(2981, 'allergist', 'not_sensitive'),
(2982, 'alleviator', 'not_sensitive'),
(2983, 'alliterator', 'not_sensitive'),
(2984, 'allocator', 'not_sensitive'),
(2985, 'ally', 'not_sensitive'),
(2986, 'almoner', 'not_sensitive'),
(2987, 'almoravid', 'not_sensitive'),
(2988, 'almsgiver', 'not_sensitive'),
(2989, 'alphabetizer', 'not_sensitive'),
(2990, 'alpinist', 'not_sensitive'),
(2991, 'alsatian', 'not_sensitive'),
(2992, 'altaic', 'not_sensitive'),
(2993, 'alter_ego', 'not_sensitive'),
(2994, 'alto', 'not_sensitive'),
(2995, 'alto_saxophonist', 'not_sensitive'),
(2996, 'alumnus', 'not_sensitive'),
(2997, 'amalgamator', 'not_sensitive'),
(2998, 'amateur', 'not_sensitive'),
(2999, 'amateur', 'not_sensitive'),
(3000, 'ambassador', 'not_sensitive'),
(3001, 'ambassador', 'not_sensitive'),
(3002, 'ambulance_chaser', 'not_sensitive'),
(3003, 'ambusher', 'not_sensitive'),
(3004, 'american', 'not_sensitive'),
(3005, 'american', 'not_sensitive'),
(3006, 'american_revolutionary_leader', 'not_sensitive'),
(3007, 'amerindian', 'not_sensitive'),
(3008, 'amhara', 'not_sensitive'),
(3009, 'amicus_curiae', 'not_sensitive'),
(3010, 'amigo', 'not_sensitive'),
(3011, 'amish', 'not_sensitive'),
(3012, 'amnesic', 'not_sensitive'),
(3013, 'amora', 'not_sensitive'),
(3014, 'amoralist', 'not_sensitive'),
(3015, 'amorist', 'not_sensitive'),
(3016, 'amputator', 'not_sensitive'),
(3017, 'amputee', 'not_sensitive'),
(3018, 'anabaptist', 'not_sensitive'),
(3019, 'anachronism', 'not_sensitive'),
(3020, 'anagnost', 'not_sensitive'),
(3021, 'analogist', 'not_sensitive'),
(3022, 'analphabet', 'not_sensitive'),
(3023, 'analysand', 'not_sensitive'),
(3024, 'analyst', 'not_sensitive'),
(3025, 'analyst', 'not_sensitive'),
(3026, 'analyst', 'not_sensitive'),
(3027, 'anarchist', 'not_sensitive'),
(3028, 'anasazi', 'not_sensitive'),
(3029, 'anathema', 'not_sensitive'),
(3030, 'anatomist', 'not_sensitive'),
(3031, 'ancestor', 'not_sensitive'),
(3032, 'anchor', 'not_sensitive'),
(3033, 'anchorite', 'not_sensitive'),
(3034, 'ancient', 'not_sensitive'),
(3035, 'ancient', 'not_sensitive'),
(3036, 'andorran', 'not_sensitive'),
(3037, 'anecdotist', 'not_sensitive'),
(3038, 'anesthesiologist', 'not_sensitive'),
(3039, 'angel', 'not_sensitive'),
(3040, 'angevin', 'not_sensitive'),
(3041, 'angiologist', 'not_sensitive'),
(3042, 'angle', 'not_sensitive'),
(3043, 'angler', 'not_sensitive'),
(3044, 'angler', 'not_sensitive'),
(3045, 'anglican', 'not_sensitive'),
(3046, 'anglican_catholic', 'not_sensitive'),
(3047, 'anglo-american', 'not_sensitive'),
(3048, 'anglo-indian', 'not_sensitive'),
(3049, 'anglo-saxon', 'not_sensitive'),
(3050, 'anglo-saxon', 'not_sensitive'),
(3051, 'anglophile', 'not_sensitive'),
(3052, 'anglophobe', 'not_sensitive'),
(3053, 'angolan', 'not_sensitive'),
(3054, 'angolese', 'not_sensitive'),
(3055, 'anguillan', 'not_sensitive'),
(3056, 'animal_fancier', 'not_sensitive'),
(3057, 'animal_trainer', 'not_sensitive'),
(3058, 'animator', 'not_sensitive'),
(3059, 'animist', 'not_sensitive'),
(3060, 'annalist', 'not_sensitive'),
(3061, 'annihilator', 'not_sensitive'),
(3062, 'annotator', 'not_sensitive'),
(3063, 'announcer', 'not_sensitive'),
(3064, 'announcer', 'not_sensitive'),
(3065, 'annuitant', 'not_sensitive'),
(3066, 'anointer', 'not_sensitive'),
(3067, 'anomalist', 'not_sensitive'),
(3068, 'anomaly', 'not_sensitive'),
(3069, 'anorexic', 'not_sensitive'),
(3070, 'antediluvian', 'not_sensitive'),
(3071, 'anthologist', 'not_sensitive'),
(3072, 'anthropoid', 'not_sensitive'),
(3073, 'anthropologist', 'not_sensitive'),
(3074, 'anti', 'not_sensitive'),
(3075, 'anti-american', 'not_sensitive'),
(3076, 'anti-semite', 'not_sensitive'),
(3077, 'anticipator', 'not_sensitive'),
(3078, 'antifeminist', 'not_sensitive'),
(3079, 'antiguan', 'not_sensitive'),
(3080, 'antinomian', 'not_sensitive'),
(3081, 'antipope', 'not_sensitive'),
(3082, 'antiquary', 'not_sensitive'),
(3083, 'anzac', 'not_sensitive'),
(3084, 'apache', 'not_sensitive'),
(3085, 'apache', 'not_sensitive'),
(3086, 'aphakic', 'not_sensitive'),
(3087, 'aphasic', 'not_sensitive'),
(3088, 'aphorist', 'not_sensitive'),
(3089, 'apologist', 'not_sensitive'),
(3090, 'apostle', 'not_sensitive'),
(3091, 'apostle', 'not_sensitive'),
(3092, 'apostolic_delegate', 'not_sensitive'),
(3093, 'appalachian', 'not_sensitive'),
(3094, 'apparatchik', 'not_sensitive'),
(3095, 'apparatchik', 'not_sensitive'),
(3096, 'appeaser', 'not_sensitive'),
(3097, 'appellant', 'not_sensitive'),
(3098, 'apple_polisher', 'not_sensitive'),
(3099, 'applicant', 'not_sensitive'),
(3100, 'appointee', 'not_sensitive'),
(3101, 'appointee', 'not_sensitive'),
(3102, 'appraiser', 'not_sensitive'),
(3103, 'appraiser', 'not_sensitive'),
(3104, 'appreciator', 'not_sensitive'),
(3105, 'apprehender', 'not_sensitive'),
(3106, 'apprentice', 'not_sensitive'),
(3107, 'appropriator', 'not_sensitive'),
(3108, 'approver', 'not_sensitive'),
(3109, 'april_fool', 'not_sensitive'),
(3110, 'aquanaut', 'not_sensitive'),
(3111, 'aquarius', 'not_sensitive'),
(3112, 'arab', 'not_sensitive'),
(3113, 'arabist', 'not_sensitive'),
(3114, 'aramean', 'not_sensitive'),
(3115, 'arapaho', 'not_sensitive'),
(3116, 'arawak', 'not_sensitive'),
(3117, 'arbiter', 'not_sensitive'),
(3118, 'arbiter', 'not_sensitive'),
(3119, 'arbitrageur', 'not_sensitive'),
(3120, 'arcadian', 'not_sensitive'),
(3121, 'archaist', 'not_sensitive'),
(3122, 'archduke', 'not_sensitive'),
(3123, 'archeologist', 'not_sensitive'),
(3124, 'archer', 'not_sensitive'),
(3125, 'architect', 'not_sensitive'),
(3126, 'archivist', 'not_sensitive'),
(3127, 'areopagite', 'not_sensitive'),
(3128, 'argentinian', 'not_sensitive'),
(3129, 'argive', 'not_sensitive'),
(3130, 'argonaut', 'not_sensitive'),
(3131, 'arianist', 'not_sensitive'),
(3132, 'aries', 'not_sensitive'),
(3133, 'arikara', 'not_sensitive'),
(3134, 'aristocrat', 'not_sensitive'),
(3135, 'aristotelian', 'not_sensitive'),
(3136, 'arithmetician', 'not_sensitive'),
(3137, 'arizonan', 'not_sensitive'),
(3138, 'arkansan', 'not_sensitive'),
(3139, 'armchair_liberal', 'not_sensitive'),
(3140, 'armenian', 'not_sensitive'),
(3141, 'arminian', 'not_sensitive'),
(3142, 'armorer', 'not_sensitive'),
(3143, 'armorer', 'not_sensitive'),
(3144, 'arms_manufacturer', 'not_sensitive'),
(3145, 'army_attache', 'not_sensitive'),
(3146, 'army_brat', 'not_sensitive'),
(3147, 'army_engineer', 'not_sensitive'),
(3148, 'army_officer', 'not_sensitive'),
(3149, 'arranger', 'not_sensitive'),
(3150, 'arrival', 'not_sensitive'),
(3151, 'arrogator', 'not_sensitive'),
(3152, 'arrowsmith', 'not_sensitive'),
(3153, 'arsonist', 'not_sensitive'),
(3154, 'art_critic', 'not_sensitive'),
(3155, 'art_dealer', 'not_sensitive'),
(3156, 'art_director', 'not_sensitive'),
(3157, 'art_editor', 'not_sensitive'),
(3158, 'art_historian', 'not_sensitive'),
(3159, 'art_student', 'not_sensitive'),
(3160, 'art_teacher', 'not_sensitive'),
(3161, 'arthritic', 'not_sensitive'),
(3162, 'articulator', 'not_sensitive'),
(3163, 'artist', 'not_sensitive'),
(3164, 'artist\'s_model', 'not_sensitive'),
(3165, 'artiste', 'not_sensitive'),
(3166, 'ascender', 'not_sensitive'),
(3167, 'ashkenazi', 'not_sensitive'),
(3168, 'asian', 'not_sensitive'),
(3169, 'asian_american', 'not_sensitive'),
(3170, 'aspirant', 'not_sensitive'),
(3171, 'assamese', 'not_sensitive'),
(3172, 'assassin', 'not_sensitive'),
(3173, 'assassin', 'not_sensitive'),
(3174, 'assayer', 'not_sensitive'),
(3175, 'assenter', 'not_sensitive'),
(3176, 'asserter', 'not_sensitive'),
(3177, 'assessee', 'not_sensitive'),
(3178, 'assignee', 'not_sensitive'),
(3179, 'assignor', 'not_sensitive'),
(3180, 'assistant', 'not_sensitive'),
(3181, 'assistant_professor', 'not_sensitive'),
(3182, 'associate', 'not_sensitive'),
(3183, 'associate', 'not_sensitive'),
(3184, 'associate_professor', 'not_sensitive'),
(3185, 'assyrian', 'not_sensitive'),
(3186, 'asthmatic', 'not_sensitive'),
(3187, 'astrogator', 'not_sensitive'),
(3188, 'astrologer', 'not_sensitive'),
(3189, 'astronaut', 'not_sensitive'),
(3190, 'astronomer', 'not_sensitive'),
(3191, 'astrophysicist', 'not_sensitive'),
(3192, 'atakapa', 'not_sensitive'),
(3193, 'athapaskan', 'not_sensitive'),
(3194, 'atheist', 'not_sensitive'),
(3195, 'athenian', 'not_sensitive'),
(3196, 'athlete', 'not_sensitive'),
(3197, 'atsugewi', 'not_sensitive'),
(3198, 'attache', 'not_sensitive'),
(3199, 'attacker', 'not_sensitive'),
(3200, 'attendant', 'not_sensitive'),
(3201, 'attendant', 'not_sensitive'),
(3202, 'attester', 'not_sensitive'),
(3203, 'attorney_general', 'not_sensitive'),
(3204, 'attorney_general', 'not_sensitive'),
(3205, 'au_pair', 'not_sensitive'),
(3206, 'auctioneer', 'not_sensitive'),
(3207, 'audile', 'not_sensitive'),
(3208, 'auditor', 'not_sensitive'),
(3209, 'auditor', 'not_sensitive'),
(3210, 'augur', 'not_sensitive'),
(3211, 'australian', 'not_sensitive'),
(3212, 'austrian', 'not_sensitive'),
(3213, 'austronesian', 'not_sensitive'),
(3214, 'auteur', 'not_sensitive'),
(3215, 'authoritarian', 'not_sensitive'),
(3216, 'authority', 'not_sensitive'),
(3217, 'authority', 'not_sensitive'),
(3218, 'authority_figure', 'not_sensitive'),
(3219, 'authorizer', 'not_sensitive'),
(3220, 'autobiographer', 'not_sensitive'),
(3221, 'autochthon', 'not_sensitive'),
(3222, 'autodidact', 'not_sensitive'),
(3223, 'automaton', 'not_sensitive'),
(3224, 'automobile_mechanic', 'not_sensitive'),
(3225, 'automotive_engineer', 'not_sensitive'),
(3226, 'avenger', 'not_sensitive'),
(3227, 'aviator', 'not_sensitive'),
(3228, 'avower', 'not_sensitive'),
(3229, 'awol', 'not_sensitive'),
(3230, 'ayatollah', 'not_sensitive'),
(3231, 'azerbaijani', 'not_sensitive'),
(3232, 'aztec', 'not_sensitive'),
(3233, 'baas', 'not_sensitive'),
(3234, 'baby', 'not_sensitive'),
(3235, 'baby', 'not_sensitive'),
(3236, 'baby', 'not_sensitive'),
(3237, 'baby_boomer', 'not_sensitive'),
(3238, 'baby_buster', 'not_sensitive'),
(3239, 'baby_doctor', 'not_sensitive'),
(3240, 'baby_farmer', 'not_sensitive'),
(3241, 'babylonian', 'not_sensitive'),
(3242, 'babyminder', 'not_sensitive'),
(3243, 'babysitter', 'not_sensitive'),
(3244, 'bacchant', 'not_sensitive'),
(3245, 'back', 'not_sensitive'),
(3246, 'back_judge', 'not_sensitive'),
(3247, 'backbencher', 'not_sensitive'),
(3248, 'backpacker', 'not_sensitive'),
(3249, 'backscratcher', 'not_sensitive'),
(3250, 'backseat_driver', 'not_sensitive'),
(3251, 'backslapper', 'not_sensitive'),
(3252, 'backstroker', 'not_sensitive'),
(3253, 'bacteriologist', 'not_sensitive'),
(3254, 'bad_egg', 'not_sensitive'),
(3255, 'bad_guy', 'not_sensitive'),
(3256, 'bad_person', 'not_sensitive'),
(3257, 'badaga', 'not_sensitive'),
(3258, 'bahai', 'not_sensitive'),
(3259, 'bahamian', 'not_sensitive'),
(3260, 'bahraini', 'not_sensitive'),
(3261, 'bailee', 'not_sensitive'),
(3262, 'bailiff', 'not_sensitive'),
(3263, 'bailor', 'not_sensitive'),
(3264, 'bairn', 'not_sensitive'),
(3265, 'baker', 'not_sensitive'),
(3266, 'baker', 'not_sensitive'),
(3267, 'balancer', 'not_sensitive'),
(3268, 'baldhead', 'not_sensitive'),
(3269, 'balkan', 'not_sensitive'),
(3270, 'balker', 'not_sensitive'),
(3271, 'ball_carrier', 'not_sensitive'),
(3272, 'ball_hawk', 'not_sensitive'),
(3273, 'ballet_dancer', 'not_sensitive'),
(3274, 'balletomane', 'not_sensitive'),
(3275, 'balloonist', 'not_sensitive'),
(3276, 'ballplayer', 'not_sensitive'),
(3277, 'banderillero', 'not_sensitive'),
(3278, 'bandit', 'not_sensitive'),
(3279, 'bandleader', 'not_sensitive'),
(3280, 'bandmaster', 'not_sensitive'),
(3281, 'bangladeshi', 'not_sensitive'),
(3282, 'bank_commissioner', 'not_sensitive'),
(3283, 'bank_examiner', 'not_sensitive'),
(3284, 'bank_guard', 'not_sensitive'),
(3285, 'bank_manager', 'not_sensitive'),
(3286, 'bank_robber', 'not_sensitive'),
(3287, 'banker', 'not_sensitive'),
(3288, 'banker', 'not_sensitive'),
(3289, 'bankrupt', 'not_sensitive'),
(3290, 'bantamweight', 'not_sensitive'),
(3291, 'bantamweight', 'not_sensitive'),
(3292, 'bantu', 'not_sensitive'),
(3293, 'baptist', 'not_sensitive'),
(3294, 'bar_fly', 'not_sensitive'),
(3295, 'barbadian', 'not_sensitive'),
(3296, 'barber', 'not_sensitive'),
(3297, 'bard', 'not_sensitive'),
(3298, 'bargain_hunter', 'not_sensitive'),
(3299, 'bargainer', 'not_sensitive'),
(3300, 'barker', 'not_sensitive'),
(3301, 'barnburner', 'not_sensitive'),
(3302, 'barnstormer', 'not_sensitive'),
(3303, 'barnstormer', 'not_sensitive'),
(3304, 'baronet', 'not_sensitive'),
(3305, 'barrator', 'not_sensitive'),
(3306, 'barrister', 'not_sensitive'),
(3307, 'bartender', 'not_sensitive'),
(3308, 'barterer', 'not_sensitive'),
(3309, 'base_runner', 'not_sensitive'),
(3310, 'baseball_coach', 'not_sensitive'),
(3311, 'basket_maker', 'not_sensitive'),
(3312, 'basketball_coach', 'not_sensitive'),
(3313, 'basketball_player', 'not_sensitive'),
(3314, 'basketweaver', 'not_sensitive'),
(3315, 'basotho', 'not_sensitive'),
(3316, 'basque', 'not_sensitive'),
(3317, 'bassist', 'not_sensitive'),
(3318, 'bassoonist', 'not_sensitive'),
(3319, 'baster', 'not_sensitive'),
(3320, 'baster', 'not_sensitive'),
(3321, 'bather', 'not_sensitive'),
(3322, 'baton_twirler', 'not_sensitive'),
(3323, 'batter', 'not_sensitive'),
(3324, 'batting_coach', 'not_sensitive'),
(3325, 'battle-ax', 'not_sensitive'),
(3326, 'bavarian', 'not_sensitive'),
(3327, 'bawler', 'not_sensitive'),
(3328, 'bay_stater', 'not_sensitive'),
(3329, 'beachcomber', 'not_sensitive'),
(3330, 'beadle', 'not_sensitive'),
(3331, 'bean_counter', 'not_sensitive'),
(3332, 'bear', 'not_sensitive'),
(3333, 'bearer', 'not_sensitive'),
(3334, 'beast', 'not_sensitive'),
(3335, 'beater', 'not_sensitive'),
(3336, 'beatnik', 'not_sensitive'),
(3337, 'beautician', 'not_sensitive'),
(3338, 'beauty_consultant', 'not_sensitive'),
(3339, 'bedfellow', 'not_sensitive'),
(3340, 'bedfellow', 'not_sensitive'),
(3341, 'bedlamite', 'not_sensitive'),
(3342, 'bedouin', 'not_sensitive'),
(3343, 'bedwetter', 'not_sensitive'),
(3344, 'beekeeper', 'not_sensitive'),
(3345, 'beer_drinker', 'not_sensitive'),
(3346, 'beggar', 'not_sensitive'),
(3347, 'behaviorist', 'not_sensitive'),
(3348, 'bel_esprit', 'not_sensitive'),
(3349, 'belgian', 'not_sensitive'),
(3350, 'believer', 'not_sensitive'),
(3351, 'believer', 'not_sensitive'),
(3352, 'bell_captain', 'not_sensitive'),
(3353, 'bell_founder', 'not_sensitive'),
(3354, 'bell_ringer', 'not_sensitive'),
(3355, 'bellwether', 'not_sensitive'),
(3356, 'beloved', 'not_sensitive'),
(3357, 'belt_maker', 'not_sensitive'),
(3358, 'bench_warmer', 'not_sensitive'),
(3359, 'benedictine', 'not_sensitive'),
(3360, 'benefactor', 'not_sensitive'),
(3361, 'beneficiary', 'not_sensitive'),
(3362, 'bengali', 'not_sensitive'),
(3363, 'beninese', 'not_sensitive'),
(3364, 'berber', 'not_sensitive'),
(3365, 'bereaved', 'not_sensitive'),
(3366, 'berk', 'not_sensitive'),
(3367, 'berliner', 'not_sensitive'),
(3368, 'bermudan', 'not_sensitive'),
(3369, 'berserker', 'not_sensitive'),
(3370, 'besieger', 'not_sensitive'),
(3371, 'besieger', 'not_sensitive'),
(3372, 'best', 'not_sensitive'),
(3373, 'best_friend', 'not_sensitive'),
(3374, 'betrothed', 'not_sensitive'),
(3375, 'better', 'not_sensitive'),
(3376, 'bettor', 'not_sensitive'),
(3377, 'bhutanese', 'not_sensitive'),
(3378, 'bibliographer', 'not_sensitive'),
(3379, 'bibliophile', 'not_sensitive'),
(3380, 'bibliopole', 'not_sensitive'),
(3381, 'bibliotist', 'not_sensitive'),
(3382, 'bidder', 'not_sensitive'),
(3383, 'bidder', 'not_sensitive'),
(3384, 'big_brother', 'not_sensitive'),
(3385, 'big_shot', 'not_sensitive'),
(3386, 'big_spender', 'not_sensitive'),
(3387, 'bigamist', 'not_sensitive'),
(3388, 'bigot', 'not_sensitive'),
(3389, 'bilingual', 'not_sensitive'),
(3390, 'bill_poster', 'not_sensitive'),
(3391, 'billiard_player', 'not_sensitive'),
(3392, 'billionaire', 'not_sensitive'),
(3393, 'biloxi', 'not_sensitive'),
(3394, 'bimetallist', 'not_sensitive'),
(3395, 'biochemist', 'not_sensitive'),
(3396, 'biographer', 'not_sensitive'),
(3397, 'biologist', 'not_sensitive'),
(3398, 'biophysicist', 'not_sensitive'),
(3399, 'bird_fancier', 'not_sensitive'),
(3400, 'bird_watcher', 'not_sensitive'),
(3401, 'birth', 'not_sensitive'),
(3402, 'birth-control_campaigner', 'not_sensitive'),
(3403, 'bisexual', 'not_sensitive'),
(3404, 'bishop', 'not_sensitive'),
(3405, 'biter', 'not_sensitive');
INSERT INTO `main_data_set` (`word_id`, `word`, `sen`) VALUES
(3406, 'black', 'not_sensitive'),
(3407, 'black_african', 'not_sensitive'),
(3408, 'black_and_tan', 'not_sensitive'),
(3409, 'black_belt', 'not_sensitive'),
(3410, 'black_marketeer', 'not_sensitive'),
(3411, 'black_muslim', 'not_sensitive'),
(3412, 'black_panther', 'not_sensitive'),
(3413, 'blackfoot', 'not_sensitive'),
(3414, 'blackmailer', 'not_sensitive'),
(3415, 'blackshirt', 'not_sensitive'),
(3416, 'blacksmith', 'not_sensitive'),
(3417, 'blasphemer', 'not_sensitive'),
(3418, 'blaster', 'not_sensitive'),
(3419, 'bleacher', 'not_sensitive'),
(3420, 'bleeding_heart', 'not_sensitive'),
(3421, 'blind_date', 'not_sensitive'),
(3422, 'blind_person', 'not_sensitive'),
(3423, 'blocker', 'not_sensitive'),
(3424, 'blogger', 'not_sensitive'),
(3425, 'blond', 'not_sensitive'),
(3426, 'blood_donor', 'not_sensitive'),
(3427, 'blood_relation', 'not_sensitive'),
(3428, 'blubberer', 'not_sensitive'),
(3429, 'blucher', 'not_sensitive'),
(3430, 'bludgeoner', 'not_sensitive'),
(3431, 'blue_baby', 'not_sensitive'),
(3432, 'bluecoat', 'not_sensitive'),
(3433, 'bluejacket', 'not_sensitive'),
(3434, 'bluffer', 'not_sensitive'),
(3435, 'board_member', 'not_sensitive'),
(3436, 'boarder', 'not_sensitive'),
(3437, 'boarder', 'not_sensitive'),
(3438, 'boatbuilder', 'not_sensitive'),
(3439, 'boatswain', 'not_sensitive'),
(3440, 'bobby', 'not_sensitive'),
(3441, 'body_servant', 'not_sensitive'),
(3442, 'bodybuilder', 'not_sensitive'),
(3443, 'bodyguard', 'not_sensitive'),
(3444, 'boffin', 'not_sensitive'),
(3445, 'bohemian', 'not_sensitive'),
(3446, 'bohemian', 'not_sensitive'),
(3447, 'bolivian', 'not_sensitive'),
(3448, 'bolshevik', 'not_sensitive'),
(3449, 'bolshevik', 'not_sensitive'),
(3450, 'bombardier', 'not_sensitive'),
(3451, 'bombardier', 'not_sensitive'),
(3452, 'bomber', 'not_sensitive'),
(3453, 'bombshell', 'not_sensitive'),
(3454, 'bond_servant', 'not_sensitive'),
(3455, 'bondholder', 'not_sensitive'),
(3456, 'bonesetter', 'not_sensitive'),
(3457, 'book_agent', 'not_sensitive'),
(3458, 'bookbinder', 'not_sensitive'),
(3459, 'bookdealer', 'not_sensitive'),
(3460, 'booker', 'not_sensitive'),
(3461, 'bookkeeper', 'not_sensitive'),
(3462, 'bookmaker', 'not_sensitive'),
(3463, 'bookmaker', 'not_sensitive'),
(3464, 'bookseller', 'not_sensitive'),
(3465, 'bookworm', 'not_sensitive'),
(3466, 'booster', 'not_sensitive'),
(3467, 'bootblack', 'not_sensitive'),
(3468, 'bootlegger', 'not_sensitive'),
(3469, 'bootmaker', 'not_sensitive'),
(3470, 'borderer', 'not_sensitive'),
(3471, 'bore', 'not_sensitive'),
(3472, 'born-again_christian', 'not_sensitive'),
(3473, 'bornean', 'not_sensitive'),
(3474, 'borrower', 'not_sensitive'),
(3475, 'boss', 'not_sensitive'),
(3476, 'boss', 'not_sensitive'),
(3477, 'bostonian', 'not_sensitive'),
(3478, 'boswell', 'not_sensitive'),
(3479, 'botanist', 'not_sensitive'),
(3480, 'bottom_dog', 'not_sensitive'),
(3481, 'bottom_feeder', 'not_sensitive'),
(3482, 'boulevardier', 'not_sensitive'),
(3483, 'bouncer', 'not_sensitive'),
(3484, 'bounder', 'not_sensitive'),
(3485, 'bounty_hunter', 'not_sensitive'),
(3486, 'bounty_hunter', 'not_sensitive'),
(3487, 'bourbon', 'not_sensitive'),
(3488, 'bourbon', 'not_sensitive'),
(3489, 'bourgeois', 'not_sensitive'),
(3490, 'bowler', 'not_sensitive'),
(3491, 'bowler', 'not_sensitive'),
(3492, 'boxer', 'not_sensitive'),
(3493, 'boxer', 'not_sensitive'),
(3494, 'bracero', 'not_sensitive'),
(3495, 'brachycephalic', 'not_sensitive'),
(3496, 'bragger', 'not_sensitive'),
(3497, 'brahman', 'not_sensitive'),
(3498, 'brahui', 'not_sensitive'),
(3499, 'brainworker', 'not_sensitive'),
(3500, 'brass_hat', 'not_sensitive'),
(3501, 'brave', 'not_sensitive'),
(3502, 'brawler', 'not_sensitive'),
(3503, 'brazilian', 'not_sensitive'),
(3504, 'breadwinner', 'not_sensitive'),
(3505, 'breaker', 'not_sensitive'),
(3506, 'breaststroker', 'not_sensitive'),
(3507, 'breeder', 'not_sensitive'),
(3508, 'breton', 'not_sensitive'),
(3509, 'brewer', 'not_sensitive'),
(3510, 'brewer', 'not_sensitive'),
(3511, 'briber', 'not_sensitive'),
(3512, 'brick', 'not_sensitive'),
(3513, 'bricklayer', 'not_sensitive'),
(3514, 'bridge_agent', 'not_sensitive'),
(3515, 'bridge_partner', 'not_sensitive'),
(3516, 'bridge_player', 'not_sensitive'),
(3517, 'brigadier', 'not_sensitive'),
(3518, 'britisher', 'not_sensitive'),
(3519, 'briton', 'not_sensitive'),
(3520, 'broadcast_journalist', 'not_sensitive'),
(3521, 'broadcaster', 'not_sensitive'),
(3522, 'broker-dealer', 'not_sensitive'),
(3523, 'brownshirt', 'not_sensitive'),
(3524, 'browser', 'not_sensitive'),
(3525, 'brule', 'not_sensitive'),
(3526, 'brummie', 'not_sensitive'),
(3527, 'bruneian', 'not_sensitive'),
(3528, 'buck_sergeant', 'not_sensitive'),
(3529, 'buddha', 'not_sensitive'),
(3530, 'buddhist', 'not_sensitive'),
(3531, 'bugler', 'not_sensitive'),
(3532, 'builder', 'not_sensitive'),
(3533, 'builder', 'not_sensitive'),
(3534, 'bulgarian', 'not_sensitive'),
(3535, 'bulimic', 'not_sensitive'),
(3536, 'bull', 'not_sensitive'),
(3537, 'bull', 'not_sensitive'),
(3538, 'bullfighter', 'not_sensitive'),
(3539, 'bully', 'not_sensitive'),
(3540, 'bully', 'not_sensitive'),
(3541, 'bungler', 'not_sensitive'),
(3542, 'bunkmate', 'not_sensitive'),
(3543, 'bunny', 'not_sensitive'),
(3544, 'bunter', 'not_sensitive'),
(3545, 'bureaucrat', 'not_sensitive'),
(3546, 'burgess', 'not_sensitive'),
(3547, 'burglar', 'not_sensitive'),
(3548, 'burgomaster', 'not_sensitive'),
(3549, 'burmese', 'not_sensitive'),
(3550, 'bursar', 'not_sensitive'),
(3551, 'burundian', 'not_sensitive'),
(3552, 'bushwhacker', 'not_sensitive'),
(3553, 'business_agent', 'not_sensitive'),
(3554, 'business_editor', 'not_sensitive'),
(3555, 'business_traveler', 'not_sensitive'),
(3556, 'businessperson', 'not_sensitive'),
(3557, 'busker', 'not_sensitive'),
(3558, 'buster', 'not_sensitive'),
(3559, 'buster', 'not_sensitive'),
(3560, 'buster', 'not_sensitive'),
(3561, 'busybody', 'not_sensitive'),
(3562, 'butcher', 'not_sensitive'),
(3563, 'butcher', 'not_sensitive'),
(3564, 'butcher', 'not_sensitive'),
(3565, 'butter', 'not_sensitive'),
(3566, 'butterfingers', 'not_sensitive'),
(3567, 'buttinsky', 'not_sensitive'),
(3568, 'buyer', 'not_sensitive'),
(3569, 'byelorussian', 'not_sensitive'),
(3570, 'bystander', 'not_sensitive'),
(3571, 'byzantine', 'not_sensitive'),
(3572, 'cabalist', 'not_sensitive'),
(3573, 'cabalist', 'not_sensitive'),
(3574, 'cabalist', 'not_sensitive'),
(3575, 'cabinet_minister', 'not_sensitive'),
(3576, 'cabinetmaker', 'not_sensitive'),
(3577, 'cad', 'not_sensitive'),
(3578, 'caddie', 'not_sensitive'),
(3579, 'caddo', 'not_sensitive'),
(3580, 'cadet', 'not_sensitive'),
(3581, 'caffeine_addict', 'not_sensitive'),
(3582, 'cahita', 'not_sensitive'),
(3583, 'cairene', 'not_sensitive'),
(3584, 'caitiff', 'not_sensitive'),
(3585, 'cajun', 'not_sensitive'),
(3586, 'cakchiquel', 'not_sensitive'),
(3587, 'calculator', 'not_sensitive'),
(3588, 'californian', 'not_sensitive'),
(3589, 'caliph', 'not_sensitive'),
(3590, 'caller', 'not_sensitive'),
(3591, 'caller', 'not_sensitive'),
(3592, 'caller', 'not_sensitive'),
(3593, 'caller', 'not_sensitive'),
(3594, 'caller', 'not_sensitive'),
(3595, 'caller', 'not_sensitive'),
(3596, 'caller', 'not_sensitive'),
(3597, 'calligrapher', 'not_sensitive'),
(3598, 'calvinist', 'not_sensitive'),
(3599, 'cambodian', 'not_sensitive'),
(3600, 'cameroonian', 'not_sensitive'),
(3601, 'camp_follower', 'not_sensitive'),
(3602, 'camp_follower', 'not_sensitive'),
(3603, 'campaigner', 'not_sensitive'),
(3604, 'camper', 'not_sensitive'),
(3605, 'campmate', 'not_sensitive'),
(3606, 'canaanite', 'not_sensitive'),
(3607, 'canadian', 'not_sensitive'),
(3608, 'cancer', 'not_sensitive'),
(3609, 'candidate', 'not_sensitive'),
(3610, 'candlemaker', 'not_sensitive'),
(3611, 'candy_striper', 'not_sensitive'),
(3612, 'cannibal', 'not_sensitive'),
(3613, 'cannon_fodder', 'not_sensitive'),
(3614, 'canoeist', 'not_sensitive'),
(3615, 'canon', 'not_sensitive'),
(3616, 'canonist', 'not_sensitive'),
(3617, 'cantabrigian', 'not_sensitive'),
(3618, 'cantor', 'not_sensitive'),
(3619, 'canuck', 'not_sensitive'),
(3620, 'canvasser', 'not_sensitive'),
(3621, 'capetian', 'not_sensitive'),
(3622, 'capitalist', 'not_sensitive'),
(3623, 'capitalist', 'not_sensitive'),
(3624, 'capricorn', 'not_sensitive'),
(3625, 'captain', 'not_sensitive'),
(3626, 'captain', 'not_sensitive'),
(3627, 'captain', 'not_sensitive'),
(3628, 'captain', 'not_sensitive'),
(3629, 'captain', 'not_sensitive'),
(3630, 'captain', 'not_sensitive'),
(3631, 'captive', 'not_sensitive'),
(3632, 'captor', 'not_sensitive'),
(3633, 'carbineer', 'not_sensitive'),
(3634, 'card_player', 'not_sensitive'),
(3635, 'cardholder', 'not_sensitive'),
(3636, 'cardholder', 'not_sensitive'),
(3637, 'cardinal', 'not_sensitive'),
(3638, 'cardiologist', 'not_sensitive'),
(3639, 'cardsharp', 'not_sensitive'),
(3640, 'careerist', 'not_sensitive'),
(3641, 'caregiver', 'not_sensitive'),
(3642, 'caretaker', 'not_sensitive'),
(3643, 'caretaker', 'not_sensitive'),
(3644, 'carhop', 'not_sensitive'),
(3645, 'carib', 'not_sensitive'),
(3646, 'caricaturist', 'not_sensitive'),
(3647, 'carillonneur', 'not_sensitive'),
(3648, 'carioca', 'not_sensitive'),
(3649, 'carmelite', 'not_sensitive'),
(3650, 'caroler', 'not_sensitive'),
(3651, 'carolingian', 'not_sensitive'),
(3652, 'carolinian', 'not_sensitive'),
(3653, 'carpenter', 'not_sensitive'),
(3654, 'carper', 'not_sensitive'),
(3655, 'carpet_knight', 'not_sensitive'),
(3656, 'carpetbagger', 'not_sensitive'),
(3657, 'carrier', 'not_sensitive'),
(3658, 'carrier', 'not_sensitive'),
(3659, 'carrier', 'not_sensitive'),
(3660, 'carter', 'not_sensitive'),
(3661, 'cartesian', 'not_sensitive'),
(3662, 'carthaginian', 'not_sensitive'),
(3663, 'carthusian', 'not_sensitive'),
(3664, 'cartographer', 'not_sensitive'),
(3665, 'cartoonist', 'not_sensitive'),
(3666, 'cartwright', 'not_sensitive'),
(3667, 'case', 'not_sensitive'),
(3668, 'case_officer', 'not_sensitive'),
(3669, 'cashier', 'not_sensitive'),
(3670, 'castaway', 'not_sensitive'),
(3671, 'caster', 'not_sensitive'),
(3672, 'castillian', 'not_sensitive'),
(3673, 'casualty', 'not_sensitive'),
(3674, 'casualty', 'not_sensitive'),
(3675, 'casuist', 'not_sensitive'),
(3676, 'cat_fancier', 'not_sensitive'),
(3677, 'catalan', 'not_sensitive'),
(3678, 'cataleptic', 'not_sensitive'),
(3679, 'cataloger', 'not_sensitive'),
(3680, 'catawba', 'not_sensitive'),
(3681, 'catch', 'not_sensitive'),
(3682, 'catcher', 'not_sensitive'),
(3683, 'catechist', 'not_sensitive'),
(3684, 'catechumen', 'not_sensitive'),
(3685, 'caterer', 'not_sensitive'),
(3686, 'catholic', 'not_sensitive'),
(3687, 'catholicos', 'not_sensitive'),
(3688, 'cayuga', 'not_sensitive'),
(3689, 'cebuan', 'not_sensitive'),
(3690, 'celebrant', 'not_sensitive'),
(3691, 'celebrant', 'not_sensitive'),
(3692, 'celebrity', 'not_sensitive'),
(3693, 'celibate', 'not_sensitive'),
(3694, 'cellist', 'not_sensitive'),
(3695, 'celt', 'not_sensitive'),
(3696, 'cenobite', 'not_sensitive'),
(3697, 'censor', 'not_sensitive'),
(3698, 'censor', 'not_sensitive'),
(3699, 'census_taker', 'not_sensitive'),
(3700, 'centenarian', 'not_sensitive'),
(3701, 'center', 'not_sensitive'),
(3702, 'center', 'not_sensitive'),
(3703, 'center', 'not_sensitive'),
(3704, 'center_fielder', 'not_sensitive'),
(3705, 'central_american', 'not_sensitive'),
(3706, 'centrist', 'not_sensitive'),
(3707, 'certified_public_accountant', 'not_sensitive'),
(3708, 'chadian', 'not_sensitive'),
(3709, 'chain-smoker', 'not_sensitive'),
(3710, 'chaldean', 'not_sensitive'),
(3711, 'chaldean', 'not_sensitive'),
(3712, 'chamberlain', 'not_sensitive'),
(3713, 'chamberlain', 'not_sensitive'),
(3714, 'chameleon', 'not_sensitive'),
(3715, 'champion', 'not_sensitive'),
(3716, 'champion', 'not_sensitive'),
(3717, 'chancellor', 'not_sensitive'),
(3718, 'chancellor', 'not_sensitive'),
(3719, 'chancellor_of_the_exchequer', 'not_sensitive'),
(3720, 'chandler', 'not_sensitive'),
(3721, 'chandler', 'not_sensitive'),
(3722, 'changeling', 'not_sensitive'),
(3723, 'changer', 'not_sensitive'),
(3724, 'chap', 'not_sensitive'),
(3725, 'chaperon', 'not_sensitive'),
(3726, 'chaplain', 'not_sensitive'),
(3727, 'character', 'not_sensitive'),
(3728, 'character_actor', 'not_sensitive'),
(3729, 'character_witness', 'not_sensitive'),
(3730, 'charcoal_burner', 'not_sensitive'),
(3731, 'charge', 'not_sensitive'),
(3732, 'charge_d\'affaires', 'not_sensitive'),
(3733, 'charge_of_quarters', 'not_sensitive'),
(3734, 'charioteer', 'not_sensitive'),
(3735, 'charmer', 'not_sensitive'),
(3736, 'charter_member', 'not_sensitive'),
(3737, 'chartered_accountant', 'not_sensitive'),
(3738, 'chartist', 'not_sensitive'),
(3739, 'chartist', 'not_sensitive'),
(3740, 'chatterer', 'not_sensitive'),
(3741, 'chauvinist', 'not_sensitive'),
(3742, 'chauvinist', 'not_sensitive'),
(3743, 'cheapjack', 'not_sensitive'),
(3744, 'cheapskate', 'not_sensitive'),
(3745, 'chebab', 'not_sensitive'),
(3746, 'chechen', 'not_sensitive'),
(3747, 'checker', 'not_sensitive'),
(3748, 'checker', 'not_sensitive'),
(3749, 'cheerer', 'not_sensitive'),
(3750, 'cheerleader', 'not_sensitive'),
(3751, 'cheerleader', 'not_sensitive'),
(3752, 'cheesemonger', 'not_sensitive'),
(3753, 'chef', 'not_sensitive'),
(3754, 'chela', 'not_sensitive'),
(3755, 'chemist', 'not_sensitive'),
(3756, 'cheops', 'not_sensitive'),
(3757, 'cheremis', 'not_sensitive'),
(3758, 'cherokee', 'not_sensitive'),
(3759, 'cherub', 'not_sensitive'),
(3760, 'chess_master', 'not_sensitive'),
(3761, 'chess_player', 'not_sensitive'),
(3762, 'chewa', 'not_sensitive'),
(3763, 'chewer', 'not_sensitive'),
(3764, 'cheyenne', 'not_sensitive'),
(3765, 'chicano', 'not_sensitive'),
(3766, 'chichi', 'not_sensitive'),
(3767, 'chickasaw', 'not_sensitive'),
(3768, 'chief_constable', 'not_sensitive'),
(3769, 'chief_executive_officer', 'not_sensitive'),
(3770, 'chief_financial_officer', 'not_sensitive'),
(3771, 'chief_justice', 'not_sensitive'),
(3772, 'chief_of_staff', 'not_sensitive'),
(3773, 'chief_petty_officer', 'not_sensitive'),
(3774, 'chief_secretary', 'not_sensitive'),
(3775, 'child', 'not_sensitive'),
(3776, 'child', 'not_sensitive'),
(3777, 'child', 'not_sensitive'),
(3778, 'child', 'not_sensitive'),
(3779, 'child_prodigy', 'not_sensitive'),
(3780, 'chilean', 'not_sensitive'),
(3781, 'chimakum', 'not_sensitive'),
(3782, 'chimariko', 'not_sensitive'),
(3783, 'chimneysweeper', 'not_sensitive'),
(3784, 'chinese', 'not_sensitive'),
(3785, 'chinook', 'not_sensitive'),
(3786, 'chipewyan', 'not_sensitive'),
(3787, 'chiropodist', 'not_sensitive'),
(3788, 'chiropractor', 'not_sensitive'),
(3789, 'chit', 'not_sensitive'),
(3790, 'choctaw', 'not_sensitive'),
(3791, 'choirmaster', 'not_sensitive'),
(3792, 'choker', 'not_sensitive'),
(3793, 'choragus', 'not_sensitive'),
(3794, 'choreographer', 'not_sensitive'),
(3795, 'chorister', 'not_sensitive'),
(3796, 'chosen', 'not_sensitive'),
(3797, 'christian', 'not_sensitive'),
(3798, 'christian_scientist', 'not_sensitive'),
(3799, 'chronicler', 'not_sensitive'),
(3800, 'chukchi', 'not_sensitive'),
(3801, 'chump', 'not_sensitive'),
(3802, 'church_officer', 'not_sensitive'),
(3803, 'churchgoer', 'not_sensitive'),
(3804, 'churchwarden', 'not_sensitive'),
(3805, 'chutzpanik', 'not_sensitive'),
(3806, 'chuvash', 'not_sensitive'),
(3807, 'cicerone', 'not_sensitive'),
(3808, 'cigar_smoker', 'not_sensitive'),
(3809, 'cigarette_smoker', 'not_sensitive'),
(3810, 'cipher', 'not_sensitive'),
(3811, 'circassian', 'not_sensitive'),
(3812, 'circus_acrobat', 'not_sensitive'),
(3813, 'citizen', 'not_sensitive'),
(3814, 'city_editor', 'not_sensitive'),
(3815, 'city_father', 'not_sensitive'),
(3816, 'city_slicker', 'not_sensitive'),
(3817, 'civic_leader', 'not_sensitive'),
(3818, 'civil_authority', 'not_sensitive');

-- --------------------------------------------------------

--
-- Table structure for table `main_paradetail`
--

CREATE TABLE `main_paradetail` (
  `paradet_id` bigint NOT NULL,
  `det` varchar(255) NOT NULL,
  `rep` varchar(255) NOT NULL,
  `para_id` bigint NOT NULL
) ENGINE=InnoDB DEFAULT CHARSET=utf8mb4 COLLATE=utf8mb4_0900_ai_ci;

--
-- Dumping data for table `main_paradetail`
--

INSERT INTO `main_paradetail` (`paradet_id`, `det`, `rep`, `para_id`) VALUES
(557, 'chairman', 'president', 323),
(558, 'fireman', 'stoker', 323),
(559, 'mailman', 'mail_carrier', 323),
(560, 'chairman', 'president', 324),
(561, 'mailman', 'mail_carrier', 324),
(562, 'fireman', 'stoker', 324),
(563, 'chairman', 'president', 325),
(564, 'mailman', 'mail_carrier', 325),
(565, 'chairman', 'president', 326),
(566, 'mailman', 'mail_carrier', 326),
(567, 'chairman', 'president', 327),
(568, 'mailman', 'mail_carrier', 327),
(569, 'fireman', 'stoker', 327),
(570, 'chairman', 'president', 328),
(571, 'chairman', 'president', 329),
(572, 'chairman', 'president', 374),
(573, 'chairman', 'president', 375),
(574, 'chairman', 'president', 376),
(575, 'chairman', 'president', 377),
(576, 'chairman', 'president', 378),
(577, 'chairman', 'president', 379),
(578, 'chairman', 'president', 380),
(579, 'man', 'adult_male', 380),
(580, 'chairman', 'president', 381),
(581, 'chairman', 'president', 382),
(582, 'chairman', 'president', 407),
(583, 'mankind', 'world', 408),
(584, 'man', 'adult_male', 409),
(585, 'woman', 'adult_female', 409),
(586, 'female', 'distaff', 409),
(587, 'father', 'begetter', 409),
(588, 'mother', 'fuss', 409),
(589, 'son', 'logos', 409),
(590, 'woman', 'adult_female', 410),
(591, 'mankind', 'world', 411),
(592, 'postman', 'mail_carrier', 412),
(593, 'mankind', 'world', 413),
(594, 'quotes', 'quotation_marks', 414),
(595, 'man', 'adult_male', 414),
(596, 'woman', 'adult_female', 414),
(597, 'girl', 'fille', 414),
(598, 'male', 'virile', 414),
(599, 'female', 'distaff', 414),
(600, 'brother', 'blood_brother', 414),
(601, 'sister', 'baby', 414),
(602, 'mother', 'fuss', 414),
(603, 'son', 'logos', 414),
(604, 'husband', 'hubby', 414),
(605, 'gentleman', 'valet_de_chambre', 414),
(606, 'lady', 'ma\'am', 414),
(607, 'king', 'rex', 414),
(608, 'queen', 'queen_regnant', 414),
(609, 'hero', 'champion', 414),
(610, 'waitress', 'wait', 414),
(611, 'steward', 'flight_attendant', 414),
(612, 'policeman', 'officer', 414),
(613, 'fireman', 'stoker', 414),
(614, 'mailman', 'mail_carrier', 414),
(615, 'mankind', 'world', 414),
(616, 'ladies', 'ma\'ams', 414),
(617, 'chairman', 'president', 414),
(618, 'mankind', 'world', 414),
(619, 'quotes', 'quotation_marks', 416),
(620, 'man', 'adult_male', 416),
(621, 'woman', 'adult_female', 416),
(622, 'girl', 'fille', 416),
(623, 'male', 'virile', 416),
(624, 'female', 'distaff', 416),
(625, 'brother', 'blood_brother', 416),
(626, 'sister', 'baby', 416),
(627, 'mother', 'fuss', 416),
(628, 'son', 'logos', 416),
(629, 'husband', 'hubby', 416),
(630, 'gentleman', 'valet_de_chambre', 416),
(631, 'lady', 'ma\'am', 416),
(632, 'king', 'rex', 416),
(633, 'queen', 'queen_regnant', 416),
(634, 'hero', 'champion', 416),
(635, 'waitress', 'wait', 416),
(636, 'steward', 'flight_attendant', 416),
(637, 'policeman', 'officer', 416),
(638, 'fireman', 'stoker', 416),
(639, 'mailman', 'mail_carrier', 416),
(640, 'mankind', 'world', 416),
(641, 'ladies', 'ma\'ams', 416),
(642, 'chairman', 'president', 416),
(643, 'mankind', 'world', 416),
(644, 'quotes', 'quotation_marks', 417),
(645, 'man', 'adult_male', 417),
(646, 'woman', 'adult_female', 417),
(647, 'girl', 'fille', 417),
(648, 'male', 'virile', 417),
(649, 'female', 'distaff', 417),
(650, 'brother', 'blood_brother', 417),
(651, 'sister', 'baby', 417),
(652, 'mother', 'fuss', 417),
(653, 'son', 'logos', 417),
(654, 'husband', 'hubby', 417),
(655, 'gentleman', 'valet_de_chambre', 417),
(656, 'lady', 'ma\'am', 417),
(657, 'king', 'rex', 417),
(658, 'queen', 'queen_regnant', 417),
(659, 'hero', 'champion', 417),
(660, 'waitress', 'wait', 417),
(661, 'steward', 'flight_attendant', 417),
(662, 'policeman', 'officer', 417),
(663, 'fireman', 'stoker', 417),
(664, 'mailman', 'mail_carrier', 417),
(665, 'mankind', 'world', 417),
(666, 'ladies', 'ma\'ams', 417),
(667, 'chairman', 'president', 417),
(668, 'mankind', 'world', 417),
(669, 'chairman', 'president', 418),
(670, 'fireman', 'stoker', 421),
(671, 'quotes', 'quotation_marks', 430),
(672, 'man', 'adult_male', 430),
(673, 'woman', 'adult_female', 430),
(674, 'girl', 'fille', 430),
(675, 'male', 'virile', 430),
(676, 'female', 'distaff', 430),
(677, 'brother', 'blood_brother', 430),
(678, 'sister', 'baby', 430),
(679, 'mother', 'fuss', 430),
(680, 'son', 'logos', 430),
(681, 'husband', 'hubby', 430),
(682, 'gentleman', 'valet_de_chambre', 430),
(683, 'lady', 'ma\'am', 430),
(684, 'king', 'rex', 430),
(685, 'queen', 'queen_regnant', 430),
(686, 'hero', 'champion', 430),
(687, 'waitress', 'wait', 430),
(688, 'steward', 'flight_attendant', 430),
(689, 'policeman', 'officer', 430),
(690, 'fireman', 'stoker', 430),
(691, 'mailman', 'mail_carrier', 430),
(692, 'mankind', 'world', 430),
(693, 'ladies', 'ma\'ams', 430),
(694, 'chairman', 'president', 430),
(695, 'mankind', 'world', 430),
(696, 'mankind', 'world', 431),
(697, 'man', 'adult_male', 432),
(698, 'fisher', 'pekan', 435),
(699, 'fisher', 'pekan', 436),
(700, 'man', 'adult_male', 442),
(701, 'woman', 'adult_female', 442),
(702, 'girl', 'fille', 442),
(703, 'male', 'virile', 442),
(704, 'female', 'distaff', 442),
(705, 'brother', 'blood_brother', 442),
(706, 'sister', 'baby', 442),
(707, 'mother', 'fuss', 442),
(708, 'son', 'logos', 442),
(709, 'husband', 'hubby', 442),
(710, 'gentleman', 'valet_de_chambre', 442),
(711, 'lady', 'ma\'am', 442),
(712, 'king', 'rex', 442),
(713, 'queen', 'queen_regnant', 442),
(714, 'hero', 'champion', 442),
(715, 'waitress', 'wait', 442),
(716, 'steward', 'flight_attendant', 442),
(717, 'policeman', 'officer', 442),
(718, 'fireman', 'stoker', 442),
(719, 'mailman', 'mail_carrier', 442),
(720, 'mankind', 'world', 442),
(721, 'ladies', 'ma\'ams', 442),
(722, 'chairman', 'president', 442),
(723, 'mankind', 'world', 442),
(724, 'woman', 'adult_female', 443),
(725, 'woman', 'adult_female', 444),
(726, 'female', 'distaff', 445),
(727, 'chairman', 'president', 446),
(728, 'chairman', 'president', 447),
(729, 'fireman', 'stoker', 447),
(730, 'mailman', 'mail_carrier', 447),
(731, 'freshman', 'newcomer', 447),
(732, 'chairman', 'president', 448),
(733, 'fireman', 'stoker', 448),
(734, 'mailman', 'mail_carrier', 448),
(735, 'freshman', 'newcomer', 448),
(736, 'chairman', 'president', 448),
(737, 'fireman', 'stoker', 448),
(738, 'mailman', 'mail_carrier', 448),
(739, 'freshman', 'newcomer', 448),
(740, 'chairman', 'president', 448),
(741, 'fireman', 'stoker', 448),
(742, 'mailman', 'mail_carrier', 448),
(743, 'freshman', 'newcomer', 448),
(744, 'chairman', 'president', 448),
(745, 'fireman', 'stoker', 448),
(746, 'mailman', 'mail_carrier', 448),
(747, 'freshman', 'newcomer', 448),
(748, 'chairman', 'president', 448),
(749, 'fireman', 'stoker', 448),
(750, 'mailman', 'mail_carrier', 448),
(751, 'freshman', 'newcomer', 448),
(752, 'chairman', 'president', 448),
(753, 'fireman', 'stoker', 448),
(754, 'mailman', 'mail_carrier', 448),
(755, 'freshman', 'newcomer', 448),
(756, 'chairman', 'president', 448),
(757, 'fireman', 'stoker', 448),
(758, 'mailman', 'mail_carrier', 448),
(759, 'freshman', 'newcomer', 448),
(760, 'chairman', 'president', 448),
(761, 'fireman', 'stoker', 448),
(762, 'mailman', 'mail_carrier', 448),
(763, 'freshman', 'newcomer', 448),
(764, 'chairman', 'president', 448),
(765, 'fireman', 'stoker', 448),
(766, 'mailman', 'mail_carrier', 448),
(767, 'freshman', 'newcomer', 448),
(768, 'chairman', 'president', 449),
(769, 'fireman', 'stoker', 449),
(770, 'mailman', 'mail_carrier', 449),
(771, 'freshman', 'newcomer', 449),
(772, 'chairman', 'president', 449),
(773, 'fireman', 'stoker', 449),
(774, 'mailman', 'mail_carrier', 449),
(775, 'man', 'adult_male', 449),
(776, 'woman', 'adult_female', 449),
(777, 'men', 'hands', 449),
(778, 'women', 'adult_females', 449),
(779, 'girl', 'fille', 449),
(780, 'male', 'virile', 449),
(781, 'female', 'distaff', 449),
(782, 'brother', 'blood_brother', 449),
(783, 'sister', 'baby', 449),
(784, 'mother', 'fuss', 449),
(785, 'son', 'logos', 449),
(786, 'husband', 'hubby', 449),
(787, 'manhood', 'humanity', 449),
(788, 'womanhood', 'muliebrity', 449),
(789, 'gentleman', 'valet_de_chambre', 449),
(790, 'lady', 'ma\'am', 449),
(791, 'king', 'rex', 449),
(792, 'queen', 'queen_regnant', 449),
(793, 'man', 'adult_male', 450),
(794, 'chairman', 'president', 451),
(795, 'fireman', 'stoker', 451),
(796, 'mailman', 'mail_carrier', 451),
(797, 'freshman', 'newcomer', 451),
(798, 'chairman', 'president', 451),
(799, 'fireman', 'stoker', 451),
(800, 'mailman', 'mail_carrier', 451),
(801, 'man', 'adult_male', 451),
(802, 'woman', 'adult_female', 451),
(803, 'men', 'hands', 451),
(804, 'women', 'adult_females', 451),
(805, 'girl', 'fille', 451),
(806, 'male', 'virile', 451),
(807, 'female', 'distaff', 451),
(808, 'brother', 'blood_brother', 451),
(809, 'sister', 'baby', 451),
(810, 'mankind', 'world', 451),
(811, 'father', 'begetter', 451),
(812, 'mother', 'fuss', 451),
(813, 'son', 'logos', 451),
(814, 'husband', 'hubby', 451),
(815, 'manhood', 'humanity', 451),
(816, 'womanhood', 'muliebrity', 451),
(817, 'gentleman', 'valet_de_chambre', 451),
(818, 'lady', 'ma\'am', 451),
(819, 'king', 'rex', 451),
(820, 'queen', 'queen_regnant', 451),
(821, 'mankind', 'world', 452),
(822, 'man', 'adult_male', 453),
(823, 'chairman', 'president', 454),
(824, 'chairman', 'president', 455),
(825, 'fireman', 'stoker', 455),
(826, 'chairman', 'president', 456),
(827, 'fireman', 'stoker', 457),
(828, 'chairman', 'president', 458),
(829, 'fireman', 'stoker', 459),
(830, 'man', 'adult_male', 460),
(831, 'mankind', 'world', 461),
(832, 'chairman', 'president', 462),
(833, 'chairman', 'president', 463),
(834, 'chairman', 'president', 464),
(835, 'chairman', 'president', 465),
(836, 'chairman', 'president', 466),
(837, 'chairman', 'president', 467),
(838, 'chairman', 'president', 468),
(839, 'chairman', 'president', 469),
(840, 'chairman', 'president', 470);

-- --------------------------------------------------------

--
-- Table structure for table `main_paraphrase`
--

CREATE TABLE `main_paraphrase` (
  `para_id` bigint NOT NULL,
  `para_at` datetime(6) NOT NULL,
  `user_id` bigint NOT NULL,
  `txt` longtext
) ENGINE=InnoDB DEFAULT CHARSET=utf8mb4 COLLATE=utf8mb4_0900_ai_ci;

--
-- Dumping data for table `main_paraphrase`
--

INSERT INTO `main_paraphrase` (`para_id`, `para_at`, `user_id`, `txt`) VALUES
(323, '2023-06-24 07:37:07.213856', 4, 'chairman fireman mailman'),
(324, '2023-06-24 07:40:30.344902', 2, 'chairman mailman fireman'),
(325, '2023-06-24 07:40:38.527567', 2, 'chairman mailman'),
(326, '2023-06-24 07:41:23.563895', 2, 'chairman mailman'),
(327, '2023-06-24 07:41:28.875870', 2, 'chairman mailman fireman'),
(328, '2023-06-24 08:32:44.291828', 4, 'chairman'),
(329, '2023-06-24 08:34:21.165147', 4, 'chairman'),
(330, '2023-06-24 15:59:07.483417', 2, ''),
(331, '2023-06-24 17:41:50.418921', 2, ''),
(332, '2023-06-24 17:42:59.733489', 2, ''),
(333, '2023-06-24 17:43:04.766482', 2, ''),
(334, '2023-06-24 17:43:08.416814', 2, ''),
(335, '2023-06-24 17:45:28.306835', 2, ''),
(336, '2023-06-24 17:45:30.186736', 2, ''),
(337, '2023-06-24 17:45:32.329190', 2, ''),
(338, '2023-06-24 17:45:34.006490', 2, ''),
(339, '2023-06-24 17:45:36.858280', 2, ''),
(340, '2023-06-24 17:45:38.183861', 2, ''),
(341, '2023-06-24 17:45:39.576458', 2, ''),
(342, '2023-06-24 17:45:40.856274', 2, ''),
(343, '2023-06-24 17:46:01.415180', 2, ''),
(344, '2023-06-24 17:46:14.093706', 2, ''),
(345, '2023-06-24 17:46:15.567890', 2, ''),
(346, '2023-06-24 17:46:23.489181', 2, 'i am the god of war'),
(347, '2023-06-24 17:46:25.170295', 2, 'i am the god of war'),
(348, '2023-06-24 17:47:24.616695', 2, 'i am the god of war'),
(349, '2023-06-24 17:47:26.014425', 2, 'i am the god of war'),
(350, '2023-06-24 17:47:27.099746', 2, 'i am the god of war'),
(351, '2023-06-24 17:47:35.797841', 2, 'i am the god of war'),
(352, '2023-06-24 17:47:36.051392', 2, 'i am the god of war'),
(353, '2023-06-24 17:47:37.148760', 2, 'i am the god of war'),
(354, '2023-06-24 17:47:37.383911', 2, 'i am the god of war'),
(355, '2023-06-24 17:47:38.407520', 2, 'i am the god of war'),
(356, '2023-06-24 17:47:39.506201', 2, 'i am the god of war'),
(357, '2023-06-24 17:47:40.666511', 2, 'i am the god of war'),
(358, '2023-06-24 18:09:44.638112', 2, ''),
(359, '2023-06-24 18:09:46.033132', 2, ''),
(360, '2023-06-24 18:09:48.583463', 2, 'a'),
(361, '2023-06-24 18:09:56.268718', 2, 'a ada a'),
(362, '2023-06-24 18:09:57.808579', 2, 'a ada a'),
(363, '2023-06-24 18:09:58.339074', 2, 'a ada a'),
(364, '2023-06-24 20:08:18.670559', 2, 'waiter'),
(365, '2023-06-24 20:08:20.244949', 2, 'waiter'),
(366, '2023-06-24 20:08:22.538146', 2, 'waiter'),
(367, '2023-06-24 20:08:23.600883', 2, 'waiter'),
(368, '2023-06-24 20:08:23.768609', 2, 'waiter'),
(369, '2023-06-24 20:08:23.999126', 2, 'waiter'),
(370, '2023-06-24 20:08:24.221416', 2, 'waiter'),
(371, '2023-06-24 20:08:24.644394', 2, 'waiter'),
(372, '2023-06-24 20:08:24.866208', 2, 'waiter'),
(373, '2023-06-24 20:08:25.095253', 2, 'waiter'),
(374, '2023-06-25 03:40:03.084410', 4, 'i am the chairman'),
(375, '2023-06-25 03:40:05.548239', 4, 'i am the chairman'),
(376, '2023-06-25 03:45:58.412148', 4, 'i am the chairman'),
(377, '2023-06-25 03:48:01.126412', 4, 'i am the chairman and fisherman'),
(378, '2023-06-25 03:48:02.464149', 4, 'i am the chairman and fisherman'),
(379, '2023-06-25 03:48:03.531855', 4, 'i am the chairman and fisherman'),
(380, '2023-06-25 03:48:10.763161', 4, 'i am the chairman and man'),
(381, '2023-06-25 04:40:21.926092', 4, 'i am the chairman'),
(382, '2023-06-25 04:40:24.124811', 4, 'i am the chairman'),
(383, '2023-06-25 05:00:48.452643', 4, 'chairman'),
(384, '2023-06-25 05:01:10.245939', 4, 'chairman, lady'),
(385, '2023-06-25 05:01:11.809172', 4, 'chairman, lady'),
(386, '2023-06-25 05:01:12.858332', 4, 'chairman, lady'),
(387, '2023-06-25 05:01:13.097126', 4, 'chairman, lady'),
(388, '2023-06-25 05:03:02.071037', 4, 'chairman'),
(389, '2023-06-25 05:04:01.513996', 4, 'chairman'),
(390, '2023-06-25 05:04:56.606719', 4, 'chairman'),
(391, '2023-06-25 05:05:56.827842', 4, 'chairman'),
(392, '2023-06-25 05:06:41.967179', 4, 'chairman'),
(393, '2023-06-25 05:06:48.354205', 4, 'chairman'),
(394, '2023-06-25 05:07:49.382850', 4, 'chairman'),
(395, '2023-06-25 05:09:28.737443', 4, 'chairman'),
(396, '2023-06-25 05:10:59.542249', 4, 'chairman'),
(397, '2023-06-25 05:13:42.274080', 4, 'chairman'),
(398, '2023-06-25 05:15:45.324664', 4, 'chairman'),
(399, '2023-06-25 05:18:52.258400', 4, 'chairman'),
(400, '2023-06-25 05:19:40.315599', 4, 'chairman'),
(401, '2023-06-25 05:22:37.699624', 4, 'Chairman'),
(402, '2023-06-25 05:25:26.232670', 4, 'chairman'),
(403, '2023-06-25 05:27:43.812028', 4, 'chairman'),
(404, '2023-06-25 05:28:56.985662', 4, 'chairman'),
(405, '2023-06-25 05:32:01.680542', 4, 'chairman'),
(406, '2023-06-25 05:42:34.045791', 4, 'chairman'),
(407, '2023-06-25 05:43:17.210873', 4, 'chairman'),
(408, '2023-06-25 05:43:58.252784', 4, '\'man\', \'woman\', \'boy\', \'girl\', \'male\', \'female\', \'he\', \'she\', \'his\', \'hers\',  \'brother\', \'sister\', \'father\', \'mother\', \'son\', \'daughter\', \'husband\', \'wife\',  \'gentleman\', \'lady\', \'king\', \'queen\', \'prince\', \'princess\', \'hero\', \'heroine\',  \'actor\', \'actress\', \'waiter\', \'waitress\', \'steward\', \'stewardess\', \'policeman\',  \'policewoman\', \'fireman\', \'firewoman\', \'mailman\', \'mailwoman\'\'mankind\',  \'nanny\', \'department\', \'ladies\', \'chairman\', \'fisherman\', \'she\', \'stamen\',  \'mankind\']'),
(409, '2023-06-25 05:44:22.043705', 4, 'man woman girl female he she father mother son'),
(410, '2023-06-25 05:45:49.917912', 4, 'the woman is pretty'),
(411, '2023-06-25 05:46:13.205761', 4, '\'man\', \'woman\', \'boy\', \'girl\', \'male\', \'female\', \'he\', \'she\', \'his\', \'hers\',  \'brother\', \'sister\', \'father\', \'mother\', \'son\', \'daughter\', \'husband\', \'wife\',  \'gentleman\', \'lady\', \'king\', \'queen\', \'prince\', \'princess\', \'hero\', \'heroine\',  \'actor\', \'actress\', \'waiter\', \'waitress\', \'steward\', \'stewardess\', \'policeman\',  \'policewoman\', \'fireman\', \'firewoman\', \'mailman\', \'mailwoman\'\'mankind\',  \'nanny\', \'department\', \'ladies\', \'chairman\', \'fisherman\', \'she\', \'stamen\',  \'mankind\']'),
(412, '2023-06-25 05:47:00.163751', 4, 'postman'),
(413, '2023-06-25 05:47:13.690102', 4, 'mankind'),
(414, '2023-06-25 05:48:24.569960', 4, 'Here\'s the updated list without single quotes:man, woman, boy, girl, male, female, he, she, his, hers,brother, sister, father, mother, son, daughter, husband, wife,gentleman, lady, king, queen, prince, princess, hero, heroine,actor, actress, waiter, waitress, steward, stewardess, policeman,policewoman, fireman, firewoman, mailman, mailwoman, mankind,nanny, department, ladies, chairman, fisherman, she, stamen,mankind'),
(415, '2023-06-25 05:48:51.173645', 4, 'nanny'),
(416, '2023-06-25 05:49:09.721087', 4, 'Here\'s the updated list without single quotes:man, woman, boy, girl, male, female, he, she, his, hers,brother, sister, father, mother, son, daughter, husband, wife,gentleman, lady, king, queen, prince, princess, hero, heroine,actor, actress, waiter, waitress, steward, stewardess, policeman,policewoman, fireman, firewoman, mailman, mailwoman, mankind,nanny, department, ladies, chairman, fisherman, she, stamen,mankind'),
(417, '2023-06-25 05:53:20.398315', 4, 'Here\'s the updated list without single quotes:man, woman, boy, girl, male, female, he, she, his, hers,brother, sister, father, mother, son, daughter, husband, wife,gentleman, lady, king, queen, prince, princess, hero, heroine,actor, actress, waiter, waitress, steward, stewardess, policeman,policewoman, fireman, firewoman, mailman, mailwoman, mankind,nanny, department, ladies, chairman, fisherman, she, stamen,mankind'),
(418, '2023-06-25 05:54:32.655418', 4, 'chairman'),
(419, '2023-06-25 05:54:45.698972', 4, 'firewoman'),
(420, '2023-06-25 05:54:49.983874', 4, 'firewoman'),
(421, '2023-06-25 05:54:56.618848', 4, 'fireman'),
(422, '2023-06-25 05:55:13.640047', 4, 'fisherman'),
(423, '2023-06-25 05:55:17.403207', 4, 'fisherman'),
(424, '2023-06-25 05:55:19.289362', 4, 'fisherman'),
(425, '2023-06-25 05:55:19.888205', 4, 'fisherman'),
(426, '2023-06-25 05:55:19.893759', 4, 'fisherman'),
(427, '2023-06-25 05:55:20.587032', 4, 'fisherman'),
(428, '2023-06-25 05:55:20.784843', 4, 'fisherman'),
(429, '2023-06-25 05:55:21.694990', 4, 'fisherman'),
(430, '2023-06-25 05:55:58.493348', 4, 'Here\'s the updated list without single quotes:man, woman, boy, girl, male, female, he, she, his, hers,brother, sister, father, mother, son, daughter, husband, wife,gentleman, lady, king, queen, prince, princess, hero, heroine,actor, actress, waiter, waitress, steward, stewardess, policeman,policewoman, fireman, firewoman, mailman, mailwoman, mankind,nanny, department, ladies, chairman, fisherman, she, stamen,mankind'),
(431, '2023-06-25 05:56:49.124665', 4, 'mankind'),
(432, '2023-06-25 05:56:58.533188', 4, 'man'),
(433, '2023-06-25 05:57:24.928467', 4, 'fisherman'),
(434, '2023-06-25 05:57:29.150474', 4, 'fishermen'),
(435, '2023-06-25 05:58:41.803354', 4, 'fisher'),
(436, '2023-06-25 05:58:52.914909', 4, 'fisher'),
(437, '2023-06-25 05:59:43.382642', 4, 'chairperson'),
(438, '2023-06-25 06:00:53.600793', 4, 'policewoman'),
(439, '2023-06-25 06:01:34.476026', 4, 'police matron'),
(440, '2023-06-25 06:01:45.513065', 4, 'police_matron'),
(441, '2023-06-25 06:01:51.582829', 4, 'officer'),
(442, '2023-06-25 06:02:37.736969', 4, 'Here\'s the updated list without single :man, woman, boy, girl, male, female, he, she, his, hers,brother, sister, father, mother, son, daughter, husband, wife,gentleman, lady, king, queen, prince, princess, hero, heroine,actor, actress, waiter, waitress, steward, stewardess, policeman,policewoman, fireman, firewoman, mailman, mailwoman, mankind,nanny, department, ladies, chairman, fisherman, she, stamen,mankind'),
(443, '2023-06-25 06:03:12.945053', 4, 'woman'),
(444, '2023-06-25 06:03:29.716141', 4, 'woman'),
(445, '2023-06-25 06:03:35.960130', 4, 'female'),
(446, '2023-06-25 06:35:38.434465', 4, 'chairman'),
(447, '2023-06-25 15:26:06.924038', 2, 'chairman fireman mailman freshman'),
(448, '2023-06-25 15:26:47.319019', 2, 'chairman fireman mailman freshman chairman fireman mailman freshman chairman fireman mailman freshman chairman fireman mailman freshman chairman fireman mailman freshman chairman fireman mailman freshman chairman fireman mailman freshman chairman fireman mailman freshman chairman fireman mailman freshman'),
(449, '2023-06-25 15:30:13.812938', 2, 'chairman fireman mailman freshman chairman fireman mailmanman, woman, men, women, boy, girl, male, female,\nhe, she, him, her, his, hers, brother, sister,\nfather, mother, son, daughter, husband, wife, manhood,\nwomanhood, gentleman, lady, king, queen, prince, princess'),
(450, '2023-06-25 15:33:46.102667', 2, 'man'),
(451, '2023-06-25 15:34:24.356579', 2, 'chairman fireman mailman freshman chairman fireman mailmanman, woman, men, women, boy, girl, male, female,\nhe, she, him, her, his, hers, brother, sister, mankind\nfather, mother, son, daughter, husband, wife, manhood,\nwomanhood, gentleman, lady, king, queen, prince, princess'),
(452, '2023-06-25 15:34:49.418628', 2, 'mankind'),
(453, '2023-06-25 15:34:57.835041', 2, 'man'),
(454, '2023-06-25 16:03:58.758505', 2, 'chairman'),
(455, '2023-06-25 16:04:06.118437', 2, 'chairman fireman'),
(456, '2023-06-25 16:07:17.904462', 4, 'chairman'),
(457, '2023-06-25 16:07:46.316885', 4, 'fireman'),
(458, '2023-07-05 07:55:24.367811', 4, 'chairman'),
(459, '2023-07-05 07:58:43.317484', 4, 'fireman'),
(460, '2023-07-05 08:06:57.322736', 4, 'man'),
(461, '2023-07-05 08:07:18.421880', 4, 'mankind'),
(462, '2023-07-06 13:44:02.653222', 4, 'Text Another text chairman'),
(463, '2023-07-06 13:55:17.175208', 4, 'the chairman is the one.'),
(464, '2023-07-20 06:25:26.292684', 4, 'chairman'),
(465, '2023-07-23 04:10:16.190804', 4, 'chairman'),
(466, '2023-07-23 05:18:14.008557', 2, 'chairman'),
(467, '2023-07-25 04:21:54.238021', 4, 'chairman'),
(468, '2023-07-25 04:22:34.900284', 4, 'chairman'),
(469, '2023-07-25 04:23:49.921750', 4, 'chairman'),
(470, '2023-07-25 04:25:48.235266', 2, 'chairman');

-- --------------------------------------------------------

--
-- Table structure for table `main_repdetail`
--

CREATE TABLE `main_repdetail` (
  `repdet_id` bigint NOT NULL,
  `det` varchar(255) NOT NULL,
  `rep` varchar(255) NOT NULL,
  `repl_id` bigint NOT NULL
) ENGINE=InnoDB DEFAULT CHARSET=utf8mb4 COLLATE=utf8mb4_0900_ai_ci;

--
-- Dumping data for table `main_repdetail`
--

INSERT INTO `main_repdetail` (`repdet_id`, `det`, `rep`, `repl_id`) VALUES
(27, 'chairman', 'president', 27),
(28, 'fireman', 'stoker', 27),
(29, 'mailman', 'mail_carrier', 27),
(30, 'chairman', 'chairperson', 27);

-- --------------------------------------------------------

--
-- Table structure for table `main_replacement`
--

CREATE TABLE `main_replacement` (
  `repl_id` bigint NOT NULL,
  `repl_at` datetime(6) NOT NULL,
  `user_id` bigint NOT NULL
) ENGINE=InnoDB DEFAULT CHARSET=utf8mb4 COLLATE=utf8mb4_0900_ai_ci;

--
-- Dumping data for table `main_replacement`
--

INSERT INTO `main_replacement` (`repl_id`, `repl_at`, `user_id`) VALUES
(27, '2023-06-24 07:38:53.007699', 4),
(30, '2023-06-24 08:46:16.198952', 4);

-- --------------------------------------------------------

--
-- Table structure for table `main_user`
--

CREATE TABLE `main_user` (
  `user_id` bigint NOT NULL,
  `name` varchar(255) NOT NULL,
  `phone` varchar(255) NOT NULL,
  `email` varchar(255) NOT NULL,
  `uname` varchar(255) NOT NULL,
  `pswd` varchar(255) NOT NULL,
  `utype` varchar(255) NOT NULL,
  `token` varchar(255) NOT NULL,
  `verified` tinyint(1) NOT NULL
) ENGINE=InnoDB DEFAULT CHARSET=utf8mb4 COLLATE=utf8mb4_0900_ai_ci;

--
-- Dumping data for table `main_user`
--

INSERT INTO `main_user` (`user_id`, `name`, `phone`, `email`, `uname`, `pswd`, `utype`, `token`, `verified`) VALUES
(2, 'Stefano Alcantara', '09294945769', 'bonzealcantara@gmail.com', 'Bonze123', 'pass_123', 'user', 'hJt3qN7a\r\n', 1),
(4, 'Moses Alcantara', '09685913442', 'mosesalcantara123@gmail.com', 'Moses123', 'pass_123', 'admin', 'GqtTqN7U', 1);

--
-- Indexes for dumped tables
--

--
-- Indexes for table `auth_group`
--
ALTER TABLE `auth_group`
  ADD PRIMARY KEY (`id`),
  ADD UNIQUE KEY `name` (`name`);

--
-- Indexes for table `auth_group_permissions`
--
ALTER TABLE `auth_group_permissions`
  ADD PRIMARY KEY (`id`),
  ADD UNIQUE KEY `auth_group_permissions_group_id_permission_id_0cd325b0_uniq` (`group_id`,`permission_id`),
  ADD KEY `auth_group_permissio_permission_id_84c5c92e_fk_auth_perm` (`permission_id`);

--
-- Indexes for table `auth_permission`
--
ALTER TABLE `auth_permission`
  ADD PRIMARY KEY (`id`),
  ADD UNIQUE KEY `auth_permission_content_type_id_codename_01ab375a_uniq` (`content_type_id`,`codename`);

--
-- Indexes for table `auth_user`
--
ALTER TABLE `auth_user`
  ADD PRIMARY KEY (`id`),
  ADD UNIQUE KEY `username` (`username`);

--
-- Indexes for table `auth_user_groups`
--
ALTER TABLE `auth_user_groups`
  ADD PRIMARY KEY (`id`),
  ADD UNIQUE KEY `auth_user_groups_user_id_group_id_94350c0c_uniq` (`user_id`,`group_id`),
  ADD KEY `auth_user_groups_group_id_97559544_fk_auth_group_id` (`group_id`);

--
-- Indexes for table `auth_user_user_permissions`
--
ALTER TABLE `auth_user_user_permissions`
  ADD PRIMARY KEY (`id`),
  ADD UNIQUE KEY `auth_user_user_permissions_user_id_permission_id_14a6b632_uniq` (`user_id`,`permission_id`),
  ADD KEY `auth_user_user_permi_permission_id_1fbb5f2c_fk_auth_perm` (`permission_id`);

--
-- Indexes for table `backend_dataset`
--
ALTER TABLE `backend_dataset`
  ADD PRIMARY KEY (`word_id`);

--
-- Indexes for table `backend_paradetail`
--
ALTER TABLE `backend_paradetail`
  ADD PRIMARY KEY (`paradet_id`),
  ADD KEY `backend_paradetail_para_id_c6d2c750_fk_backend_p` (`para_id`);

--
-- Indexes for table `backend_paraphrase`
--
ALTER TABLE `backend_paraphrase`
  ADD PRIMARY KEY (`para_id`),
  ADD KEY `backend_paraphrase_user_id_739349b4_fk_backend_user_user_id` (`user_id`);

--
-- Indexes for table `backend_repdetail`
--
ALTER TABLE `backend_repdetail`
  ADD PRIMARY KEY (`repdet_id`),
  ADD KEY `backend_repdetail_repl_id_941135a4_fk_backend_r` (`repl_id`);

--
-- Indexes for table `backend_replacement`
--
ALTER TABLE `backend_replacement`
  ADD PRIMARY KEY (`repl_id`),
  ADD KEY `backend_replacement_user_id_c5204ea5_fk_backend_user_user_id` (`user_id`);

--
-- Indexes for table `backend_user`
--
ALTER TABLE `backend_user`
  ADD PRIMARY KEY (`user_id`);

--
-- Indexes for table `django_admin_log`
--
ALTER TABLE `django_admin_log`
  ADD PRIMARY KEY (`id`),
  ADD KEY `django_admin_log_content_type_id_c4bce8eb_fk_django_co` (`content_type_id`),
  ADD KEY `django_admin_log_user_id_c564eba6_fk_auth_user_id` (`user_id`);

--
-- Indexes for table `django_content_type`
--
ALTER TABLE `django_content_type`
  ADD PRIMARY KEY (`id`),
  ADD UNIQUE KEY `django_content_type_app_label_model_76bd3d3b_uniq` (`app_label`,`model`);

--
-- Indexes for table `django_migrations`
--
ALTER TABLE `django_migrations`
  ADD PRIMARY KEY (`id`);

--
-- Indexes for table `django_session`
--
ALTER TABLE `django_session`
  ADD PRIMARY KEY (`session_key`),
  ADD KEY `django_session_expire_date_a5c62663` (`expire_date`);

--
-- Indexes for table `main_data_set`
--
ALTER TABLE `main_data_set`
  ADD PRIMARY KEY (`word_id`);

--
-- Indexes for table `main_paradetail`
--
ALTER TABLE `main_paradetail`
  ADD PRIMARY KEY (`paradet_id`),
  ADD KEY `main_paradetail_para_id_e4110d9e_fk_main_paraphrase_para_id` (`para_id`);

--
-- Indexes for table `main_paraphrase`
--
ALTER TABLE `main_paraphrase`
  ADD PRIMARY KEY (`para_id`),
  ADD KEY `main_paraphrase_user_id_f32cd1e9_fk_main_user_user_id` (`user_id`);

--
-- Indexes for table `main_repdetail`
--
ALTER TABLE `main_repdetail`
  ADD PRIMARY KEY (`repdet_id`),
  ADD KEY `main_repdetail_repl_id_cc5129b0_fk_main_replacement_rep_id` (`repl_id`);

--
-- Indexes for table `main_replacement`
--
ALTER TABLE `main_replacement`
  ADD PRIMARY KEY (`repl_id`),
  ADD KEY `main_replacement_user_id_27ca44b4_fk_main_user_user_id` (`user_id`);

--
-- Indexes for table `main_user`
--
ALTER TABLE `main_user`
  ADD PRIMARY KEY (`user_id`);

--
-- AUTO_INCREMENT for dumped tables
--

--
-- AUTO_INCREMENT for table `auth_group`
--
ALTER TABLE `auth_group`
  MODIFY `id` int NOT NULL AUTO_INCREMENT;

--
-- AUTO_INCREMENT for table `auth_group_permissions`
--
ALTER TABLE `auth_group_permissions`
  MODIFY `id` bigint NOT NULL AUTO_INCREMENT;

--
-- AUTO_INCREMENT for table `auth_permission`
--
ALTER TABLE `auth_permission`
  MODIFY `id` int NOT NULL AUTO_INCREMENT, AUTO_INCREMENT=77;

--
-- AUTO_INCREMENT for table `auth_user`
--
ALTER TABLE `auth_user`
  MODIFY `id` int NOT NULL AUTO_INCREMENT;

--
-- AUTO_INCREMENT for table `auth_user_groups`
--
ALTER TABLE `auth_user_groups`
  MODIFY `id` bigint NOT NULL AUTO_INCREMENT;

--
-- AUTO_INCREMENT for table `auth_user_user_permissions`
--
ALTER TABLE `auth_user_user_permissions`
  MODIFY `id` bigint NOT NULL AUTO_INCREMENT;

--
-- AUTO_INCREMENT for table `backend_dataset`
--
ALTER TABLE `backend_dataset`
  MODIFY `word_id` bigint NOT NULL AUTO_INCREMENT, AUTO_INCREMENT=1910;

--
-- AUTO_INCREMENT for table `backend_paradetail`
--
ALTER TABLE `backend_paradetail`
  MODIFY `paradet_id` bigint NOT NULL AUTO_INCREMENT, AUTO_INCREMENT=7;

--
-- AUTO_INCREMENT for table `backend_paraphrase`
--
ALTER TABLE `backend_paraphrase`
  MODIFY `para_id` bigint NOT NULL AUTO_INCREMENT, AUTO_INCREMENT=7;

--
-- AUTO_INCREMENT for table `backend_repdetail`
--
ALTER TABLE `backend_repdetail`
  MODIFY `repdet_id` bigint NOT NULL AUTO_INCREMENT, AUTO_INCREMENT=3;

--
-- AUTO_INCREMENT for table `backend_replacement`
--
ALTER TABLE `backend_replacement`
  MODIFY `repl_id` bigint NOT NULL AUTO_INCREMENT, AUTO_INCREMENT=4;

--
-- AUTO_INCREMENT for table `backend_user`
--
ALTER TABLE `backend_user`
  MODIFY `user_id` bigint NOT NULL AUTO_INCREMENT, AUTO_INCREMENT=8;

--
-- AUTO_INCREMENT for table `django_admin_log`
--
ALTER TABLE `django_admin_log`
  MODIFY `id` int NOT NULL AUTO_INCREMENT;

--
-- AUTO_INCREMENT for table `django_content_type`
--
ALTER TABLE `django_content_type`
  MODIFY `id` int NOT NULL AUTO_INCREMENT, AUTO_INCREMENT=19;

--
-- AUTO_INCREMENT for table `django_migrations`
--
ALTER TABLE `django_migrations`
  MODIFY `id` bigint NOT NULL AUTO_INCREMENT, AUTO_INCREMENT=30;

--
-- AUTO_INCREMENT for table `main_data_set`
--
ALTER TABLE `main_data_set`
  MODIFY `word_id` bigint NOT NULL AUTO_INCREMENT, AUTO_INCREMENT=3821;

--
-- AUTO_INCREMENT for table `main_paradetail`
--
ALTER TABLE `main_paradetail`
  MODIFY `paradet_id` bigint NOT NULL AUTO_INCREMENT, AUTO_INCREMENT=841;

--
-- AUTO_INCREMENT for table `main_paraphrase`
--
ALTER TABLE `main_paraphrase`
  MODIFY `para_id` bigint NOT NULL AUTO_INCREMENT, AUTO_INCREMENT=471;

--
-- AUTO_INCREMENT for table `main_repdetail`
--
ALTER TABLE `main_repdetail`
  MODIFY `repdet_id` bigint NOT NULL AUTO_INCREMENT, AUTO_INCREMENT=32;

--
-- AUTO_INCREMENT for table `main_replacement`
--
ALTER TABLE `main_replacement`
  MODIFY `repl_id` bigint NOT NULL AUTO_INCREMENT, AUTO_INCREMENT=37;

--
-- AUTO_INCREMENT for table `main_user`
--
ALTER TABLE `main_user`
  MODIFY `user_id` bigint NOT NULL AUTO_INCREMENT, AUTO_INCREMENT=31;

--
-- Constraints for dumped tables
--

--
-- Constraints for table `auth_group_permissions`
--
ALTER TABLE `auth_group_permissions`
  ADD CONSTRAINT `auth_group_permissio_permission_id_84c5c92e_fk_auth_perm` FOREIGN KEY (`permission_id`) REFERENCES `auth_permission` (`id`),
  ADD CONSTRAINT `auth_group_permissions_group_id_b120cbf9_fk_auth_group_id` FOREIGN KEY (`group_id`) REFERENCES `auth_group` (`id`);

--
-- Constraints for table `auth_permission`
--
ALTER TABLE `auth_permission`
  ADD CONSTRAINT `auth_permission_content_type_id_2f476e4b_fk_django_co` FOREIGN KEY (`content_type_id`) REFERENCES `django_content_type` (`id`);

--
-- Constraints for table `auth_user_groups`
--
ALTER TABLE `auth_user_groups`
  ADD CONSTRAINT `auth_user_groups_group_id_97559544_fk_auth_group_id` FOREIGN KEY (`group_id`) REFERENCES `auth_group` (`id`),
  ADD CONSTRAINT `auth_user_groups_user_id_6a12ed8b_fk_auth_user_id` FOREIGN KEY (`user_id`) REFERENCES `auth_user` (`id`);

--
-- Constraints for table `auth_user_user_permissions`
--
ALTER TABLE `auth_user_user_permissions`
  ADD CONSTRAINT `auth_user_user_permi_permission_id_1fbb5f2c_fk_auth_perm` FOREIGN KEY (`permission_id`) REFERENCES `auth_permission` (`id`),
  ADD CONSTRAINT `auth_user_user_permissions_user_id_a95ead1b_fk_auth_user_id` FOREIGN KEY (`user_id`) REFERENCES `auth_user` (`id`);

--
-- Constraints for table `backend_paradetail`
--
ALTER TABLE `backend_paradetail`
  ADD CONSTRAINT `backend_paradetail_para_id_c6d2c750_fk_backend_p` FOREIGN KEY (`para_id`) REFERENCES `backend_paraphrase` (`para_id`);

--
-- Constraints for table `backend_paraphrase`
--
ALTER TABLE `backend_paraphrase`
  ADD CONSTRAINT `backend_paraphrase_user_id_739349b4_fk_backend_user_user_id` FOREIGN KEY (`user_id`) REFERENCES `backend_user` (`user_id`);

--
-- Constraints for table `backend_repdetail`
--
ALTER TABLE `backend_repdetail`
  ADD CONSTRAINT `backend_repdetail_repl_id_941135a4_fk_backend_r` FOREIGN KEY (`repl_id`) REFERENCES `backend_replacement` (`repl_id`);

--
-- Constraints for table `backend_replacement`
--
ALTER TABLE `backend_replacement`
  ADD CONSTRAINT `backend_replacement_user_id_c5204ea5_fk_backend_user_user_id` FOREIGN KEY (`user_id`) REFERENCES `backend_user` (`user_id`);

--
-- Constraints for table `django_admin_log`
--
ALTER TABLE `django_admin_log`
  ADD CONSTRAINT `django_admin_log_content_type_id_c4bce8eb_fk_django_co` FOREIGN KEY (`content_type_id`) REFERENCES `django_content_type` (`id`),
  ADD CONSTRAINT `django_admin_log_user_id_c564eba6_fk_auth_user_id` FOREIGN KEY (`user_id`) REFERENCES `auth_user` (`id`);

--
-- Constraints for table `main_paradetail`
--
ALTER TABLE `main_paradetail`
  ADD CONSTRAINT `main_paradetail_para_id_e4110d9e_fk_main_paraphrase_para_id` FOREIGN KEY (`para_id`) REFERENCES `main_paraphrase` (`para_id`);

--
-- Constraints for table `main_paraphrase`
--
ALTER TABLE `main_paraphrase`
  ADD CONSTRAINT `main_paraphrase_user_id_f32cd1e9_fk_main_user_user_id` FOREIGN KEY (`user_id`) REFERENCES `main_user` (`user_id`);

--
-- Constraints for table `main_repdetail`
--
ALTER TABLE `main_repdetail`
  ADD CONSTRAINT `main_repdetail_repl_id_cc5129b0_fk_main_replacement_rep_id` FOREIGN KEY (`repl_id`) REFERENCES `main_replacement` (`repl_id`);

--
-- Constraints for table `main_replacement`
--
ALTER TABLE `main_replacement`
  ADD CONSTRAINT `main_replacement_user_id_27ca44b4_fk_main_user_user_id` FOREIGN KEY (`user_id`) REFERENCES `main_user` (`user_id`);
COMMIT;

/*!40101 SET CHARACTER_SET_CLIENT=@OLD_CHARACTER_SET_CLIENT */;
/*!40101 SET CHARACTER_SET_RESULTS=@OLD_CHARACTER_SET_RESULTS */;
/*!40101 SET COLLATION_CONNECTION=@OLD_COLLATION_CONNECTION */;
