-- phpMyAdmin SQL Dump
-- version 5.2.0
-- https://www.phpmyadmin.net/
--
-- Host: localhost:3306
-- Generation Time: Oct 04, 2023 at 04:10 PM
-- Server version: 8.0.30
-- PHP Version: 8.1.10

SET SQL_MODE = "NO_AUTO_VALUE_ON_ZERO";
START TRANSACTION;
SET time_zone = "+00:00";


/*!40101 SET @OLD_CHARACTER_SET_CLIENT=@@CHARACTER_SET_CLIENT */;
/*!40101 SET @OLD_CHARACTER_SET_RESULTS=@@CHARACTER_SET_RESULTS */;
/*!40101 SET @OLD_COLLATION_CONNECTION=@@COLLATION_CONNECTION */;
/*!40101 SET NAMES utf8mb4 */;

--
-- Database: `gadly`
--

-- --------------------------------------------------------

--
-- Table structure for table `auth_group`
--

CREATE TABLE `auth_group` (
  `id` int NOT NULL,
  `name` varchar(150) NOT NULL
) ENGINE=InnoDB DEFAULT CHARSET=utf8mb4 COLLATE=utf8mb4_0900_ai_ci;

-- --------------------------------------------------------

--
-- Table structure for table `auth_group_permissions`
--

CREATE TABLE `auth_group_permissions` (
  `id` bigint NOT NULL,
  `group_id` int NOT NULL,
  `permission_id` int NOT NULL
) ENGINE=InnoDB DEFAULT CHARSET=utf8mb4 COLLATE=utf8mb4_0900_ai_ci;

-- --------------------------------------------------------

--
-- Table structure for table `auth_permission`
--

CREATE TABLE `auth_permission` (
  `id` int NOT NULL,
  `name` varchar(255) NOT NULL,
  `content_type_id` int NOT NULL,
  `codename` varchar(100) NOT NULL
) ENGINE=InnoDB DEFAULT CHARSET=utf8mb4 COLLATE=utf8mb4_0900_ai_ci;

--
-- Dumping data for table `auth_permission`
--

INSERT INTO `auth_permission` (`id`, `name`, `content_type_id`, `codename`) VALUES
(1, 'Can add data_set', 1, 'add_data_set'),
(2, 'Can change data_set', 1, 'change_data_set'),
(3, 'Can delete data_set', 1, 'delete_data_set'),
(4, 'Can view data_set', 1, 'view_data_set'),
(5, 'Can add user', 2, 'add_user'),
(6, 'Can change user', 2, 'change_user'),
(7, 'Can delete user', 2, 'delete_user'),
(8, 'Can view user', 2, 'view_user'),
(9, 'Can add replacement', 3, 'add_replacement'),
(10, 'Can change replacement', 3, 'change_replacement'),
(11, 'Can delete replacement', 3, 'delete_replacement'),
(12, 'Can view replacement', 3, 'view_replacement'),
(13, 'Can add rep detail', 4, 'add_repdetail'),
(14, 'Can change rep detail', 4, 'change_repdetail'),
(15, 'Can delete rep detail', 4, 'delete_repdetail'),
(16, 'Can view rep detail', 4, 'view_repdetail'),
(17, 'Can add paraphrase', 5, 'add_paraphrase'),
(18, 'Can change paraphrase', 5, 'change_paraphrase'),
(19, 'Can delete paraphrase', 5, 'delete_paraphrase'),
(20, 'Can view paraphrase', 5, 'view_paraphrase'),
(21, 'Can add para detail', 6, 'add_paradetail'),
(22, 'Can change para detail', 6, 'change_paradetail'),
(23, 'Can delete para detail', 6, 'delete_paradetail'),
(24, 'Can view para detail', 6, 'view_paradetail'),
(25, 'Can add log entry', 7, 'add_logentry'),
(26, 'Can change log entry', 7, 'change_logentry'),
(27, 'Can delete log entry', 7, 'delete_logentry'),
(28, 'Can view log entry', 7, 'view_logentry'),
(29, 'Can add permission', 8, 'add_permission'),
(30, 'Can change permission', 8, 'change_permission'),
(31, 'Can delete permission', 8, 'delete_permission'),
(32, 'Can view permission', 8, 'view_permission'),
(33, 'Can add group', 9, 'add_group'),
(34, 'Can change group', 9, 'change_group'),
(35, 'Can delete group', 9, 'delete_group'),
(36, 'Can view group', 9, 'view_group'),
(37, 'Can add user', 10, 'add_user'),
(38, 'Can change user', 10, 'change_user'),
(39, 'Can delete user', 10, 'delete_user'),
(40, 'Can view user', 10, 'view_user'),
(41, 'Can add content type', 11, 'add_contenttype'),
(42, 'Can change content type', 11, 'change_contenttype'),
(43, 'Can delete content type', 11, 'delete_contenttype'),
(44, 'Can view content type', 11, 'view_contenttype'),
(45, 'Can add session', 12, 'add_session'),
(46, 'Can change session', 12, 'change_session'),
(47, 'Can delete session', 12, 'delete_session'),
(48, 'Can view session', 12, 'view_session'),
(49, 'Can add data_set', 13, 'add_data_set'),
(50, 'Can change data_set', 13, 'change_data_set'),
(51, 'Can delete data_set', 13, 'delete_data_set'),
(52, 'Can view data_set', 13, 'view_data_set'),
(53, 'Can add paraphrase', 14, 'add_paraphrase'),
(54, 'Can change paraphrase', 14, 'change_paraphrase'),
(55, 'Can delete paraphrase', 14, 'delete_paraphrase'),
(56, 'Can view paraphrase', 14, 'view_paraphrase'),
(57, 'Can add user', 15, 'add_user'),
(58, 'Can change user', 15, 'change_user'),
(59, 'Can delete user', 15, 'delete_user'),
(60, 'Can view user', 15, 'view_user'),
(61, 'Can add para detail', 16, 'add_paradetail'),
(62, 'Can change para detail', 16, 'change_paradetail'),
(63, 'Can delete para detail', 16, 'delete_paradetail'),
(64, 'Can view para detail', 16, 'view_paradetail'),
(65, 'Can add rep detail', 17, 'add_repdetail'),
(66, 'Can change rep detail', 17, 'change_repdetail'),
(67, 'Can delete rep detail', 17, 'delete_repdetail'),
(68, 'Can view rep detail', 17, 'view_repdetail'),
(69, 'Can add replacement', 18, 'add_replacement'),
(70, 'Can change replacement', 18, 'change_replacement'),
(71, 'Can delete replacement', 18, 'delete_replacement'),
(72, 'Can view replacement', 18, 'view_replacement'),
(73, 'Can add dataset', 13, 'add_dataset'),
(74, 'Can change dataset', 13, 'change_dataset'),
(75, 'Can delete dataset', 13, 'delete_dataset'),
(76, 'Can view dataset', 13, 'view_dataset'),
(77, 'Can add cached word2 vec model', 19, 'add_cachedword2vecmodel'),
(78, 'Can change cached word2 vec model', 19, 'change_cachedword2vecmodel'),
(79, 'Can delete cached word2 vec model', 19, 'delete_cachedword2vecmodel'),
(80, 'Can view cached word2 vec model', 19, 'view_cachedword2vecmodel'),
(81, 'Can add new_ dataset', 20, 'add_new_dataset'),
(82, 'Can change new_ dataset', 20, 'change_new_dataset'),
(83, 'Can delete new_ dataset', 20, 'delete_new_dataset'),
(84, 'Can view new_ dataset', 20, 'view_new_dataset'),
(85, 'Can add old_ dataset', 21, 'add_old_dataset'),
(86, 'Can change old_ dataset', 21, 'change_old_dataset'),
(87, 'Can delete old_ dataset', 21, 'delete_old_dataset'),
(88, 'Can view old_ dataset', 21, 'view_old_dataset'),
(89, 'Can add dataset_ all', 20, 'add_dataset_all'),
(90, 'Can change dataset_ all', 20, 'change_dataset_all'),
(91, 'Can delete dataset_ all', 20, 'delete_dataset_all'),
(92, 'Can view dataset_ all', 20, 'view_dataset_all'),
(93, 'Can add dataset_ filtered', 22, 'add_dataset_filtered'),
(94, 'Can change dataset_ filtered', 22, 'change_dataset_filtered'),
(95, 'Can delete dataset_ filtered', 22, 'delete_dataset_filtered'),
(96, 'Can view dataset_ filtered', 22, 'view_dataset_filtered');

-- --------------------------------------------------------

--
-- Table structure for table `auth_user`
--

CREATE TABLE `auth_user` (
  `id` int NOT NULL,
  `password` varchar(128) NOT NULL,
  `last_login` datetime(6) DEFAULT NULL,
  `is_superuser` tinyint(1) NOT NULL,
  `username` varchar(150) NOT NULL,
  `first_name` varchar(150) NOT NULL,
  `last_name` varchar(150) NOT NULL,
  `email` varchar(254) NOT NULL,
  `is_staff` tinyint(1) NOT NULL,
  `is_active` tinyint(1) NOT NULL,
  `date_joined` datetime(6) NOT NULL
) ENGINE=InnoDB DEFAULT CHARSET=utf8mb4 COLLATE=utf8mb4_0900_ai_ci;

-- --------------------------------------------------------

--
-- Table structure for table `auth_user_groups`
--

CREATE TABLE `auth_user_groups` (
  `id` bigint NOT NULL,
  `user_id` int NOT NULL,
  `group_id` int NOT NULL
) ENGINE=InnoDB DEFAULT CHARSET=utf8mb4 COLLATE=utf8mb4_0900_ai_ci;

-- --------------------------------------------------------

--
-- Table structure for table `auth_user_user_permissions`
--

CREATE TABLE `auth_user_user_permissions` (
  `id` bigint NOT NULL,
  `user_id` int NOT NULL,
  `permission_id` int NOT NULL
) ENGINE=InnoDB DEFAULT CHARSET=utf8mb4 COLLATE=utf8mb4_0900_ai_ci;

-- --------------------------------------------------------

--
-- Table structure for table `backend_dataset`
--

CREATE TABLE `backend_dataset` (
  `word_id` bigint NOT NULL,
  `word` varchar(255) NOT NULL,
  `gender` varchar(255) NOT NULL
) ENGINE=InnoDB DEFAULT CHARSET=utf8mb4 COLLATE=utf8mb4_0900_ai_ci;

--
-- Dumping data for table `backend_dataset`
--

INSERT INTO `backend_dataset` (`word_id`, `word`, `gender`) VALUES
(1, 'countryman', 'male'),
(2, 'ottoman', 'male'),
(3, 'frenchman', 'male'),
(4, 'foreman', 'male'),
(5, 'straight_man', 'male'),
(6, 'water_boy', 'male'),
(7, 'draftsman', 'male'),
(8, 'forefather', 'male'),
(9, 'artilleryman', 'male'),
(10, 'freeman', 'male'),
(11, 'remittance_man', 'male'),
(12, 'hangman', 'male'),
(13, 'lawman', 'male'),
(14, 'choirboy', 'male'),
(15, 'old_man', 'male'),
(16, 'yachtsman', 'male'),
(17, 'enlisted_man', 'male'),
(18, 'foster-brother', 'male'),
(19, 'wingman', 'male'),
(20, 'traveling_salesman', 'male'),
(21, 'yardman', 'male'),
(22, 'middle-aged_man', 'male'),
(23, 'foster-father', 'male'),
(24, 'front_man', 'male'),
(25, 'g-man', 'male'),
(26, 'gentlemen', 'male'),
(27, 'lobsterman', 'male'),
(28, 'tallyman', 'male'),
(29, 'klansman', 'male'),
(30, 'footman', 'male'),
(31, 'white_man', 'male'),
(32, 'woodsman', 'male'),
(33, 'liveryman', 'male'),
(34, 'aircraftsman', 'male'),
(35, 'border_patrolman', 'male'),
(36, 'yellow_man', 'male'),
(37, 'right-hand_man', 'male'),
(38, 'englishman', 'male'),
(39, 'wonder_boy', 'male'),
(40, 'roman', 'male'),
(41, 'able_seaman', 'male'),
(42, 'milkman', 'male'),
(43, 'lighterman', 'male'),
(44, 'coachman', 'male'),
(45, 'guardsman', 'male'),
(46, 'shop_boy', 'male'),
(47, 'orangeman', 'male'),
(48, 'broth_of_a_boy', 'male'),
(49, 'townsman', 'male'),
(50, 'doughboy', 'male'),
(51, 'chapman', 'male'),
(52, 'sporting_man', 'male'),
(53, 'busboy', 'male'),
(54, 'linesman', 'male'),
(55, 'big_brother', 'male'),
(56, 'small_businessman', 'male'),
(57, 'midshipman', 'male'),
(58, 'military_policeman', 'male'),
(59, 'everyman', 'male'),
(60, 'third_baseman', 'male'),
(61, 'placeman', 'male'),
(62, 'housefather', 'male'),
(63, 'elder_statesman', 'male'),
(64, 'vestryman', 'male'),
(65, 'gunman', 'male'),
(66, 'dragoman', 'male'),
(67, 'lineman', 'male'),
(68, 'muscleman', 'male'),
(69, 'committeeman', 'male'),
(70, 'first_baseman', 'male'),
(71, 'grocery_boy', 'male'),
(72, 'holdup_man', 'male'),
(73, 'black_man', 'male'),
(74, 'gentleman', 'male'),
(75, 'trainman', 'male'),
(76, 'kinsman', 'male'),
(77, 'hatchet_man', 'male'),
(78, 'caveman', 'male'),
(79, 'godfather', 'male'),
(80, 'point_man', 'male'),
(81, 'lowerclassman', 'male'),
(82, 'career_man', 'male'),
(83, 'city_man', 'male'),
(84, 'horseman', 'male'),
(85, 'businessman', 'male'),
(86, 'letterman', 'male'),
(87, 'schoolman', 'male'),
(88, 'office_boy', 'male'),
(89, 'layman', 'male'),
(90, 'tribesman', 'male'),
(91, 'oilman', 'male'),
(92, 'garbage_man', 'male'),
(93, 'boy', 'male'),
(94, 'gay_man', 'male'),
(95, 'signalman', 'male'),
(96, 'messenger_boy', 'male'),
(97, 'utility_man', 'male'),
(98, 'outdoorsman', 'male'),
(99, 'bondman', 'male'),
(100, 'cornishman', 'male'),
(101, 'visiting_fireman', 'male'),
(102, 'lumberman', 'male'),
(103, 'congressman', 'male'),
(104, 'best_man', 'male'),
(105, 'spokesman', 'male'),
(106, 'workman', 'male'),
(107, 'soul_brother', 'male'),
(108, 'baggageman', 'male'),
(109, 'roundsman', 'male'),
(110, 'beggarman', 'male'),
(111, 'batman', 'male'),
(112, 'trainbandsman', 'male'),
(113, 'seedsman', 'male'),
(114, 'sheepman', 'male'),
(115, 'gagman', 'male'),
(116, 'blood_brother', 'male'),
(117, 'poster_boy', 'male'),
(118, 'dalesman', 'male'),
(119, 'craftsman', 'male'),
(120, 'backroom_boy', 'male'),
(121, 'fireman', 'male'),
(122, 'oklahoman', 'male'),
(123, 'dirty_old_man', 'male'),
(124, 'fancy_man', 'male'),
(125, 'four-minute_man', 'male'),
(126, 'brother', 'male'),
(127, 'irishman', 'male'),
(128, 'serviceman', 'male'),
(129, 'councilman', 'male'),
(130, 'swagman', 'male'),
(131, 'property_man', 'male'),
(132, 'heidelberg_man', 'male'),
(133, 'welshman', 'male'),
(134, 'confidence_man', 'male'),
(135, 'beadsman', 'male'),
(136, 'stepbrother', 'male'),
(137, 'handyman', 'male'),
(138, 'headman', 'male'),
(139, 'cattleman', 'male'),
(140, 'company_man', 'male'),
(141, 'old_boy', 'male'),
(142, 'organization_man', 'male'),
(143, 'militiaman', 'male'),
(144, 'watchman', 'male'),
(145, 'iceman', 'male'),
(146, 'yeoman', 'male'),
(147, 'flamen', 'male'),
(148, 'night_watchman', 'male'),
(149, 'bushman', 'male'),
(150, 'weatherman', 'male'),
(151, 'statesman', 'male'),
(152, 'iron_man', 'male'),
(153, 'wireman', 'male'),
(154, 'crewman', 'male'),
(155, 'cowboy', 'male'),
(156, 'jewess', 'female'),
(157, 'milady', 'female'),
(158, 'hostess', 'female'),
(159, 'old_woman', 'female'),
(160, 'seductress', 'female'),
(161, 'frontierswoman', 'female'),
(162, 'foster-mother', 'female'),
(163, 'mother', 'female'),
(164, 'shop_girl', 'female'),
(165, 'stewardess', 'female'),
(166, 'mill-girl', 'female'),
(167, 'grand_duchess', 'female'),
(168, 'irishwoman', 'female'),
(169, 'granddaughter', 'female'),
(170, 'englishwoman', 'female'),
(171, 'campfire_girl', 'female'),
(172, 'scotswoman', 'female'),
(173, 'conductress', 'female'),
(174, 'postmistress', 'female'),
(175, 'check_girl', 'female'),
(176, 'career_girl', 'female'),
(177, 'cover_girl', 'female'),
(178, 'farm_girl', 'female'),
(179, 'valley_girl', 'female'),
(180, 'forewoman', 'female'),
(181, 'ambassadress', 'female'),
(182, 'baroness', 'female'),
(183, 'sculptress', 'female'),
(184, 'unpleasant_woman', 'female'),
(185, 'spinster', 'female'),
(186, 'ancestress', 'female'),
(187, 'abbess', 'female'),
(188, 'benefactress', 'female'),
(189, 'foremother', 'female'),
(190, 'horsewoman', 'female'),
(191, 'poetess', 'female'),
(192, 'chorus_girl', 'female'),
(193, 'manageress', 'female'),
(194, 'white_woman', 'female'),
(195, 'spokeswoman', 'female'),
(196, 'cornishwoman', 'female'),
(197, 'murderess', 'female'),
(198, 'wonder_woman', 'female'),
(199, 'great_grandmother', 'female'),
(200, 'sister', 'female'),
(201, 'call_girl', 'female'),
(202, 'ring_girl', 'female'),
(203, 'empress', 'female'),
(204, 'vestrywoman', 'female'),
(205, 'homegirl', 'female'),
(206, 'taskmistress', 'female'),
(207, 'yellow_woman', 'female'),
(208, 'mistress', 'female'),
(209, 'countrywoman', 'female'),
(210, 'leading_lady', 'female'),
(211, 'madwoman', 'female'),
(212, 'sweater_girl', 'female'),
(213, 'mother\'s_daughter', 'female'),
(214, 'queen_mother', 'female'),
(215, 'assemblywoman', 'female'),
(216, 'housemother', 'female'),
(217, 'goddaughter', 'female'),
(218, 'toast_mistress', 'female'),
(219, 'huntress', 'female'),
(220, 'waitress', 'female'),
(221, 'adventuress', 'female'),
(222, 'poster_girl', 'female'),
(223, 'honest_woman', 'female'),
(224, 'songstress', 'female'),
(225, 'smasher', 'female'),
(226, 'daygirl', 'female'),
(227, 'b-girl', 'female'),
(228, 'stepmother', 'female'),
(229, 'headmistress', 'female'),
(230, 'landlady', 'female'),
(231, 'princess', 'female'),
(232, 'charwoman', 'female'),
(233, 'washwoman', 'female'),
(234, 'comfort_woman', 'female'),
(235, 'women', 'female'),
(236, 'black_woman', 'female'),
(237, 'traitress', 'female'),
(238, 'governess', 'female'),
(239, 'foster-daughter', 'female'),
(240, 'priestess', 'female'),
(241, 'duchess', 'female'),
(242, 'foster-sister', 'female'),
(243, 'selectwoman', 'female'),
(244, 'deaconess', 'female'),
(245, 'businesswoman', 'female'),
(246, 'bondwoman', 'female'),
(247, 'negotiatress', 'female'),
(248, 'fairy_godmother', 'female'),
(249, 'ballet_mistress', 'female'),
(250, 'daughter', 'female'),
(251, 'den_mother', 'female'),
(252, 'prophetess', 'female'),
(253, 'millionairess', 'female'),
(254, 'godmother', 'female'),
(255, 'adulteress', 'female'),
(256, 'cowgirl', 'female'),
(257, 'patroness', 'female'),
(258, 'kinswoman', 'female'),
(259, 'ball-buster', 'female'),
(260, 'newswoman', 'female'),
(261, 'party_girl', 'female'),
(262, 'nautch_girl', 'female'),
(263, 'foundress', 'female'),
(264, 'unmarried_woman', 'female'),
(265, 'sorceress', 'female'),
(266, 'enchantress', 'female'),
(267, 'countess', 'female'),
(268, 'outdoorswoman', 'female'),
(269, 'salesgirl', 'female'),
(270, 'councilwoman', 'female'),
(271, 'big_sister', 'female'),
(272, 'embroideress', 'female'),
(273, 'au_pair_girl', 'female'),
(274, 'working_girl', 'female'),
(275, 'mayoress', 'female'),
(276, 'lady', 'female'),
(277, 'villainess', 'female'),
(278, 'crown_princess', 'female'),
(279, 'gibson_girl', 'female'),
(280, 'old_lady', 'female'),
(281, 'idolatress', 'female'),
(282, 'point_woman', 'female'),
(283, 'enlisted_woman', 'female'),
(284, 'stateswoman', 'female'),
(285, 'schoolgirl', 'female'),
(286, 'stepdaughter', 'female'),
(287, 'shepherdess', 'female'),
(288, 'her', 'female'),
(289, 'great_granddaughter', 'female'),
(290, 'authoress', 'female'),
(291, 'lollipop_lady', 'female'),
(292, 'viscountess', 'female'),
(293, 'committeewoman', 'female'),
(294, 'heiress', 'female'),
(295, 'wardress', 'female'),
(296, 'girl', 'female'),
(297, 'archduchess', 'female'),
(298, 'procuress', 'female'),
(299, 'first_lady', 'female'),
(300, 'proprietress', 'female'),
(301, 'instructress', 'female'),
(302, 'marchioness', 'female'),
(303, 'actress', 'female'),
(304, 'flower_girl', 'female'),
(305, 'little_sister', 'female'),
(306, 'bachelor_girl', 'female'),
(307, 'surrogate_mother', 'female'),
(308, 'negress', 'female'),
(309, 'woman', 'female'),
(310, 'beggarwoman', 'female'),
(311, 'orderly_sergeant', 'neutral'),
(312, 'lion', 'neutral'),
(313, 'prospector', 'neutral'),
(314, 'browser', 'neutral'),
(315, 'taos', 'neutral'),
(316, 'shasta', 'neutral'),
(317, 'probation_officer', 'neutral'),
(318, 'learner', 'neutral'),
(319, 'adviser', 'neutral'),
(320, 'margrave', 'neutral'),
(321, 'tap_dancer', 'neutral'),
(322, 'oto', 'neutral'),
(323, 'cancer', 'neutral'),
(324, 'admonisher', 'neutral'),
(325, 'cockney', 'neutral'),
(326, 'consul', 'neutral'),
(327, 'dramatist', 'neutral'),
(328, 'district_manager', 'neutral'),
(329, 'topper', 'neutral'),
(330, 'mahayanist', 'neutral'),
(331, 'club_member', 'neutral'),
(332, 'conferee', 'neutral'),
(333, 'batter', 'neutral'),
(334, 'kansan', 'neutral'),
(335, 'shudra', 'neutral'),
(336, 'paparazzo', 'neutral'),
(337, 'dalmatian', 'neutral'),
(338, 'metalhead', 'neutral'),
(339, 'paraguayan', 'neutral'),
(340, 'artist', 'neutral'),
(341, 'voice', 'neutral'),
(342, 'limnologist', 'neutral'),
(343, 'supernumerary', 'neutral'),
(344, 'tragedian', 'neutral'),
(345, 'mugger', 'neutral'),
(346, 'film_director', 'neutral'),
(347, 'grouch', 'neutral'),
(348, 'academician', 'neutral'),
(349, 'maquis', 'neutral'),
(350, 'onomancer', 'neutral'),
(351, 'zimbabwean', 'neutral'),
(352, 'nauruan', 'neutral'),
(353, 'neglecter', 'neutral'),
(354, 'tractarian', 'neutral'),
(355, 'anathema', 'neutral'),
(356, 'knocker', 'neutral'),
(357, 'nomad', 'neutral'),
(358, 'trusty', 'neutral'),
(359, 'grantee', 'neutral'),
(360, 'huguenot', 'neutral'),
(361, 'control_freak', 'neutral'),
(362, 'muckraker', 'neutral'),
(363, 'bugler', 'neutral'),
(364, 'brass_hat', 'neutral'),
(365, 'idol', 'neutral'),
(366, 'albino', 'neutral'),
(367, 'analysand', 'neutral'),
(368, 'ticket_agent', 'neutral'),
(369, 'flatterer', 'neutral'),
(370, 'inquisitor', 'neutral'),
(371, 'spiv', 'neutral'),
(372, 'shahaptian', 'neutral'),
(373, 'oriental', 'neutral'),
(374, 'kamia', 'neutral'),
(375, 'colombian', 'neutral'),
(376, 'wichita', 'neutral'),
(377, 'penologist', 'neutral'),
(378, 'presenter', 'neutral'),
(379, 'tither', 'neutral'),
(380, 'judge', 'neutral'),
(381, 'comparative_anatomist', 'neutral'),
(382, 'shepherd', 'neutral'),
(383, 'vice_president', 'neutral'),
(384, 'know-it-all', 'neutral'),
(385, 'scion', 'neutral'),
(386, 'alphabetizer', 'neutral'),
(387, 'prophet', 'neutral'),
(388, 'new_mexican', 'neutral'),
(389, 'divorce_lawyer', 'neutral'),
(390, 'opium_addict', 'neutral'),
(391, 'ute', 'neutral'),
(392, 'dacoit', 'neutral'),
(393, 'flunky', 'neutral'),
(394, 'flanker', 'neutral'),
(395, 'housing_commissioner', 'neutral'),
(396, 'discussant', 'neutral'),
(397, 'evaluator', 'neutral'),
(398, 'ruralist', 'neutral'),
(399, 'gentile', 'neutral'),
(400, 'technocrat', 'neutral'),
(401, 'inferior', 'neutral'),
(402, 'trooper', 'neutral'),
(403, 'scholiast', 'neutral'),
(404, 'paddy', 'neutral'),
(405, 'usurer', 'neutral'),
(406, 'distributor', 'neutral'),
(407, 'tamer', 'neutral'),
(408, 'charcoal_burner', 'neutral'),
(409, 'codefendant', 'neutral'),
(410, 'walk-on', 'neutral'),
(411, 'center_fielder', 'neutral'),
(412, 'regent', 'neutral'),
(413, 'civic_leader', 'neutral'),
(414, 'designer', 'neutral'),
(415, 'semiprofessional', 'neutral'),
(416, 'divergent_thinker', 'neutral'),
(417, 'double_dipper', 'neutral'),
(418, 'factotum', 'neutral'),
(419, 'hustler', 'neutral'),
(420, 'lieutenant', 'neutral'),
(421, 'commander_in_chief', 'neutral'),
(422, 'emeritus', 'neutral'),
(423, 'boatswain', 'neutral'),
(424, 'new_dealer', 'neutral'),
(425, 'alpinist', 'neutral'),
(426, 'papuan', 'neutral'),
(427, 'administrator', 'neutral'),
(428, 'fruiterer', 'neutral'),
(429, 'surrealist', 'neutral'),
(430, 'stakeholder', 'neutral'),
(431, 'kachina', 'neutral'),
(432, 'amicus_curiae', 'neutral'),
(433, 'paragrapher', 'neutral'),
(434, 'tiller', 'neutral'),
(435, 'finagler', 'neutral'),
(436, 'padrone', 'neutral'),
(437, 'pinch_hitter', 'neutral'),
(438, 'lector', 'neutral'),
(439, 'excellency', 'neutral'),
(440, 'visionary', 'neutral'),
(441, 'isolationist', 'neutral'),
(442, 'wahhabi', 'neutral'),
(443, 'literary_agent', 'neutral'),
(444, 'vogul', 'neutral'),
(445, 'bond_servant', 'neutral'),
(446, 'rhythm_and_blues_musician', 'neutral'),
(447, 'devisee', 'neutral'),
(448, 'union_representative', 'neutral'),
(449, 'hiker', 'neutral'),
(450, 'good_person', 'neutral'),
(451, 'planter', 'neutral'),
(452, 'lecturer', 'neutral'),
(453, 'backscratcher', 'neutral'),
(454, 'stage_manager', 'neutral'),
(455, 'physical_therapist', 'neutral'),
(456, 'coyote', 'neutral'),
(457, 'miami', 'neutral'),
(458, 'dotard', 'neutral'),
(459, 'exterminator', 'neutral'),
(460, 'sinner', 'neutral'),
(461, 'andorran', 'neutral'),
(462, 'simpleton', 'neutral'),
(463, 'trade_unionist', 'neutral'),
(464, 'giant', 'neutral'),
(465, 'chaperon', 'neutral'),
(466, 'doctor_of_the_church', 'neutral'),
(467, 'macushla', 'neutral'),
(468, 'nepalese', 'neutral'),
(469, 'decipherer', 'neutral'),
(470, 'watchmaker', 'neutral'),
(471, 'terror', 'neutral'),
(472, 'assassin', 'neutral'),
(473, 'rheumatologist', 'neutral'),
(474, 'geometer', 'neutral'),
(475, 'vagrant', 'neutral'),
(476, 'analphabet', 'neutral'),
(477, 'enemy', 'neutral'),
(478, 'suspect', 'neutral'),
(479, 'turncock', 'neutral'),
(480, 'eminence_grise', 'neutral'),
(481, 'polemicist', 'neutral'),
(482, 'moss-trooper', 'neutral'),
(483, 'ice-skater', 'neutral'),
(484, 'bad_guy', 'neutral'),
(485, 'scenarist', 'neutral'),
(486, 'technician', 'neutral'),
(487, 'quarreler', 'neutral'),
(488, 'lender', 'neutral'),
(489, 'chief_secretary', 'neutral'),
(490, 'multi-billionaire', 'neutral'),
(491, 'affluent', 'neutral'),
(492, 'board_member', 'neutral'),
(493, 'florist', 'neutral'),
(494, 'apache', 'neutral'),
(495, 'palestinian', 'neutral'),
(496, 'griot', 'neutral'),
(497, 'chutzpanik', 'neutral'),
(498, 'backpacker', 'neutral'),
(499, 'aristotelian', 'neutral'),
(500, 'commercial_artist', 'neutral'),
(501, 'shaktist', 'neutral'),
(502, 'lord_of_misrule', 'neutral'),
(503, 'salish', 'neutral'),
(504, 'peacekeeper', 'neutral'),
(505, 'bargain_hunter', 'neutral'),
(506, 'dorian', 'neutral'),
(507, 'tree_hugger', 'neutral'),
(508, 'scrambler', 'neutral'),
(509, 'guest_of_honor', 'neutral'),
(510, 'paraprofessional', 'neutral'),
(511, 'shiite', 'neutral'),
(512, 'carpet_knight', 'neutral'),
(513, 'heavy', 'neutral'),
(514, 'neurologist', 'neutral'),
(515, 'newspaper_critic', 'neutral'),
(516, 'hosier', 'neutral'),
(517, 'sociologist', 'neutral'),
(518, 'guarani', 'neutral'),
(519, 'luminary', 'neutral'),
(520, 'finalist', 'neutral'),
(521, 'sandbagger', 'neutral'),
(522, 'scrutinizer', 'neutral'),
(523, 'portwatcher', 'neutral'),
(524, 'payee', 'neutral'),
(525, 'careerist', 'neutral'),
(526, 'brachycephalic', 'neutral'),
(527, 'testator', 'neutral'),
(528, 'advocate', 'neutral'),
(529, 'bavarian', 'neutral'),
(530, 'grinner', 'neutral'),
(531, 'night_rider', 'neutral'),
(532, 'berserker', 'neutral'),
(533, 'deviationist', 'neutral'),
(534, 'digger', 'neutral'),
(535, 'salesclerk', 'neutral'),
(536, 'gutter', 'neutral'),
(537, 'slicer', 'neutral'),
(538, 'gujarati', 'neutral'),
(539, 'parthian', 'neutral'),
(540, 'changeling', 'neutral'),
(541, 'syndicator', 'neutral'),
(542, 'legate', 'neutral'),
(543, 'troublemaker', 'neutral'),
(544, 'clown', 'neutral'),
(545, 'forger', 'neutral'),
(546, 'photographer\'s_model', 'neutral'),
(547, 'junior_lightweight', 'neutral'),
(548, 'oblate', 'neutral'),
(549, 'selling_agent', 'neutral'),
(550, 'light_middleweight', 'neutral'),
(551, 'progenitor', 'neutral'),
(552, 'immigrant', 'neutral'),
(553, 'sex_offender', 'neutral'),
(554, 'stoic', 'neutral'),
(555, 'staff_sergeant', 'neutral'),
(556, 'unix_guru', 'neutral'),
(557, 'sangoma', 'neutral'),
(558, 'second_hand', 'neutral'),
(559, 'crossover_voter', 'neutral'),
(560, 'resident_commissioner', 'neutral'),
(561, 'siberian', 'neutral'),
(562, 'cookie', 'neutral'),
(563, 'kook', 'neutral'),
(564, 'anthologist', 'neutral'),
(565, 'settler', 'neutral'),
(566, 'economic_libertarian', 'neutral'),
(567, 'arcadian', 'neutral'),
(568, 'observer', 'neutral'),
(569, 'acrobat', 'neutral'),
(570, 'gas_fitter', 'neutral'),
(571, 'newsreader', 'neutral'),
(572, 'denier', 'neutral'),
(573, 'schmuck', 'neutral'),
(574, 'abridger', 'neutral'),
(575, 'evacuee', 'neutral'),
(576, 'spitter', 'neutral'),
(577, 'celebrant', 'neutral'),
(578, 'ball_carrier', 'neutral'),
(579, 'tom_thumb', 'neutral'),
(580, 'soul_mate', 'neutral'),
(581, 'magician', 'neutral'),
(582, 'septuagenarian', 'neutral'),
(583, 'puppeteer', 'neutral'),
(584, 'poet', 'neutral'),
(585, 'great_grandparent', 'neutral'),
(586, 'surveyor', 'neutral'),
(587, 'mixed-blood', 'neutral'),
(588, 'thessalonian', 'neutral'),
(589, 'caretaker', 'neutral'),
(590, 'ordainer', 'neutral'),
(591, 'business_agent', 'neutral'),
(592, 'tungusic', 'neutral'),
(593, 'anti-american', 'neutral'),
(594, 'novitiate', 'neutral'),
(595, 'redeemer', 'neutral'),
(596, 'linendraper', 'neutral'),
(597, 'bridge_agent', 'neutral'),
(598, 'secretary_of_energy', 'neutral'),
(599, 'mahdist', 'neutral'),
(600, 'pasha', 'neutral'),
(601, 'bluffer', 'neutral'),
(602, 'catholic', 'neutral'),
(603, 'adulterator', 'neutral'),
(604, 'bill_poster', 'neutral'),
(605, 'differentiator', 'neutral'),
(606, 'lieutenant_commander', 'neutral'),
(607, 'korean', 'neutral'),
(608, 'underdog', 'neutral'),
(609, 'out-and-outer', 'neutral'),
(610, 'austronesian', 'neutral'),
(611, 'metallurgist', 'neutral'),
(612, 'retiree', 'neutral'),
(613, 'freemason', 'neutral'),
(614, 'loser', 'neutral'),
(615, 'polymath', 'neutral'),
(616, 'domestic', 'neutral'),
(617, 'bouncer', 'neutral'),
(618, 'state_treasurer', 'neutral'),
(619, 'film_star', 'neutral'),
(620, 'votary', 'neutral');

-- --------------------------------------------------------

--
-- Table structure for table `backend_paradetail`
--

CREATE TABLE `backend_paradetail` (
  `paradet_id` bigint NOT NULL,
  `det` varchar(255) NOT NULL,
  `rep` varchar(255) NOT NULL,
  `para_id` bigint NOT NULL
) ENGINE=InnoDB DEFAULT CHARSET=utf8mb4 COLLATE=utf8mb4_0900_ai_ci;

--
-- Dumping data for table `backend_paradetail`
--

INSERT INTO `backend_paradetail` (`paradet_id`, `det`, `rep`, `para_id`) VALUES
(2, 'freshman', 'newcomer', 105),
(3, 'gender', 'm', 105),
(4, 'freshman', 'newcomer', 106),
(5, 'gender', 'm', 106),
(6, 'freshman', 'newcomer', 107),
(7, 'gender', 'm', 107),
(8, 'freshman', 'newcomer', 108),
(9, 'gender', 'm', 108),
(10, 'freshman', 'newcomer', 109),
(11, 'gender', 'm', 109),
(12, 'freshman', 'newcomer', 110),
(13, 'gender', 'm', 110),
(14, 'chairman', 'president', 111),
(15, 'gender', 'm', 111),
(16, 'fine', 'amercement', 111),
(17, 'gender', 'f', 111),
(18, 'fireman', 'stoker', 111),
(19, 'gender', 'm', 111),
(20, 'media', 'culture_mediums', 112),
(21, 'gender', 'f', 112),
(22, 'new', 'unexampled', 112),
(23, 'gender', 'f', 112),
(24, 'map', 'single-valued_function', 112),
(25, 'gender', 'f', 112),
(26, 'country', 'state', 112),
(27, 'gender', 'f', 112),
(28, 'report', 'account', 112),
(29, 'gender', 'f', 112),
(30, 'chairman', 'president', 113),
(31, 'gender', 'm', 113),
(32, 'fireman', 'stoker', 113),
(33, 'gender', 'm', 113),
(34, 'borders', 'borders', 114),
(35, 'gender', 'f', 114),
(36, 'land', 'ground', 114),
(37, 'gender', 'm', 114),
(38, 'report', 'study', 114),
(39, 'gender', 'f', 114),
(40, 'redress', 'damages', 116),
(41, 'gender', 'f', 116),
(42, 'redress', 'damages', 117),
(43, 'gender', 'f', 117),
(44, 'chairman', 'president', 118),
(45, 'gender', 'm', 118),
(46, 'fireman', 'stoker', 118),
(47, 'gender', 'm', 118),
(48, 'waitress', 'wait', 118),
(49, 'gender', 'f', 118),
(50, 'fireman', 'stoker', 121),
(51, 'gender', 'm', 121),
(52, 'chairman', 'president', 121),
(53, 'gender', 'm', 121),
(54, 'chairman', 'president', 122),
(55, 'gender', 'm', 122),
(56, 'fireman', 'stoker', 122),
(57, 'gender', 'm', 122),
(58, 'mailman', 'mail_carrier', 122),
(59, 'gender', 'm', 122),
(60, 'chairman', 'president', 123),
(61, 'gender', 'm', 123),
(62, 'chairman', 'president', 124),
(63, 'gender', 'm', 124),
(64, 'chairman', 'president', 125),
(65, 'gender', 'm', 125),
(66, 'chairman', 'president', 129),
(67, 'gender', 'm', 129),
(68, 'chairman', 'president', 131),
(69, 'gender', 'm', 131),
(70, 'chairman', 'president', 132),
(71, 'gender', 'm', 132),
(72, 'chairman', 'president', 133),
(73, 'gender', 'm', 133),
(74, 'chairman', 'president', 134),
(75, 'gender', 'm', 134),
(76, 'process', 'procedure', 135),
(77, 'gender', 'f', 135),
(78, 'process', 'procedure', 136),
(79, 'gender', 'f', 136),
(80, 'process', 'procedure', 137),
(81, 'gender', 'f', 137),
(82, 'chairman', 'president', 137),
(83, 'gender', 'm', 137),
(84, 'freshman', 'newcomer', 138),
(85, 'gender', 'm', 138),
(86, 'chairman', 'president', 138),
(87, 'gender', 'm', 138),
(88, 'process', 'procedure', 139),
(89, 'gender', 'f', 139),
(90, 'chairman', 'president', 139),
(91, 'gender', 'm', 139),
(92, 'freshman', 'newcomer', 139),
(93, 'gender', 'm', 139),
(94, 'mailman', 'mail_carrier', 140),
(95, 'gender', 'm', 140),
(96, 'redress', 'damages', 143),
(97, 'chairman', 'president', 143),
(98, 'chairman', 'president', 143),
(99, 'redress', 'damages', 144),
(100, 'chairman', 'president', 144),
(101, 'chairman', 'president', 144),
(102, 'redress', 'damages', 145),
(103, 'chairman', 'president', 145),
(104, 'chairman', 'president', 145),
(105, 'redress', 'damages', 146),
(106, 'chairman', 'president', 146),
(107, 'chairman', 'president', 146),
(108, 'redress', 'damages', 147),
(109, 'chairman', 'president', 147),
(110, 'chairman', 'president', 147),
(111, 'redress', 'damages', 148),
(112, 'chairman', 'president', 148),
(113, 'chairman', 'president', 148),
(114, 'redress', 'damages', 149),
(115, 'chairman', 'president', 149),
(116, 'chairman', 'president', 149),
(117, 'redress', 'damages', 150),
(118, 'chairman', 'president', 150),
(119, 'chairman', 'president', 150),
(120, 'redress', 'damages', 151),
(121, 'chairman', 'president', 151),
(122, 'chairman', 'president', 151),
(123, 'redress', 'damages', 152),
(124, 'chairman', 'president', 152),
(125, 'chairman', 'president', 152),
(126, 'redress', 'damages', 153),
(127, 'chairman', 'president', 153),
(128, 'chairman', 'president', 153),
(129, 'redress', 'damages', 154),
(130, 'chairman', 'president', 154),
(131, 'chairman', 'president', 154),
(132, 'redress', 'damages', 155),
(133, 'chairman', 'president', 155),
(134, 'chairman', 'president', 155),
(135, 'redress', 'damages', 156),
(136, 'chairman', 'president', 156),
(137, 'chairman', 'president', 156),
(138, 'redress', 'damages', 157),
(139, 'chairman', 'president', 157),
(140, 'chairman', 'president', 157),
(141, 'redress', 'damages', 158),
(142, 'chairman', 'president', 158),
(143, 'chairman', 'president', 158),
(144, 'redress', 'damages', 159),
(145, 'chairman', 'president', 159),
(146, 'chairman', 'president', 159),
(147, 'redress', 'damages', 160),
(148, 'chairman', 'president', 160),
(149, 'chairman', 'president', 160),
(150, 'redress', 'damages', 161),
(151, 'chairman', 'president', 161),
(152, 'chairman', 'president', 161),
(153, 'redress', 'damages', 162),
(154, 'chairman', 'president', 162),
(155, 'chairman', 'president', 162),
(156, 'redress', 'damages', 163),
(157, 'chairman', 'president', 163),
(158, 'chairman', 'president', 163),
(159, 'redress', 'damages', 164),
(160, 'chairman', 'president', 164),
(161, 'chairman', 'president', 164),
(162, 'redress', 'damages', 165),
(163, 'chairman', 'president', 165),
(164, 'chairman', 'president', 165),
(165, 'redress', 'damages', 166),
(166, 'chairman', 'president', 166),
(167, 'chairman', 'president', 166),
(168, 'redress', 'damages', 167),
(169, 'chairman', 'president', 167),
(170, 'chairman', 'president', 167),
(171, 'redress', 'damages', 168),
(172, 'chairman', 'president', 168),
(173, 'chairman', 'president', 168),
(174, 'redress', 'damages', 169),
(175, 'chairman', 'president', 169),
(176, 'chairman', 'president', 169),
(177, 'redress', 'damages', 170),
(178, 'chairman', 'president', 170),
(179, 'chairman', 'president', 170),
(180, 'redress', 'damages', 171),
(181, 'chairman', 'president', 171),
(182, 'chairman', 'president', 171),
(183, 'redress', 'damages', 172),
(184, 'chairman', 'president', 172),
(185, 'chairman', 'president', 172),
(186, 'redress', 'damages', 173),
(187, 'chairman', 'president', 173),
(188, 'chairman', 'president', 173),
(189, 'chairman', 'president', 174),
(190, 'chairman', 'president', 175),
(191, 'chairman', 'president', 176),
(192, 'chairman', 'president', 177),
(193, 'chairman', 'president', 178),
(194, 'chairman', 'president', 179),
(195, 'chairman', 'president', 180),
(196, 'chairman', 'president', 181),
(197, 'chairman', 'president', 182),
(198, 'chairman', 'president', 183),
(199, 'chairman', 'president', 184),
(200, 'chairman', 'president', 185),
(201, 'chairman', 'president', 186),
(202, 'chairman', 'president', 187),
(203, 'chairman', 'president', 188),
(204, 'freshman', 'newcomer', 188),
(205, 'mailman', 'mail_carrier', 188),
(206, 'chairman', 'president', 189),
(207, 'chairman', 'president', 190),
(208, 'mailman', 'mail_carrier', 190),
(209, 'chairman', 'president', 191),
(210, 'mailman', 'mail_carrier', 191),
(211, 'freshman', 'newcomer', 191),
(212, 'redress', 'damages', 192),
(213, 'chairman', 'president', 192),
(214, 'chairman', 'president', 192),
(215, 'chairman', 'chair', 196);

-- --------------------------------------------------------

--
-- Table structure for table `backend_paraphrase`
--

CREATE TABLE `backend_paraphrase` (
  `para_id` bigint NOT NULL,
  `para_at` datetime(6) NOT NULL,
  `txt` longtext,
  `user_id` bigint NOT NULL
) ENGINE=InnoDB DEFAULT CHARSET=utf8mb4 COLLATE=utf8mb4_0900_ai_ci;

--
-- Dumping data for table `backend_paraphrase`
--

INSERT INTO `backend_paraphrase` (`para_id`, `para_at`, `txt`, `user_id`) VALUES
(1, '2023-07-25 05:24:45.037631', 'chairman', 1),
(2, '2023-07-25 05:27:49.431312', 'chairman', 1),
(3, '2023-07-25 05:29:17.315590', 'chairman', 1),
(4, '2023-07-25 05:30:50.703759', 'chairman', 1),
(5, '2023-07-25 05:34:55.901279', 'chairman', 2),
(6, '2023-07-25 05:38:12.007990', 'chairman', 2),
(7, '2023-08-02 05:05:38.789175', 'a', 2),
(8, '2023-08-02 05:05:46.933785', 'chairman', 2),
(9, '2023-08-27 08:04:53.789807', 'I am not a boy', 2),
(10, '2023-08-27 08:06:17.302903', 'I am not a chairman, I am not a chairman, I am not a chairman, I am not a chairman, I am not a chairman, I am not a chairman, I am not a chairman, I am not a chairman, I am not a chairman, I am not a chairman, I am not a chairman, I am not a chairman, I am not a chairman, I am not a chairman, I am not a chairman, I am not a chairman, I am not a chairman, ', 2),
(11, '2023-08-27 08:06:42.614454', 'I am not a chairman, I am not a chairman, I am not a chairman, I am not a chairman, I am not a chairman, I am not a chairman, I am not a chairman, I am not a chairman, I am not a chairman, I am not a chairman, I am not a chairman, I am not a chairman, I am not a chairman, I am not a chairman, I am not a chairman, I am not a chairman, I am not a chairman, I am not a chairman, I am not a chairman, I am not a chairman, I am not a chairman, I am not a chairman, I am not a chairman, I am not a chairman, I am not a chairman, I am not a chairman, I am not a chairman, I am not a chairman, I am not a chairman, I am not a chairman, I am not a chairman, I am not a chairman, I am not a chairman, I am not a chairman, I am not a chairman, I am not a chairman, I am not a chairman, I am not a chairman, I am not a chairman, I am not a chairman, I am not a chairman, I am not a chairman, I am not a chairman, I am not a chairman, I am not a chairman, I am not a chairman, I am not a chairman, I am not a chairman, I am not a chairman, I am not a chairman, I am not a chairman, I am not a chairman, I am not a chairman, I am not a chairman, I am not a chairman, I am not a chairman, I am not a chairman, I am not a chairman, I am not a chairman, I am not a chairman, I am not a chairman, IIIII', 2),
(12, '2023-08-27 08:07:48.939495', 'Fireman Fireman Fireman Fireman Fireman Fireman Fireman Fireman Fireman Fireman Fireman Fireman Fireman Fireman Fireman Fireman Fireman Fireman Fireman Fireman Fireman Fireman Fireman Fireman Fireman Fireman Fireman Fireman Fireman Fireman Fireman Fireman Fireman Fireman Fireman Fireman vFireman Fireman Fireman Fireman Fireman Fireman Fireman Fireman Fireman Fireman Fireman Fireman Fireman Fireman Fireman Fireman Fireman Fireman Fireman Fireman Fireman Fireman Fireman Fireman Fireman Fireman Fireman Fireman Fireman Fireman Fireman Fireman Fireman Fireman Fireman Fireman ', 2),
(13, '2023-08-28 16:05:31.838499', 'There are many causes of gender discrimination. The first one has to be illiteracy. When people do not educate themselves, they continue to live in the old times. Thus, they follow the old-age sexist traditions and norms.Education can bring about a change in this mindset because educated people will less likely partake in gender discrimination. Further, poverty is also another reason which is interlinked in a way.It is the root cause in many places because the economic dependence remains on the male counterparts mostly. Thus, women suffer a lot from it because of the same reason. They never get out of this and stay financially dependent on men.Furthermore, the patriarchal setup in our society plays a big role. In this setup, the male dominates almost every aspect of life. Thus, they consider themselves to be superior to others.This way, a lot of violence and injustice is meted out against females. Thus, when there is a gender considering themselves to be superior, it becomes difficult for everyone to avail equal opportunities.', 2),
(14, '2023-08-28 16:06:07.069681', 'There are many causes of gender discrimination. The first one has to be illiteracy. When people do not educate themselves, they continue to live in the old times. Thus, they follow the old-age sexist traditions and norms.Education can bring about a change in this mindset because educated people will less likely partake in gender discrimination. Further, poverty is also another reason which is interlinked in a way.It is the root cause in many places because the economic dependence remains on the male counterparts mostly. Thus, women suffer a lot from it because of the same reason. They never get out of this and stay financially dependent on men.Furthermore, the patriarchal setup in our society plays a big role. In this setup, the male dominates almost every aspect of life. Thus, they consider themselves to be superior to others.This way, a lot of violence and injustice is meted out against females. Thus, when there is a gender considering themselves to be superior, it becomes difficult for everyone to avail equal opportunities.', 2),
(15, '2023-09-01 12:05:47.164856', 'chairman', 2),
(16, '2023-09-01 12:05:52.813526', 'chairman', 2),
(17, '2023-09-01 12:06:50.064837', 'chairman', 2),
(18, '2023-09-01 12:07:51.890459', 'chairman', 2),
(19, '2023-09-01 13:00:19.799549', 'chairman', 2),
(20, '2023-09-01 13:03:00.962776', 'chairman, chairwoman, firewoman', 2),
(21, '2023-09-01 13:03:16.979794', 'firewoman', 2),
(22, '2023-09-01 13:04:25.187165', 'firewoman', 2),
(23, '2023-09-01 15:56:15.192627', 'chairman', 2),
(24, '2023-09-01 16:07:46.561250', 'chairman', 2),
(25, '2023-09-01 16:07:47.070091', 'chairman', 2),
(26, '2023-09-01 16:09:24.519378', 'chairman', 2),
(27, '2023-09-01 16:14:09.942905', 'chairman', 2),
(28, '2023-09-01 16:17:01.526063', 'chairman', 2),
(29, '2023-09-01 16:18:48.132165', 'chairman, policeman', 2),
(30, '2023-09-01 16:26:14.943475', 'mankind, freshman', 2),
(31, '2023-09-01 16:43:27.107327', 'chairman', 2),
(32, '2023-09-01 16:54:13.028868', 'chairman', 2),
(33, '2023-09-01 16:58:26.118930', 'chairman', 2),
(34, '2023-09-01 16:59:23.116085', 'chairman', 2),
(35, '2023-09-01 17:01:06.874896', 'chairman', 2),
(36, '2023-09-01 17:21:45.675594', 'chairman', 2),
(37, '2023-09-01 17:23:18.289426', 'chairman', 2),
(38, '2023-09-01 17:23:43.361124', 'chairman', 2),
(39, '2023-09-01 17:25:52.448574', 'chairman, chairman, chairman, chairman, chairman, chairman, chairman, chairman, chairman, chairman, chairman, chairman, chairman, chairman, chairman, chairman, chairman, chairman, chairman, chairman, chairman, chairman, chairman, chairman, chairman, chairman, chairman, chairman, chairman, chairman, chairman, chairman, chairman, ', 2),
(40, '2023-09-01 17:29:40.505943', 'police woman', 2),
(41, '2023-09-01 17:49:18.000684', '', 2),
(42, '2023-09-01 18:31:32.847213', 'chairman', 2),
(43, '2023-09-01 18:37:09.889410', 'chairman', 2),
(44, '2023-09-01 18:39:36.714682', 'chairman', 2),
(45, '2023-09-01 18:42:14.320165', 'chairman', 2),
(46, '2023-09-01 18:44:11.125904', 'chairman', 2),
(47, '2023-09-01 19:14:52.953126', 'chairman', 2),
(48, '2023-09-06 10:53:17.937034', 'chairman', 1),
(49, '2023-09-06 10:56:07.492428', 'chairman', 2),
(50, '2023-09-10 13:48:32.597569', 'chairman', 1),
(51, '2023-09-10 14:04:03.037093', '', 1),
(52, '2023-09-10 14:16:52.065762', 'a chairman walks in a bar', 1),
(53, '2023-09-10 14:19:25.545298', 'a chairman walks in a bar', 1),
(54, '2023-09-10 14:22:11.928092', 'a chairman walks in a bar', 1),
(55, '2023-09-10 14:22:21.475829', 'a chairman walks in a bar', 1),
(56, '2023-09-10 14:23:04.099210', 'a chairman walks in a bar', 1),
(57, '2023-09-11 07:26:06.568829', 'MANILA, Philippines – Broadcast journalist Atom Araullo filed a P2 million damage suit on Monday, September 11, against Sonshine Media Network International (SMNI) hosts Lorraine Badoy and Jeffrey Celiz, seeking redress for “damages and injuries suffered due to defamatory statements maliciously disseminated.”', 1),
(58, '2023-09-11 07:37:16.874851', 'MANILA, Philippines – Broadcast journalist Atom Araullo filed a P2 million damage suit on Monday, September 11, against Sonshine Media Network International (SMNI) hosts Lorraine Badoy and Jeffrey Celiz, seeking redress for “damages and injuries suffered due to defamatory statements maliciously disseminated.”', 1),
(59, '2023-09-11 07:38:36.670206', 'MANILA, Philippines – Broadcast journalist Atom Araullo filed a P2 million damage suit on Monday, September 11, against Sonshine Media Network International (SMNI) hosts Lorraine Badoy and Jeffrey Celiz, seeking redress for “damages and injuries suffered due to defamatory statements maliciously disseminated.”', 1),
(60, '2023-09-11 07:40:08.722165', 'MANILA, Philippines – Broadcast journalist Atom Araullo filed a P2 million damage suit on Monday, September 11, against Sonshine Media Network International (SMNI) hosts Lorraine Badoy and Jeffrey Celiz, seeking redress for “damages and injuries suffered due to defamatory statements maliciously disseminated.”', 1),
(61, '2023-09-11 07:41:58.913805', 'MANILA, Philippines – Broadcast journalist Atom Araullo filed a P2 million damage suit on Monday, September 11, against Sonshine Media Network International (SMNI) hosts Lorraine Badoy and Jeffrey Celiz, seeking redress for “damages and injuries suffered due to defamatory statements maliciously disseminated.”', 1),
(62, '2023-09-11 07:42:55.075964', 'MANILA, Philippines – Broadcast journalist Atom Araullo filed a P2 million damage suit on Monday, September 11, against Sonshine Media Network International (SMNI) hosts Lorraine Badoy and Jeffrey Celiz, seeking redress for “damages and injuries suffered due to defamatory statements maliciously disseminated.”', 1),
(63, '2023-09-11 07:43:24.883393', 'MANILA, Philippines – Broadcast journalist Atom Araullo filed a P2 million damage suit on Monday, September 11, against Sonshine Media Network International (SMNI) hosts Lorraine Badoy and Jeffrey Celiz, seeking redress for “damages and injuries suffered due to defamatory statements maliciously disseminated.”', 1),
(64, '2023-09-11 08:16:54.516727', 'MANILA, Philippines – Broadcast journalist Atom Araullo filed a P2 million damage suit on Monday, September 11, against Sonshine Media Network International (SMNI) hosts Lorraine Badoy and Jeffrey Celiz, seeking redress for “damages and injuries suffered due to defamatory statements maliciously disseminated.”', 1),
(65, '2023-09-11 08:19:17.965377', 'MANILA, Philippines – Broadcast journalist Atom Araullo filed a P2 million damage suit on Monday, September 11, against Sonshine Media Network International (SMNI) hosts Lorraine Badoy and Jeffrey Celiz, seeking redress for “damages and injuries suffered due to defamatory statements maliciously disseminated.”', 1),
(66, '2023-09-11 08:20:57.486769', 'dsada dasd adasda', 1),
(67, '2023-09-11 08:21:20.056763', 'the', 1),
(68, '2023-09-11 08:26:55.324595', 'MANILA, Philippines – Broadcast journalist Atom Araullo filed a P2 million damage suit on Monday, September 11, against Sonshine Media Network International (SMNI) hosts Lorraine Badoy and Jeffrey Celiz, seeking redress for “damages and injuries suffered due to defamatory statements maliciously disseminated.”', 1),
(69, '2023-09-11 08:30:34.633938', 'MANILA, Philippines – Broadcast journalist Atom Araullo filed a P2 million damage suit on Monday, September 11, against Sonshine Media Network International (SMNI) hosts Lorraine Badoy and Jeffrey Celiz, seeking redress for “damages and injuries suffered due to defamatory statements maliciously disseminated.”', 1),
(70, '2023-09-11 08:32:28.534540', 'MANILA, Philippines – Broadcast journalist Atom Araullo filed a P2 million damage suit on Monday, September 11, against Sonshine Media Network International (SMNI) hosts Lorraine Badoy and Jeffrey Celiz, seeking redress for “damages and injuries suffered due to defamatory statements maliciously disseminated.”', 1),
(71, '2023-09-11 08:34:43.856164', 'MANILA, Philippines – Broadcast journalist Atom Araullo filed a P2 million damage suit on Monday, September 11, against Sonshine Media Network International (SMNI) hosts Lorraine Badoy and Jeffrey Celiz, seeking redress for “damages and injuries suffered due to defamatory statements maliciously disseminated.”', 1),
(72, '2023-09-11 08:34:57.358257', 'chairman', 1),
(73, '2023-09-11 08:35:08.687368', 'chairman', 1),
(74, '2023-09-11 08:35:09.148967', 'chairman', 1),
(75, '2023-09-11 08:35:53.339671', 'chairman', 1),
(76, '2023-09-11 08:36:06.353393', 'fireman', 1),
(77, '2023-09-11 08:39:09.780532', 'MANILA, Philippines – Broadcast journalist Atom Araullo filed a P2 million damage suit on Monday, September 11, against Sonshine Media Network International (SMNI) hosts Lorraine Badoy and Jeffrey Celiz, seeking redress for “damages and injuries suffered due to defamatory statements maliciously disseminated.”', 1),
(78, '2023-09-11 08:44:59.004036', 'MANILA, Philippines – Broadcast journalist Atom Araullo filed a P2 million damage suit on Monday, September 11, against Sonshine Media Network International (SMNI) hosts Lorraine Badoy and Jeffrey Celiz, seeking redress for “damages and injuries suffered due to defamatory statements maliciously disseminated.”', 1),
(79, '2023-09-11 08:50:08.293374', 'MANILA, Philippines – Broadcast journalist Atom Araullo filed a P2 million damage suit on Monday, September 11, against Sonshine Media Network International (SMNI) hosts Lorraine Badoy and Jeffrey Celiz, seeking redress for “damages and injuries suffered due to defamatory statements maliciously disseminated.”', 1),
(80, '2023-09-11 08:51:50.563430', 'MANILA, Philippines – Broadcast journalist Atom Araullo filed a P2 million damage suit on Monday, September 11, against Sonshine Media Network International (SMNI) hosts Lorraine Badoy and Jeffrey Celiz, seeking redress for “damages and injuries suffered due to defamatory statements maliciously disseminated.”', 1),
(81, '2023-09-11 15:40:24.445932', 'chairman', 1),
(82, '2023-09-11 15:45:20.567225', 'chairman', 1),
(83, '2023-09-11 15:46:43.296363', 'chairman', 1),
(84, '2023-09-11 16:14:29.760011', 'MANILA, Philippines – Broadcast journalist Atom Araullo filed a P2 million damage suit on Monday, September 11, against Sonshine Media Network International (SMNI) hosts Lorraine Badoy and Jeffrey Celiz, seeking redress for “damages and injuries suffered due to defamatory statements maliciously disseminated.”', 1),
(85, '2023-09-11 16:17:59.578560', 'the chairman is also a fine fireman', 1),
(86, '2023-09-11 16:18:14.275711', 'the chairman is also a fine fireman', 1),
(87, '2023-09-11 16:18:26.429472', 'chairman', 1),
(88, '2023-09-11 16:23:38.158298', 'chairman', 1),
(89, '2023-09-11 16:58:23.639662', 'MANILA, Philippines – Broadcast journalist Atom Araullo filed a P2 million damage suit on Monday, September 11, against Sonshine Media Network International (SMNI) hosts Lorraine Badoy and Jeffrey Celiz, seeking redress for “damages and injuries suffered due to defamatory statements maliciously disseminated.”', 1),
(90, '2023-09-11 16:58:34.866193', 'chairman', 1),
(91, '2023-09-11 17:07:42.326160', 'The chairman of this club', 1),
(92, '2023-09-11 17:15:28.515539', 'The chairman of this club', 1),
(93, '2023-09-11 17:16:20.852732', 'The chairman of this club', 1),
(94, '2023-09-11 17:16:41.201165', 'The chairman of this club room', 1),
(95, '2023-09-11 17:17:19.558735', 'The chairman of this club room school', 1),
(96, '2023-09-11 17:17:52.514928', 'The chairman of this club room school', 1),
(97, '2023-09-11 17:23:14.524650', 'The chairman of this club room school', 1),
(98, '2023-09-11 17:25:02.341910', 'The chairman of this club room man', 1),
(99, '2023-09-11 17:30:49.516860', 'freshman', 1),
(100, '2023-09-11 18:39:10.584640', 'freshman', 1),
(101, '2023-09-11 19:18:06.940186', 'freshman', 1),
(102, '2023-09-11 19:19:23.546355', 'freshman', 1),
(103, '2023-09-11 19:25:37.251587', 'freshman', 1),
(104, '2023-09-11 19:30:15.679246', 'freshman', 1),
(105, '2023-09-11 23:08:14.872924', 'freshman', 1),
(106, '2023-09-11 23:20:01.960867', 'freshman', 1),
(107, '2023-09-11 23:21:36.455427', 'freshman', 1),
(108, '2023-09-11 23:25:36.882373', 'freshman', 1),
(109, '2023-09-11 23:28:15.708804', 'freshman', 1),
(110, '2023-09-12 00:40:48.376365', 'freshman', 1),
(111, '2023-09-12 11:40:21.938478', 'the chairman is also a fine fireman', 1),
(112, '2023-09-12 11:43:24.144478', 'Chinese media recently released a new map of the country’s geographic borders and it claimed a small part of Russian land as its own according to a report from Newsweek. ', 1),
(113, '2023-09-12 11:49:01.490209', 'chairman and fireman', 1),
(114, '2023-09-12 11:50:38.961229', 'Chinese media recently released a new map of the country’s geographic borders and it claimed a small part of Russian land as its own according to a report from Newsweek. ', 1),
(115, '2023-09-12 14:02:46.099948', 'Chinese media recently released a new map of the country’s geographic borders and it claimed a small part of Russian land as its own according to a report from Newsweek. ', 1),
(116, '2023-09-12 14:03:59.530384', 'MANILA, Philippines – Broadcast journalist Atom Araullo filed a P2 million damage suit on Monday, September 11, against Sonshine Media Network International (SMNI) hosts Lorraine Badoy and Jeffrey Celiz, seeking redress for “damages and injuries suffered due to defamatory statements maliciously disseminated.”', 1),
(117, '2023-09-12 14:06:08.042192', 'MANILA, Philippines – Broadcast journalist Atom Araullo filed a P2 million damage suit on Monday, September 11, against Sonshine Media Network International (SMNI) hosts Lorraine Badoy and Jeffrey Celiz, seeking redress for “damages and injuries suffered due to defamatory statements maliciously disseminated.”', 1),
(118, '2023-09-12 14:07:36.365811', 'the chairman is also a fine fireman along with the waitress', 1),
(119, '2023-09-13 16:56:50.236563', 'Ukrainian forces are making important territorial gains on the southern frontlines of the war that could lead to a much larger victory if Russian supply lines become threatened. ', 2),
(120, '2023-09-13 17:47:04.725647', '', 1),
(121, '2023-09-14 14:59:12.522595', 'fireman and chairman', 1),
(122, '2023-09-14 15:02:45.744611', 'chairman and fireman along with mailman', 1),
(123, '2023-09-18 14:59:06.631724', 'chairman', 1),
(124, '2023-09-18 14:59:13.967342', 'chairman', 1),
(125, '2023-09-18 15:09:35.006572', 'chairman a', 1),
(126, '2023-09-18 15:22:11.364860', '', 1),
(127, '2023-09-18 15:24:37.667452', '', 1),
(128, '2023-09-18 15:25:37.058482', '', 1),
(129, '2023-09-18 15:28:09.323499', 'chairman', 1),
(130, '2023-09-18 15:32:11.782410', '', 1),
(131, '2023-09-18 15:33:10.604055', 'chairman', 1),
(132, '2023-09-18 15:33:59.742835', 'chairman', 1),
(133, '2023-09-18 15:36:42.084966', 'chairman', 1),
(134, '2023-09-19 06:42:32.529822', 'chairman', 1),
(135, '2023-09-19 08:06:07.921640', 'GADLY A GENDER-BASED SENSITIVE PARAPHRASING TOOL      CAPSTONE 1 Presented to the Faculty of  College of Computer Studies MINDORO STATE UNIVERSITY Calapan City Campus Masipit, Calapan City, Oriental Mindoro      In Partial Fulfillment of the Requirements for the Degree of BACHELOR OF SCIENCE IN INFORMATION TECHNOLOGY  	   Alcantara, Moses I. Bual, Christian Angel V. Delizo, Pamela C. Gonda, Cedric Louise G. BSIT 3-F2     MAY 15, 2023 CHAPTER I INTRODUCTION Project Context 	Opportunities for academic dishonesty enabled by technology are expanding, but so are the resources available to help catch it. An active area of research in computer science and Natural Language Processing (NLP) is the creation of these. This process resembles the idea of a military arms race in that it follows a pattern of rivalry in the creation and acquisition of ever-stronger means for defense and attack. A technical countermeasure is soon in development as a technique, piece of software, or system for engaging in violations of educational integrity is devised. Foltynek, Meuschke, and Gipp\'s research (2019), which discovered that 239 works in the field of NLP between 2013 and 2018 concentrated on employing technology tools to identify sophisticated types of academic plagiarism, provides evidence of this. One technique created by Foltynek et al. (2020) demonstrated accuracy of up to 99% in recognizing machine-translated paraphrased texts, making it clear that some of them have a lot of potential. Society faces a rapidly changing', 1),
(136, '2023-09-19 08:06:38.928630', 'GADLY A GENDER-BASED SENSITIVE PARAPHRASING TOOL      CAPSTONE 1 Presented to the Faculty of  College of Computer Studies MINDORO STATE UNIVERSITY Calapan City Campus Masipit, Calapan City, Oriental Mindoro      In Partial Fulfillment of the Requirements for the Degree of BACHELOR OF SCIENCE IN INFORMATION TECHNOLOGY  	   Alcantara, Moses I. Bual, Christian Angel V. Delizo, Pamela C. Gonda, Cedric Louise G. BSIT 3-F2     MAY 15, 2023 CHAPTER I INTRODUCTION Project Context 	Opportunities for academic dishonesty enabled by technology are expanding, but so are the resources available to help catch it. An active area of research in computer science and Natural Language Processing (NLP) is the creation of these. This process resembles the idea of a military arms race in that it follows a pattern of rivalry in the creation and acquisition of ever-stronger means for defense and attack. A technical countermeasure is soon in development as a technique, piece of software, or system for engaging in violations of educational integrity is devised. Foltynek, Meuschke, and Gipp\'s research (2019), which discovered that 239 works in the field of NLP between 2013 and 2018 concentrated on employing technology tools to identify sophisticated types of academic plagiarism, provides evidence of this. One technique created by Foltynek et al. (2020) demonstrated accuracy of up to 99% in recognizing machine-translated paraphrased texts, making it clear that some of them have a lot of potential. Society faces a rapidly changing', 1),
(137, '2023-09-19 08:09:41.346813', 'GADLY A GENDER-BASED SENSITIVE PARAPHRASING TOOL      CAPSTONE 1 Presented to the Faculty of  College of Computer Studies MINDORO STATE UNIVERSITY Calapan City Campus Masipit, Calapan City, Oriental Mindoro      In Partial Fulfillment of the Requirements for the Degree of BACHELOR OF SCIENCE IN INFORMATION TECHNOLOGY  	   Alcantara, Moses I. Bual, Christian Angel V. Delizo, Pamela C. Gonda, Cedric Louise G. BSIT 3-F2     MAY 15, 2023 CHAPTER I INTRODUCTION Project Context 	Opportunities for academic dishonesty enabled by technology are expanding, but so are the resources available to help catch it. An active area of research in computer science and Natural Language Processing (NLP) is the creation of these. This process resembles the idea of a military arms race in that it follows a pattern of rivalry in the creation and acquisition of ever-stronger means for defense and attack. A technical countermeasure is soon in development as a technique, piece of software, or system for engaging in violations of educational integrity is devised. Foltynek, Meuschke, and Gipp\'s research (2019), which discovered that 239 works in the field of NLP between 2013 and 2018 concentrated on employing technology tools to identify sophisticated types of academic plagiarism, provides evidence of this. One technique created by Foltynek et al. (2020) demonstrated accuracy of up to 99% in recognizing machine-translated paraphrased texts, making it clear that some of them have a lot of potential. Society faces a rapidly chairman', 1),
(138, '2023-09-19 08:15:07.882363', 'GADLY A GENDER-BASED SENSITIVE PARAPHRASING TOOL      CAPSTONE 1 Presented to the Faculty of  College of Computer Studies FRESHMAN MINDORO STATE UNIVERSITY Calapan City Campus Masipit, Calapan City, Oriental Mindoro      In Partial Fulfillment of the Requirements for the Degree of BACHELOR OF SCIENCE IN INFORMATION TECHNOLOGY  	   Alcantara, Moses I. Bual, Christian Angel V. Delizo, Pamela C. Gonda, Cedric Louise G. BSIT 3-F2     MAY 15, 2023 CHAPTER CHAIRMAN', 1),
(139, '2023-09-19 08:22:26.085849', 'GADLY A GENDER-BASED SENSITIVE PARAPHRASING TOOL      CAPSTONE 1 Presented to the Faculty of  College of Computer Studies MINDORO STATE UNIVERSITY Calapan City Campus Masipit, Calapan City, Oriental Mindoro      In Partial Fulfillment of the Requirements for the Degree of BACHELOR OF SCIENCE IN INFORMATION TECHNOLOGY  	   Alcantara, Moses I. Bual, Christian Angel V. Delizo, Pamela C. Gonda, Cedric Louise G. BSIT 3-F2     MAY 15, 2023 CHAPTER I INTRODUCTION Project Context 	Opportunities for academic dishonesty enabled by technology are expanding, but so are the resources available to help catch it. An active area of research in computer science and Natural Language Processing (NLP) is the creation of these. This process resembles the idea of a military arms race in that it follows a chairman and the freshman', 1),
(140, '2023-09-19 08:35:03.164191', 'mailman', 1),
(141, '2023-09-19 14:25:39.319606', 'redress the chairman and chairman', 1),
(142, '2023-09-19 14:27:27.950190', 'redress the chairman and chairman', 1),
(143, '2023-09-19 14:28:15.928625', 'redress the chairman and chairman', 1),
(144, '2023-09-19 15:01:54.715327', 'redress the chairman and chairman', 1),
(145, '2023-09-19 15:04:14.836740', 'redress the chairman and chairman', 1),
(146, '2023-09-19 15:05:28.711450', 'redress the chairman and chairman', 1),
(147, '2023-09-19 15:06:19.937294', 'redress the chairman and chairman', 1),
(148, '2023-09-19 15:06:53.883817', 'redress the chairman and chairman', 1),
(149, '2023-09-19 15:07:25.993466', 'redress the chairman and chairman', 1),
(150, '2023-09-19 15:11:14.246543', 'redress the chairman and chairman', 1),
(151, '2023-09-19 15:15:20.588803', 'redress the chairman and chairman', 1),
(152, '2023-09-19 15:16:41.790563', 'redress the chairman and chairman', 1),
(153, '2023-09-19 15:16:53.049023', 'redress the chairman and chairman', 1),
(154, '2023-09-19 15:19:25.545224', 'redress the chairman and chairman', 1),
(155, '2023-09-19 15:22:04.770263', 'redress the chairman and chairman', 1),
(156, '2023-09-19 15:23:15.921388', 'redress the chairman and chairman', 1),
(157, '2023-09-19 15:23:49.740086', 'redress the chairman and chairman', 1),
(158, '2023-09-19 15:24:22.518817', 'redress the chairman and chairman', 1),
(159, '2023-09-19 15:29:56.116114', 'redress the chairman and chairman', 1),
(160, '2023-09-19 15:31:24.151534', 'redress the chairman and chairman', 1),
(161, '2023-09-19 15:32:15.804056', 'redress the chairman and chairman', 1),
(162, '2023-09-19 15:33:03.149286', 'redress the chairman and chairman', 1),
(163, '2023-09-19 15:34:12.298631', 'redress the chairman and chairman', 1),
(164, '2023-09-19 15:36:27.260686', 'redress the chairman and chairman', 1),
(165, '2023-09-19 15:36:49.123169', 'redress the chairman and chairman', 1),
(166, '2023-09-19 15:37:51.007780', 'redress the chairman and chairman', 1),
(167, '2023-09-19 15:38:48.516130', 'redress the chairman and chairman', 1),
(168, '2023-09-19 15:39:15.177729', 'redress the chairman and chairman', 1),
(169, '2023-09-19 15:43:21.467391', 'redress the chairman and chairman', 1),
(170, '2023-09-19 15:44:25.996378', 'redress the chairman and chairman', 1),
(171, '2023-09-19 15:45:46.101928', 'redress the chairman and chairman', 1),
(172, '2023-09-19 15:52:45.608991', 'redress the chairman and chairman', 1),
(173, '2023-09-19 15:54:08.631371', 'redress the chairman and chairman', 1),
(174, '2023-09-19 15:55:10.621575', 'chairman', 1),
(175, '2023-09-19 15:56:08.127738', 'chairman', 1),
(176, '2023-09-19 15:57:17.976282', 'chairman', 1),
(177, '2023-09-19 15:58:24.868816', 'chairman', 1),
(178, '2023-09-19 15:59:09.963554', 'chairman', 1),
(179, '2023-09-19 16:05:37.202744', 'chairman', 1),
(180, '2023-09-19 16:07:38.783472', 'chairman', 1),
(181, '2023-09-19 16:09:34.110706', 'chairman', 1),
(182, '2023-09-19 16:11:04.490566', 'chairman', 1),
(183, '2023-09-19 16:12:34.236853', 'chairman', 1),
(184, '2023-09-19 16:13:06.563327', 'chairman', 1),
(185, '2023-09-19 16:14:47.754815', 'chairman', 1),
(186, '2023-09-19 16:17:03.768171', 'chairman', 1),
(187, '2023-09-19 16:17:48.565798', 'chairman', 1),
(188, '2023-09-19 16:19:46.452608', 'chairman and freshman with the mailman', 1),
(189, '2023-09-19 16:21:39.522531', 'chairman', 1),
(190, '2023-09-19 16:21:56.092970', 'chairman and mailman with the fisherman', 1),
(191, '2023-09-19 16:22:10.139250', 'chairman and mailman with the freshman', 1),
(192, '2023-09-19 16:30:44.578824', 'redress the chairman and chairman', 2),
(193, '2023-10-04 15:37:22.168138', 'chairman', 2),
(194, '2023-10-04 15:37:47.765715', 'the chairman', 2),
(195, '2023-10-04 15:39:15.153553', 'the empress rules everything', 2),
(196, '2023-10-04 15:48:41.847967', 'the chairman', 1);

-- --------------------------------------------------------

--
-- Table structure for table `backend_repdetail`
--

CREATE TABLE `backend_repdetail` (
  `repdet_id` bigint NOT NULL,
  `det` varchar(255) NOT NULL,
  `rep` varchar(255) NOT NULL,
  `repl_id` bigint NOT NULL
) ENGINE=InnoDB DEFAULT CHARSET=utf8mb4 COLLATE=utf8mb4_0900_ai_ci;

--
-- Dumping data for table `backend_repdetail`
--

INSERT INTO `backend_repdetail` (`repdet_id`, `det`, `rep`, `repl_id`) VALUES
(2, 'chairman', 'president', 10),
(3, 'mailman', 'mail_carrier', 10),
(4, 'freshman', 'newcomer', 10),
(5, 'redress', 'damages', 11),
(6, 'chairman', 'president', 11),
(7, 'chairman', 'chair', 12);

-- --------------------------------------------------------

--
-- Table structure for table `backend_replacement`
--

CREATE TABLE `backend_replacement` (
  `repl_id` bigint NOT NULL,
  `repl_at` datetime(6) NOT NULL,
  `user_id` bigint NOT NULL
) ENGINE=InnoDB DEFAULT CHARSET=utf8mb4 COLLATE=utf8mb4_0900_ai_ci;

--
-- Dumping data for table `backend_replacement`
--

INSERT INTO `backend_replacement` (`repl_id`, `repl_at`, `user_id`) VALUES
(10, '2023-09-19 16:30:21.546797', 1),
(11, '2023-09-19 16:31:28.724920', 2),
(12, '2023-10-04 15:48:49.328567', 1);

-- --------------------------------------------------------

--
-- Table structure for table `backend_user`
--

CREATE TABLE `backend_user` (
  `user_id` bigint NOT NULL,
  `name` varchar(255) NOT NULL,
  `phone` varchar(255) NOT NULL,
  `email` varchar(255) NOT NULL,
  `uname` varchar(255) NOT NULL,
  `pswd` varchar(255) NOT NULL,
  `utype` varchar(255) NOT NULL,
  `verified` tinyint(1) NOT NULL,
  `token` varchar(255) NOT NULL
) ENGINE=InnoDB DEFAULT CHARSET=utf8mb4 COLLATE=utf8mb4_0900_ai_ci;

--
-- Dumping data for table `backend_user`
--

INSERT INTO `backend_user` (`user_id`, `name`, `phone`, `email`, `uname`, `pswd`, `utype`, `verified`, `token`) VALUES
(1, 'Moses Ines Alcantara', '+639685913442', 'mosesalcantara123@gmail.com', 'moses123', 'pass_123', 'admin', 1, '46jSSyrC'),
(2, 'Stefano Alcantara', '09294945769', 'bonzealcantara@gmail.com', 'bonze123', 'pass_123', 'user', 1, 'WcN0nzKd'),
(8, 'black', '333454356', 'christianangelbual@yahoo.com', 'cavbual27', 'pass_123', 'user', 0, 'T2UFNUrz');

-- --------------------------------------------------------

--
-- Table structure for table `django_admin_log`
--

CREATE TABLE `django_admin_log` (
  `id` int NOT NULL,
  `action_time` datetime(6) NOT NULL,
  `object_id` longtext,
  `object_repr` varchar(200) NOT NULL,
  `action_flag` smallint UNSIGNED NOT NULL,
  `change_message` longtext NOT NULL,
  `content_type_id` int DEFAULT NULL,
  `user_id` int NOT NULL
) ENGINE=InnoDB DEFAULT CHARSET=utf8mb4 COLLATE=utf8mb4_0900_ai_ci;

-- --------------------------------------------------------

--
-- Table structure for table `django_content_type`
--

CREATE TABLE `django_content_type` (
  `id` int NOT NULL,
  `app_label` varchar(100) NOT NULL,
  `model` varchar(100) NOT NULL
) ENGINE=InnoDB DEFAULT CHARSET=utf8mb4 COLLATE=utf8mb4_0900_ai_ci;

--
-- Dumping data for table `django_content_type`
--

INSERT INTO `django_content_type` (`id`, `app_label`, `model`) VALUES
(7, 'admin', 'logentry'),
(9, 'auth', 'group'),
(8, 'auth', 'permission'),
(10, 'auth', 'user'),
(19, 'backend', 'cachedword2vecmodel'),
(13, 'backend', 'dataset'),
(20, 'backend', 'dataset_all'),
(22, 'backend', 'dataset_filtered'),
(21, 'backend', 'old_dataset'),
(16, 'backend', 'paradetail'),
(14, 'backend', 'paraphrase'),
(17, 'backend', 'repdetail'),
(18, 'backend', 'replacement'),
(15, 'backend', 'user'),
(11, 'contenttypes', 'contenttype'),
(1, 'main', 'data_set'),
(6, 'main', 'paradetail'),
(5, 'main', 'paraphrase'),
(4, 'main', 'repdetail'),
(3, 'main', 'replacement'),
(2, 'main', 'user'),
(12, 'sessions', 'session');

-- --------------------------------------------------------

--
-- Table structure for table `django_migrations`
--

CREATE TABLE `django_migrations` (
  `id` bigint NOT NULL,
  `app` varchar(255) NOT NULL,
  `name` varchar(255) NOT NULL,
  `applied` datetime(6) NOT NULL
) ENGINE=InnoDB DEFAULT CHARSET=utf8mb4 COLLATE=utf8mb4_0900_ai_ci;

--
-- Dumping data for table `django_migrations`
--

INSERT INTO `django_migrations` (`id`, `app`, `name`, `applied`) VALUES
(1, 'contenttypes', '0001_initial', '2023-04-27 18:19:00.908499'),
(2, 'auth', '0001_initial', '2023-04-27 18:19:01.668210'),
(3, 'admin', '0001_initial', '2023-04-27 18:19:01.841443'),
(4, 'admin', '0002_logentry_remove_auto_add', '2023-04-27 18:19:01.868414'),
(5, 'admin', '0003_logentry_add_action_flag_choices', '2023-04-27 18:19:01.895821'),
(6, 'contenttypes', '0002_remove_content_type_name', '2023-04-27 18:19:02.060355'),
(7, 'auth', '0002_alter_permission_name_max_length', '2023-04-27 18:19:02.207017'),
(8, 'auth', '0003_alter_user_email_max_length', '2023-04-27 18:19:02.273601'),
(9, 'auth', '0004_alter_user_username_opts', '2023-04-27 18:19:02.283547'),
(10, 'auth', '0005_alter_user_last_login_null', '2023-04-27 18:19:02.442007'),
(11, 'auth', '0006_require_contenttypes_0002', '2023-04-27 18:19:02.447164'),
(12, 'auth', '0007_alter_validators_add_error_messages', '2023-04-27 18:19:02.459915'),
(13, 'auth', '0008_alter_user_username_max_length', '2023-04-27 18:19:02.549590'),
(14, 'auth', '0009_alter_user_last_name_max_length', '2023-04-27 18:19:02.629269'),
(15, 'auth', '0010_alter_group_name_max_length', '2023-04-27 18:19:02.692658'),
(16, 'auth', '0011_update_proxy_permissions', '2023-04-27 18:19:02.724953'),
(17, 'auth', '0012_alter_user_first_name_max_length', '2023-04-27 18:19:02.892334'),
(18, 'main', '0001_initial', '2023-04-27 18:19:03.464136'),
(19, 'sessions', '0001_initial', '2023-04-27 18:19:03.565690'),
(20, 'main', '0002_rename_password_user_pswd', '2023-04-28 13:36:35.998832'),
(21, 'main', '0003_rename_det_word_paradetail_det_and_more', '2023-04-28 13:38:31.079972'),
(22, 'main', '0004_rename_para_id_paradetail_para_and_more', '2023-04-28 16:03:45.405598'),
(23, 'main', '0005_user_reset', '2023-05-24 03:04:29.921874'),
(24, 'main', '0006_rename_reset_user_token', '2023-05-24 04:49:23.139198'),
(25, 'main', '0007_user_verified', '2023-05-24 06:45:50.071634'),
(26, 'main', '0008_paraphrase_txt', '2023-06-24 00:24:05.770289'),
(27, 'main', '0009_alter_paraphrase_txt', '2023-06-24 00:26:22.676805'),
(30, 'main', '0010_data_set_gen', '2023-09-01 11:46:43.294535'),
(34, 'backend', '0001_initial', '2023-09-11 22:47:41.316256'),
(35, 'backend', '0002_rename_data_set_dataset', '2023-09-11 22:47:41.347159'),
(36, 'backend', '0003_dataset_gen', '2023-09-11 22:47:41.359127'),
(37, 'backend', '0004_rename_sen_dataset_gender_remove_dataset_gen', '2023-09-11 22:47:41.376240'),
(38, 'backend', '0005_cachedword2vecmodel', '2023-09-11 22:47:41.397212'),
(39, 'backend', '0005_alter_dataset_gender', '2023-09-12 04:27:15.237523'),
(40, 'backend', '0005_new_dataset_old_dataset', '2023-09-12 12:18:56.451474'),
(41, 'backend', '0006_rename_new_dataset_dataset_all_delete_old_dataset', '2023-09-12 12:33:36.922240'),
(42, 'backend', '0007_dataset_filtered', '2023-09-12 12:46:23.461025'),
(43, 'backend', '0008_delete_dataset_all', '2023-09-13 07:13:58.597209'),
(44, 'backend', '0009_delete_dataset', '2023-09-13 07:17:22.775780'),
(45, 'backend', '0010_rename_dataset_filtered_dataset', '2023-09-13 07:19:34.774110');

-- --------------------------------------------------------

--
-- Table structure for table `django_session`
--

CREATE TABLE `django_session` (
  `session_key` varchar(40) NOT NULL,
  `session_data` longtext NOT NULL,
  `expire_date` datetime(6) NOT NULL
) ENGINE=InnoDB DEFAULT CHARSET=utf8mb4 COLLATE=utf8mb4_0900_ai_ci;

--
-- Dumping data for table `django_session`
--

INSERT INTO `django_session` (`session_key`, `session_data`, `expire_date`) VALUES
('1msh2sxiha07wm8uyoqidirboo89ukoq', 'e30:1qo47F:I45OJO024QoVGcHzFUoWXAB-rzw6Yu84zvGKlqUQsjU', '2023-10-18 15:48:49.372533'),
('1z98v9tnb41dqv5l470jh10gzahm7vum', '.eJwViksKwCAMBe-StRT6WbnyAj1DCRpEMFr8LErp3ZusHm9mXpid2pUC2MMAMaYMFrh26pg9loEN1213Uc3iK4OBWZBJqlMrkYrGcyvCwKnIzzXK2tEmfT93VCD5:1qDGbE:xYf27AxArlvuDjoIJdbju-lFUMnpfPJjzhMOwXzfkYs', '2023-07-09 03:39:40.716555'),
('4qov0nzyt4xdcl4rh0rvh1i2sl4io4qx', '.eJwViksKwCAMBe-StRT6WbnyAj1DCRpEMFr8LErp3ZusHm9mXpid2pUC2MMAMaYMFrh26pg9loEN1213Uc3iK4OBWZBJqlMrkYrGcyvCwKnIzzXK2tEmfT93VCD5:1pwzLx:UKr3mb8T9gsV2ezjm8dGnKQrLrwrtQt635W-2DINAaQ', '2023-05-25 06:00:37.426840'),
('53a44rogz1g056l4md91q0rtugqdzgx6', '.eJwViksKwCAMBe-StRT6WbnyAj1DCRpEMFr8LErp3ZusHm9mXpid2pUC2MMAMaYMFrh26pg9loEN1213Uc3iK4OBWZBJqlMrkYrGcyvCwKnIzzXK2tEmfT93VCD5:1pwOfM:rOLqgoEO83q_ecpAKhR9eBPQNqoxGVn8mdKxw1ESQ5c', '2023-05-23 14:50:12.508386'),
('91eth7mg3k5gdj2jb10h28em3fpmmb47', '.eJyrViotTi3KS8xNVbJScsrPq0o1NDJW0gGLxmemKFmZ6Cil5iZm5gClc_OLU4sTc5IT80oSixKB6hzSQTJ6yfm5IB1QQ3xBqqCGlFQWgIQSU3Iz84D8nPx0IG1VUlSaWgsAe0Un2w:1q3Rmm:g1KMF1wpLjKmDgtdUFTGFkQ1M1jzsDq-4ChPm7E5LNg', '2023-06-12 01:35:00.463441'),
('e6ynf2ca0ilvx3gt2b644whufaiydx8o', '.eJyrViotTi2Kz0xRsjLSUUrNTczMUbJSSsrPq0pNzElOzCtJLEp0SAcJ6yXn5yrpKJXmJeamApU4gZQYGhmDhEoqC0BCIJOA3Jz89Mw8JauSotLUWgAJJyAF:1qR3xd:gKwpMm-Co92jdhZFzwk1KOjMMS6Qa3-WvKUedQqxmNw', '2023-08-16 04:59:49.057234'),
('fwswu80ckumeoqxyxvit7hqb4q702g36', '.eJwViksKwCAMBe-StRT6WbnyAj1DCRpEMFr8LErp3ZusHm9mXpid2pUC2MMAMaYMFrh26pg9loEN1213Uc3iK4OBWZBJqlMrkYrGcyvCwKnIzzXK2tEmfT93VCD5:1pw40L:zQK4ORUooRr2P8_02NsTFvZtz_8c3_iwcsq-z-J_DRU', '2023-05-22 16:46:29.405160'),
('hy7wzlsf9x9hv5055s5ybf59k75kgjq7', '.eJyrViotTi2Kz0xRsjLSUUrNTczMUbJSSsrPq0pNzElOzCtJLEp0SAcJ6yXn5yrpKJXmJeamApU4gZQYGhmDhEoqC0BCIJOA3Jz89Mw8JauSotLUWgAJJyAF:1puPow:fqu1B5knYHAi3sIyLV2uuADf73sAFamqKhJQ49f6_-M', '2023-05-18 03:39:54.768845'),
('jsc14k0gx1l8ekfkf51wvicnq7egys1m', '.eJyrViotTi2Kz0xRsjLWUUrNTczMUbJSSk7MSc4szc2oTNEzdkgHCeol5-cq6SiV5iXmpiIUGBmAxEoqC0BiiSm5mXlAfk5-OpC2KikqTa0FAO7WH7s:1psaxu:zlkxZz2rywd3-qRwDgFML8RXGnoMjpcylWc34WH0nnY', '2023-05-13 03:09:38.321126'),
('kq6olm3cxjkqsrvssm2or1gzwik6059r', '.eJwViksKwCAMBe-StRT6WbnyAj1DCRpEMFr8LErp3ZusHm9mXpid2pUC2MMAMaYMFrh26pg9loEN1213Uc3iK4OBWZBJqlMrkYrGcyvCwKnIzzXK2tEmfT93VCD5:1puOaa:K36S0zGxWlmCcnMGDNoazneikgNaFWfpzTej-A6dZ9s', '2023-05-18 02:21:00.307462'),
('l5ufwut5jhj4okea1dm1pyydpznb8pne', '.eJw1irsKwCAQBP9lawmYdFb-STj0EMHT4KMIIf8eLVItM7MPRuN6Rg-jFVgoJhhIadwoOcqdKun9sGGVzRWBwsgk_L9mXKrf11LkJebJqYS5ptfB7wd7LCEW:1qOBJK:2Ey9mRZXTXOh1o72yoTBsTdtvsbi-FgVPqzuuD7Rue4', '2023-08-08 06:14:18.832555'),
('nm3r3oia6z2nj6yue49h0pa6mcf5rbz4', '.eJwViksKwCAMBe-StRT6WbnyAj1DCRpEMFr8LErp3ZusHm9mXpid2pUC2MMAMaYMFrh26pg9loEN1213Uc3iK4OBWZBJqlMrkYrGcyvCwKnIzzXK2tEmfT93VCD5:1qD4Km:6Ya4Rqj2_UXbG2jQNMuwG6EjV-1xm-LzkKSYvPnvc4A', '2023-07-08 14:33:52.662961'),
('x5r9m6mr0zf5hni3qbch0d1dqk98moab', '.eJyrViotTi2Kz0xRsjLSUUrNTczMUbJSSsrPq0pNzElOzCtJLEp0SAcJ6yXn5yrpKJXmJeamApU4gZQYGhmDhEoqC0BCIJOA3Jz89Mw8JauSotLUWgAJJyAF:1q2Byk:Rq6eLVH7LPyMWgVHBNkdEVCIILtsdI8klR61CcziGjw', '2023-06-08 14:30:10.550858'),
('xesq9n7np9vzins40dmlw1kly9ncaet9', '.eJyrViotTi2Kz0xRsjLSUUrNTczMUbJSSsrPq0pNzElOzCtJLEp0SAcJ6yXn5yrpKJXmJeamApU4gZQYGhmDhEoqC0BCIJOA3Jz89Mw8JauSotLUWgAJJyAF:1qaAkr:jHg-nco7HLGLpPycJQRCeFckO0sxMo5lp-ncPM14GM8', '2023-09-10 08:04:17.652332'),
('y40zgeyg7pqavq7kyru4j2f4gwsn9pmk', '.eJyrViotTi2Kz0xRsjLSUUrNTczMUbJSSsrPq0pNzElOzCtJLEp0SAcJ6yXn5yrpKJXmJeamApU4gZQYGhmDhEoqC0BCIJOA3Jz89Mw8JauSotLUWgAJJyAF:1pt9fw:VYCFmjmLHCtKSy2IKo0vtd0PXloGexjmju_yfQMkARI', '2023-05-14 16:13:24.637578');

-- --------------------------------------------------------

--
-- Table structure for table `main_data_set`
--

CREATE TABLE `main_data_set` (
  `word_id` bigint NOT NULL,
  `word` varchar(255) NOT NULL,
  `sen` varchar(255) NOT NULL,
  `gen` varchar(255) DEFAULT NULL
) ENGINE=InnoDB DEFAULT CHARSET=utf8mb4 COLLATE=utf8mb4_0900_ai_ci;

--
-- Dumping data for table `main_data_set`
--

INSERT INTO `main_data_set` (`word_id`, `word`, `sen`, `gen`) VALUES
(1910, 'abbot', 'sensitive', 'masculine'),
(1911, 'able_seaman', 'sensitive', 'masculine'),
(1912, 'adonis', 'sensitive', 'masculine'),
(1913, 'aircraftsman', 'sensitive', 'masculine'),
(1914, 'aircrewman', 'sensitive', 'masculine'),
(1915, 'alderman', 'sensitive', 'masculine'),
(1916, 'altar_boy', 'sensitive', 'masculine'),
(1917, 'ape-man', 'sensitive', 'masculine'),
(1918, 'apostle', 'sensitive', 'masculine'),
(1919, 'archbishop', 'sensitive', 'masculine'),
(1920, 'archdeacon', 'sensitive', 'masculine'),
(1921, 'archpriest', 'sensitive', 'masculine'),
(1922, 'armiger', 'sensitive', 'masculine'),
(1923, 'armiger', 'sensitive', 'masculine'),
(1924, 'artilleryman', 'sensitive', 'masculine'),
(1925, 'assemblyman', 'sensitive', 'masculine'),
(1926, 'augustinian', 'sensitive', 'masculine'),
(1927, 'austin_friar', 'sensitive', 'masculine'),
(1928, 'babu', 'sensitive', 'masculine'),
(1929, 'bacchant', 'sensitive', 'masculine'),
(1930, 'bachelor', 'sensitive', 'masculine'),
(1931, 'backroom_boy', 'sensitive', 'masculine'),
(1932, 'baggageman', 'sensitive', 'masculine'),
(1933, 'bagman', 'sensitive', 'masculine'),
(1934, 'ball_boy', 'sensitive', 'masculine'),
(1935, 'ballet_master', 'sensitive', 'masculine'),
(1936, 'bandsman', 'sensitive', 'masculine'),
(1937, 'baritone', 'sensitive', 'masculine'),
(1938, 'baron', 'sensitive', 'masculine'),
(1939, 'baron', 'sensitive', 'masculine'),
(1940, 'baron', 'sensitive', 'masculine'),
(1941, 'basileus', 'sensitive', 'masculine'),
(1942, 'bass', 'sensitive', 'masculine'),
(1943, 'bat_boy', 'sensitive', 'masculine'),
(1944, 'batman', 'sensitive', 'masculine'),
(1945, 'beadsman', 'sensitive', 'masculine'),
(1946, 'beggarman', 'sensitive', 'masculine'),
(1947, 'bellboy', 'sensitive', 'masculine'),
(1948, 'benedick', 'sensitive', 'masculine'),
(1949, 'best_man', 'sensitive', 'masculine'),
(1950, 'bey', 'sensitive', 'masculine'),
(1951, 'bey', 'sensitive', 'masculine'),
(1952, 'big_brother', 'sensitive', 'masculine'),
(1953, 'black_man', 'sensitive', 'masculine'),
(1954, 'blade', 'sensitive', 'masculine'),
(1955, 'blood_brother', 'sensitive', 'masculine'),
(1956, 'boatman', 'sensitive', 'masculine'),
(1957, 'bondman', 'sensitive', 'masculine'),
(1958, 'bondman', 'sensitive', 'masculine'),
(1959, 'bondsman', 'sensitive', 'masculine'),
(1960, 'border_patrolman', 'sensitive', 'masculine'),
(1961, 'boy', 'sensitive', 'masculine'),
(1962, 'boy', 'sensitive', 'masculine'),
(1963, 'boy_scout', 'sensitive', 'masculine'),
(1964, 'boy_scout', 'sensitive', 'masculine'),
(1965, 'boy_wonder', 'sensitive', 'masculine'),
(1966, 'boyfriend', 'sensitive', 'masculine'),
(1967, 'brahman', 'sensitive', 'masculine'),
(1968, 'brakeman', 'sensitive', 'masculine'),
(1969, 'broth_of_a_boy', 'sensitive', 'masculine'),
(1970, 'brother', 'sensitive', 'masculine'),
(1971, 'brother', 'sensitive', 'masculine'),
(1972, 'brother', 'sensitive', 'masculine'),
(1973, 'brother', 'sensitive', 'masculine'),
(1974, 'brother-in-law', 'sensitive', 'masculine'),
(1975, 'brunet', 'sensitive', 'masculine'),
(1976, 'buddy', 'sensitive', 'masculine'),
(1977, 'bull', 'sensitive', 'masculine'),
(1978, 'bullyboy', 'sensitive', 'masculine'),
(1979, 'burgrave', 'sensitive', 'masculine'),
(1980, 'burgrave', 'sensitive', 'masculine'),
(1981, 'busboy', 'sensitive', 'masculine'),
(1982, 'bushman', 'sensitive', 'masculine'),
(1983, 'bushman', 'sensitive', 'masculine'),
(1984, 'businessman', 'sensitive', 'masculine'),
(1985, 'butler', 'sensitive', 'masculine'),
(1986, 'cabin_boy', 'sensitive', 'masculine'),
(1987, 'cameraman', 'sensitive', 'masculine'),
(1988, 'capo', 'sensitive', 'masculine'),
(1989, 'career_man', 'sensitive', 'masculine'),
(1990, 'casanova', 'sensitive', 'masculine'),
(1991, 'castrato', 'sensitive', 'masculine'),
(1992, 'catamite', 'sensitive', 'masculine'),
(1993, 'cattleman', 'sensitive', 'masculine'),
(1994, 'cavalier', 'sensitive', 'masculine'),
(1995, 'cavalier', 'sensitive', 'masculine'),
(1996, 'cavalryman', 'sensitive', 'masculine'),
(1997, 'cavalryman', 'sensitive', 'masculine'),
(1998, 'caveman', 'sensitive', 'masculine'),
(1999, 'centurion', 'sensitive', 'masculine'),
(2000, 'chairman_of_the_board', 'sensitive', 'masculine'),
(2001, 'chairman', 'sensitive', 'masculine'),
(2002, 'chairmen', 'sensitive', 'masculine'),
(2003, 'chapman', 'sensitive', 'masculine'),
(2004, 'charon', 'sensitive', 'masculine'),
(2005, 'choirboy', 'sensitive', 'masculine'),
(2006, 'church_father', 'sensitive', 'masculine'),
(2007, 'city_man', 'sensitive', 'masculine'),
(2008, 'clansman', 'sensitive', 'masculine'),
(2009, 'clergyman', 'sensitive', 'masculine'),
(2010, 'cleric', 'sensitive', 'masculine'),
(2011, 'closet_queen', 'sensitive', 'masculine'),
(2012, 'coachman', 'sensitive', 'masculine'),
(2013, 'coalman', 'sensitive', 'masculine'),
(2014, 'coastguardsman', 'sensitive', 'masculine'),
(2015, 'codger', 'sensitive', 'masculine'),
(2016, 'coiffeur', 'sensitive', 'masculine'),
(2017, 'committeeman', 'sensitive', 'masculine'),
(2018, 'company_man', 'sensitive', 'masculine'),
(2019, 'confidence_man', 'sensitive', 'masculine'),
(2020, 'congressman', 'sensitive', 'masculine'),
(2021, 'cornishman', 'sensitive', 'masculine'),
(2022, 'councilman', 'sensitive', 'masculine'),
(2023, 'count', 'sensitive', 'masculine'),
(2024, 'countertenor', 'sensitive', 'masculine'),
(2025, 'countryman', 'sensitive', 'masculine'),
(2026, 'countryman', 'sensitive', 'masculine'),
(2027, 'cowboy', 'sensitive', 'masculine'),
(2028, 'cowboy', 'sensitive', 'masculine'),
(2029, 'cowboy', 'sensitive', 'masculine'),
(2030, 'craftsman', 'sensitive', 'masculine'),
(2031, 'craftsman', 'sensitive', 'masculine'),
(2032, 'craftsman', 'sensitive', 'masculine'),
(2033, 'crewman', 'sensitive', 'masculine'),
(2034, 'crewman', 'sensitive', 'masculine'),
(2035, 'crown_prince', 'sensitive', 'masculine'),
(2036, 'cub', 'sensitive', 'masculine'),
(2037, 'cub_scout', 'sensitive', 'masculine'),
(2038, 'cuckold', 'sensitive', 'masculine'),
(2039, 'curandero', 'sensitive', 'masculine'),
(2040, 'cyril', 'sensitive', 'masculine'),
(2041, 'czar', 'sensitive', 'masculine'),
(2042, 'dad', 'sensitive', 'masculine'),
(2043, 'dairyman', 'sensitive', 'masculine'),
(2044, 'dairyman', 'sensitive', 'masculine'),
(2045, 'dalesman', 'sensitive', 'masculine'),
(2046, 'dandy', 'sensitive', 'masculine'),
(2047, 'danseur', 'sensitive', 'masculine'),
(2048, 'dauphin', 'sensitive', 'masculine'),
(2049, 'dayboy', 'sensitive', 'masculine'),
(2050, 'deacon', 'sensitive', 'masculine'),
(2051, 'deacon', 'sensitive', 'masculine'),
(2052, 'deadbeat_dad', 'sensitive', 'masculine'),
(2053, 'dean', 'sensitive', 'masculine'),
(2054, 'deliveryman', 'sensitive', 'masculine'),
(2055, 'dirty_old_man', 'sensitive', 'masculine'),
(2056, 'dog', 'sensitive', 'masculine'),
(2057, 'doge', 'sensitive', 'masculine'),
(2058, 'domestic_prelate', 'sensitive', 'masculine'),
(2059, 'don', 'sensitive', 'masculine'),
(2060, 'don_juan', 'sensitive', 'masculine'),
(2061, 'doorkeeper', 'sensitive', 'masculine'),
(2062, 'doughboy', 'sensitive', 'masculine'),
(2063, 'draftsman', 'sensitive', 'masculine'),
(2064, 'draftsman', 'sensitive', 'masculine'),
(2065, 'dragoman', 'sensitive', 'masculine'),
(2066, 'duke', 'sensitive', 'masculine'),
(2067, 'dutch_uncle', 'sensitive', 'masculine'),
(2068, 'eagle_scout', 'sensitive', 'masculine'),
(2069, 'earl', 'sensitive', 'masculine'),
(2070, 'earl_marshal', 'sensitive', 'masculine'),
(2071, 'ejaculator', 'sensitive', 'masculine'),
(2072, 'elder_statesman', 'sensitive', 'masculine'),
(2073, 'elder_statesman', 'sensitive', 'masculine'),
(2074, 'elector', 'sensitive', 'masculine'),
(2075, 'emir', 'sensitive', 'masculine'),
(2076, 'emperor', 'sensitive', 'masculine'),
(2077, 'end_man', 'sensitive', 'masculine'),
(2078, 'end_man', 'sensitive', 'masculine'),
(2079, 'englishman', 'sensitive', 'masculine'),
(2080, 'enlisted_man', 'sensitive', 'masculine'),
(2081, 'ent_man', 'sensitive', 'masculine'),
(2082, 'eparch', 'sensitive', 'masculine'),
(2083, 'esquire', 'sensitive', 'masculine'),
(2084, 'esquire', 'sensitive', 'masculine'),
(2085, 'ethnarch', 'sensitive', 'masculine'),
(2086, 'everyman', 'sensitive', 'masculine'),
(2087, 'ex-boyfriend', 'sensitive', 'masculine'),
(2088, 'ex-husband', 'sensitive', 'masculine'),
(2089, 'exarch', 'sensitive', 'masculine'),
(2090, 'exarch', 'sensitive', 'masculine'),
(2091, 'exarch', 'sensitive', 'masculine'),
(2092, 'excavator', 'sensitive', 'masculine'),
(2093, 'family_man', 'sensitive', 'masculine'),
(2094, 'fancy_man', 'sensitive', 'masculine'),
(2095, 'farm_boy', 'sensitive', 'masculine'),
(2096, 'fathead', 'sensitive', 'masculine'),
(2097, 'father', 'sensitive', 'masculine'),
(2098, 'father', 'sensitive', 'masculine'),
(2099, 'father', 'sensitive', 'masculine'),
(2100, 'father_figure', 'sensitive', 'masculine'),
(2101, 'father-figure', 'sensitive', 'masculine'),
(2102, 'father-in-law', 'sensitive', 'masculine'),
(2103, 'fauntleroy', 'sensitive', 'masculine'),
(2104, 'favorite_son', 'sensitive', 'masculine'),
(2105, 'fellow', 'sensitive', 'masculine'),
(2106, 'ferryman', 'sensitive', 'masculine'),
(2107, 'feudal_lord', 'sensitive', 'masculine'),
(2108, 'fireman', 'sensitive', 'masculine'),
(2109, 'first_baseman', 'sensitive', 'masculine'),
(2110, 'fisherman', 'sensitive', 'masculine'),
(2111, 'flamen', 'sensitive', 'masculine'),
(2112, 'footman', 'sensitive', 'masculine'),
(2113, 'forefather', 'sensitive', 'masculine'),
(2114, 'forefather', 'sensitive', 'masculine'),
(2115, 'foreman', 'sensitive', 'masculine'),
(2116, 'foreman', 'sensitive', 'masculine'),
(2117, 'foster-brother', 'sensitive', 'masculine'),
(2118, 'foster-father', 'sensitive', 'masculine'),
(2119, 'foster-son', 'sensitive', 'masculine'),
(2120, 'four-minute_man', 'sensitive', 'masculine'),
(2121, 'franklin', 'sensitive', 'masculine'),
(2122, 'freedman', 'sensitive', 'masculine'),
(2123, 'freeman', 'sensitive', 'masculine'),
(2124, 'frenchman', 'sensitive', 'masculine'),
(2125, 'friar', 'sensitive', 'masculine'),
(2126, 'front_man', 'sensitive', 'masculine'),
(2127, 'frontiersman', 'sensitive', 'masculine'),
(2128, 'fugleman', 'sensitive', 'masculine'),
(2129, 'g-man', 'sensitive', 'masculine'),
(2130, 'gagman', 'sensitive', 'masculine'),
(2131, 'gagman', 'sensitive', 'masculine'),
(2132, 'galoot', 'sensitive', 'masculine'),
(2133, 'ganger', 'sensitive', 'masculine'),
(2134, 'garbage_man', 'sensitive', 'masculine'),
(2135, 'gasman', 'sensitive', 'masculine'),
(2136, 'gaucho', 'sensitive', 'masculine'),
(2137, 'gay_man', 'sensitive', 'masculine'),
(2138, 'geezer', 'sensitive', 'masculine'),
(2139, 'gent', 'sensitive', 'masculine'),
(2140, 'gentleman', 'sensitive', 'masculine'),
(2141, 'gentlemen', 'sensitive', 'masculine'),
(2142, 'gillie', 'sensitive', 'masculine'),
(2143, 'gitano', 'sensitive', 'masculine'),
(2144, 'godfather', 'sensitive', 'masculine'),
(2145, 'godfather', 'sensitive', 'masculine'),
(2146, 'godson', 'sensitive', 'masculine'),
(2147, 'goliard', 'sensitive', 'masculine'),
(2148, 'good_old_boy', 'sensitive', 'masculine'),
(2149, 'grand_duke', 'sensitive', 'masculine'),
(2150, 'grandee', 'sensitive', 'masculine'),
(2151, 'grandfather', 'sensitive', 'masculine'),
(2152, 'grandson', 'sensitive', 'masculine'),
(2153, 'grass_widower', 'sensitive', 'masculine'),
(2154, 'great_grandfather', 'sensitive', 'masculine'),
(2155, 'great_grandson', 'sensitive', 'masculine'),
(2156, 'great-nephew', 'sensitive', 'masculine'),
(2157, 'great-uncle', 'sensitive', 'masculine'),
(2158, 'grocery_boy', 'sensitive', 'masculine'),
(2159, 'groom', 'sensitive', 'masculine'),
(2160, 'groom', 'sensitive', 'masculine'),
(2161, 'groomsman', 'sensitive', 'masculine'),
(2162, 'groundsman', 'sensitive', 'masculine'),
(2163, 'guardsman', 'sensitive', 'masculine'),
(2164, 'gunman', 'sensitive', 'masculine'),
(2165, 'gunman', 'sensitive', 'masculine'),
(2166, 'guy', 'sensitive', 'masculine'),
(2167, 'handyman', 'sensitive', 'masculine'),
(2168, 'hangman', 'sensitive', 'masculine'),
(2169, 'hatchet_man', 'sensitive', 'masculine'),
(2170, 'hatchet_man', 'sensitive', 'masculine'),
(2171, 'he', 'sensitive', 'masculine'),
(2172, 'head_linesman', 'sensitive', 'masculine'),
(2173, 'headman', 'sensitive', 'masculine'),
(2174, 'headsman', 'sensitive', 'masculine'),
(2175, 'heidelberg_man', 'sensitive', 'masculine'),
(2176, 'helmsman', 'sensitive', 'masculine'),
(2177, 'herr', 'sensitive', 'masculine'),
(2178, 'him', 'sensitive', 'masculine'),
(2179, 'himself', 'sensitive', 'masculine'),
(2180, 'his', 'sensitive', 'masculine'),
(2181, 'hobbledehoy', 'sensitive', 'masculine'),
(2182, 'holdup_man', 'sensitive', 'masculine'),
(2183, 'holy_roman_emperor', 'sensitive', 'masculine'),
(2184, 'homeboy', 'sensitive', 'masculine'),
(2185, 'homeboy', 'sensitive', 'masculine'),
(2186, 'hooray_henry', 'sensitive', 'masculine'),
(2187, 'horseman', 'sensitive', 'masculine'),
(2188, 'horseman', 'sensitive', 'masculine'),
(2189, 'housefather', 'sensitive', 'masculine'),
(2190, 'husband', 'sensitive', 'masculine'),
(2191, 'iceman', 'sensitive', 'masculine'),
(2192, 'imam', 'sensitive', 'masculine'),
(2193, 'inamorato', 'sensitive', 'masculine'),
(2194, 'indiana', 'sensitive', 'masculine'),
(2195, 'infantryman', 'sensitive', 'masculine'),
(2196, 'irishman', 'sensitive', 'masculine'),
(2197, 'iron_man', 'sensitive', 'masculine'),
(2198, 'ironside', 'sensitive', 'masculine'),
(2199, 'jacob', 'sensitive', 'masculine'),
(2200, 'jawan', 'sensitive', 'masculine'),
(2201, 'jimdandy', 'sensitive', 'masculine'),
(2202, 'john_doe', 'sensitive', 'masculine'),
(2203, 'john_doe', 'sensitive', 'masculine'),
(2204, 'jute', 'sensitive', 'masculine'),
(2205, 'kaiser', 'sensitive', 'masculine'),
(2206, 'kennan', 'sensitive', 'masculine'),
(2207, 'king', 'sensitive', 'masculine'),
(2208, 'king_of_england', 'sensitive', 'masculine'),
(2209, 'king_of_france', 'sensitive', 'masculine'),
(2210, 'king_of_the_germans', 'sensitive', 'masculine'),
(2211, 'kinsman', 'sensitive', 'masculine'),
(2212, 'klansman', 'sensitive', 'masculine'),
(2213, 'knight_of_the_round_table', 'sensitive', 'masculine'),
(2214, 'knight_templar', 'sensitive', 'masculine'),
(2215, 'knight-errant', 'sensitive', 'masculine'),
(2216, 'lackey', 'sensitive', 'masculine'),
(2217, 'lawman', 'sensitive', 'masculine'),
(2218, 'layman', 'sensitive', 'masculine'),
(2219, 'leading_man', 'sensitive', 'masculine'),
(2220, 'letterman', 'sensitive', 'masculine'),
(2221, 'libertine', 'sensitive', 'masculine'),
(2222, 'liege', 'sensitive', 'masculine'),
(2223, 'life_peer', 'sensitive', 'masculine'),
(2224, 'lighterman', 'sensitive', 'masculine'),
(2225, 'limey', 'sensitive', 'masculine'),
(2226, 'lineman', 'sensitive', 'masculine'),
(2227, 'lineman', 'sensitive', 'masculine'),
(2228, 'linesman', 'sensitive', 'masculine'),
(2229, 'linkboy', 'sensitive', 'masculine'),
(2230, 'little_brother', 'sensitive', 'masculine'),
(2231, 'liveryman', 'sensitive', 'masculine'),
(2232, 'lobsterman', 'sensitive', 'masculine'),
(2233, 'longbowman', 'sensitive', 'masculine'),
(2234, 'loon', 'sensitive', 'masculine'),
(2235, 'lord', 'sensitive', 'masculine'),
(2236, 'lord_chancellor', 'sensitive', 'masculine'),
(2237, 'lothario', 'sensitive', 'masculine'),
(2238, 'lounge_lizard', 'sensitive', 'masculine'),
(2239, 'lowerclassman', 'sensitive', 'masculine'),
(2240, 'lumberman', 'sensitive', 'masculine'),
(2241, 'macaroni', 'sensitive', 'masculine'),
(2242, 'macho', 'sensitive', 'masculine'),
(2243, 'mafioso', 'sensitive', 'masculine'),
(2244, 'maharaja', 'sensitive', 'masculine'),
(2245, 'mailman', 'sensitive', 'masculine'),
(2246, 'male', 'sensitive', 'masculine'),
(2248, 'male_aristocrat', 'sensitive', 'masculine'),
(2249, 'male_chauvinist', 'sensitive', 'masculine'),
(2250, 'male_child', 'sensitive', 'masculine'),
(2251, 'male_offspring', 'sensitive', 'masculine'),
(2252, 'male_sibling', 'sensitive', 'masculine'),
(2253, 'malik', 'sensitive', 'masculine'),
(2254, 'man', 'sensitive', 'masculine'),
(2259, 'man_jack', 'sensitive', 'masculine'),
(2260, 'man_of_letters', 'sensitive', 'masculine'),
(2261, 'man_of_means', 'sensitive', 'masculine'),
(2262, 'man-at-arms', 'sensitive', 'masculine'),
(2263, 'manservant', 'sensitive', 'masculine'),
(2264, 'margrave', 'sensitive', 'masculine'),
(2265, 'marksman', 'sensitive', 'masculine'),
(2266, 'marquess', 'sensitive', 'masculine'),
(2267, 'marquis', 'sensitive', 'masculine'),
(2268, 'masseur', 'sensitive', 'masculine'),
(2269, 'medicine_man', 'sensitive', 'masculine'),
(2270, 'men', 'sensitive', 'masculine'),
(2271, 'mesne_lord', 'sensitive', 'masculine'),
(2272, 'messenger_boy', 'sensitive', 'masculine'),
(2273, 'mestizo', 'sensitive', 'masculine'),
(2274, 'middle-aged_man', 'sensitive', 'masculine'),
(2275, 'midshipman', 'sensitive', 'masculine'),
(2276, 'mikado', 'sensitive', 'masculine'),
(2277, 'miles_gloriosus', 'sensitive', 'masculine'),
(2278, 'military_policeman', 'sensitive', 'masculine'),
(2279, 'militiaman', 'sensitive', 'masculine'),
(2280, 'milkman', 'sensitive', 'masculine'),
(2281, 'milord', 'sensitive', 'masculine'),
(2282, 'minuteman', 'sensitive', 'masculine'),
(2283, 'miracle_man', 'sensitive', 'masculine'),
(2284, 'misogynist', 'sensitive', 'masculine'),
(2285, 'mollycoddle', 'sensitive', 'masculine'),
(2286, 'monk', 'sensitive', 'masculine'),
(2287, 'monsieur', 'sensitive', 'masculine'),
(2288, 'monsignor', 'sensitive', 'masculine'),
(2289, 'mother\'s_boy', 'sensitive', 'masculine'),
(2290, 'mother\'s_son', 'sensitive', 'masculine'),
(2291, 'mover', 'sensitive', 'masculine'),
(2292, 'mr.', 'sensitive', 'masculine'),
(2293, 'muffin_man', 'sensitive', 'masculine'),
(2294, 'mullah', 'sensitive', 'masculine'),
(2295, 'muscleman', 'sensitive', 'masculine'),
(2296, 'nabob', 'sensitive', 'masculine'),
(2297, 'nephew', 'sensitive', 'masculine'),
(2298, 'night_watchman', 'sensitive', 'masculine'),
(2299, 'novillero', 'sensitive', 'masculine'),
(2300, 'nuncio', 'sensitive', 'masculine'),
(2301, 'oarsman', 'sensitive', 'masculine'),
(2302, 'office_boy', 'sensitive', 'masculine'),
(2303, 'oilman', 'sensitive', 'masculine'),
(2304, 'oilman', 'sensitive', 'masculine'),
(2305, 'oklahoman', 'sensitive', 'masculine'),
(2306, 'old_boy', 'sensitive', 'masculine'),
(2307, 'old_boy', 'sensitive', 'masculine'),
(2308, 'old_boy', 'sensitive', 'masculine'),
(2309, 'old_man', 'sensitive', 'masculine'),
(2310, 'old_man', 'sensitive', 'masculine'),
(2311, 'old_man', 'sensitive', 'masculine'),
(2312, 'one_of_the_boys', 'sensitive', 'masculine'),
(2313, 'orangeman', 'sensitive', 'masculine'),
(2314, 'ordinary', 'sensitive', 'masculine'),
(2315, 'organization_man', 'sensitive', 'masculine'),
(2316, 'ottoman', 'sensitive', 'masculine'),
(2317, 'outdoorsman', 'sensitive', 'masculine'),
(2318, 'pachuco', 'sensitive', 'masculine'),
(2319, 'page', 'sensitive', 'masculine'),
(2320, 'palatine', 'sensitive', 'masculine'),
(2321, 'paperboy', 'sensitive', 'masculine'),
(2322, 'party_man', 'sensitive', 'masculine'),
(2323, 'pater', 'sensitive', 'masculine'),
(2324, 'patriarch', 'sensitive', 'masculine'),
(2325, 'patriarch', 'sensitive', 'masculine'),
(2326, 'patriarch', 'sensitive', 'masculine'),
(2327, 'pederast', 'sensitive', 'masculine'),
(2328, 'peer', 'sensitive', 'masculine'),
(2329, 'peer_of_the_realm', 'sensitive', 'masculine'),
(2330, 'pendragon', 'sensitive', 'masculine'),
(2331, 'peter_pan', 'sensitive', 'masculine'),
(2332, 'pharaoh', 'sensitive', 'masculine'),
(2333, 'pilate', 'sensitive', 'masculine'),
(2334, 'piltdown_man', 'sensitive', 'masculine'),
(2335, 'pitchman', 'sensitive', 'masculine'),
(2336, 'placeman', 'sensitive', 'masculine'),
(2337, 'plainclothesman', 'sensitive', 'masculine'),
(2338, 'plainsman', 'sensitive', 'masculine'),
(2339, 'plowboy', 'sensitive', 'masculine'),
(2340, 'plowman', 'sensitive', 'masculine'),
(2341, 'point_man', 'sensitive', 'masculine'),
(2342, 'point_man', 'sensitive', 'masculine'),
(2343, 'pointsman', 'sensitive', 'masculine'),
(2344, 'policeman', 'sensitive', 'masculine'),
(2345, 'polycarp', 'sensitive', 'masculine'),
(2346, 'polygynist', 'sensitive', 'masculine'),
(2347, 'ponce', 'sensitive', 'masculine'),
(2348, 'ponce_de_leon', 'sensitive', 'masculine'),
(2349, 'pope', 'sensitive', 'masculine'),
(2350, 'popper', 'sensitive', 'masculine'),
(2351, 'posseman', 'sensitive', 'masculine'),
(2352, 'poster_boy', 'sensitive', 'masculine'),
(2353, 'potboy', 'sensitive', 'masculine'),
(2354, 'poultryman', 'sensitive', 'masculine'),
(2355, 'praetor', 'sensitive', 'masculine'),
(2356, 'priest', 'sensitive', 'masculine'),
(2357, 'prince_of_wales', 'sensitive', 'masculine'),
(2358, 'princeling', 'sensitive', 'masculine'),
(2359, 'princeling', 'sensitive', 'masculine'),
(2360, 'proconsul', 'sensitive', 'masculine'),
(2361, 'property_man', 'sensitive', 'masculine'),
(2362, 'quarryman', 'sensitive', 'masculine'),
(2363, 'raftsman', 'sensitive', 'masculine'),
(2364, 'raja', 'sensitive', 'masculine'),
(2365, 'rake', 'sensitive', 'masculine'),
(2366, 'remittance_man', 'sensitive', 'masculine'),
(2367, 'renaissance_man', 'sensitive', 'masculine'),
(2368, 'renaissance_man', 'sensitive', 'masculine'),
(2369, 'repairman', 'sensitive', 'masculine'),
(2370, 'rifleman', 'sensitive', 'masculine'),
(2371, 'rifleman', 'sensitive', 'masculine'),
(2372, 'right-hand_man', 'sensitive', 'masculine'),
(2373, 'roadman', 'sensitive', 'masculine'),
(2374, 'roman', 'sensitive', 'masculine'),
(2375, 'roman', 'sensitive', 'masculine'),
(2376, 'roman_emperor', 'sensitive', 'masculine'),
(2377, 'romeo', 'sensitive', 'masculine'),
(2378, 'roundsman', 'sensitive', 'masculine'),
(2379, 'sadhu', 'sensitive', 'masculine'),
(2380, 'salesman', 'sensitive', 'masculine'),
(2381, 'samurai', 'sensitive', 'masculine'),
(2382, 'sandboy', 'sensitive', 'masculine'),
(2383, 'sandwichman', 'sensitive', 'masculine'),
(2384, 'sannup', 'sensitive', 'masculine'),
(2385, 'satyr', 'sensitive', 'masculine'),
(2386, 'schoolboy', 'sensitive', 'masculine'),
(2387, 'schoolman', 'sensitive', 'masculine'),
(2388, 'sea_scout', 'sensitive', 'masculine'),
(2389, 'second_baseman', 'sensitive', 'masculine'),
(2390, 'section_man', 'sensitive', 'masculine'),
(2391, 'seducer', 'sensitive', 'masculine'),
(2392, 'seedsman', 'sensitive', 'masculine'),
(2393, 'selectman', 'sensitive', 'masculine'),
(2394, 'senhor', 'sensitive', 'masculine'),
(2395, 'serviceman', 'sensitive', 'masculine'),
(2396, 'shah', 'sensitive', 'masculine'),
(2397, 'shaheed', 'sensitive', 'masculine'),
(2398, 'shaver', 'sensitive', 'masculine'),
(2399, 'sheepman', 'sensitive', 'masculine'),
(2400, 'sheik', 'sensitive', 'masculine'),
(2401, 'shop_boy', 'sensitive', 'masculine'),
(2402, 'showman', 'sensitive', 'masculine'),
(2403, 'showman', 'sensitive', 'masculine'),
(2404, 'sidesman', 'sensitive', 'masculine'),
(2405, 'signalman', 'sensitive', 'masculine'),
(2406, 'signor', 'sensitive', 'masculine'),
(2407, 'signore', 'sensitive', 'masculine'),
(2408, 'simeon', 'sensitive', 'masculine'),
(2409, 'sir', 'sensitive', 'masculine'),
(2410, 'sir', 'sensitive', 'masculine'),
(2411, 'sire', 'sensitive', 'masculine'),
(2412, 'abbess', 'sensitive', 'feminine'),
(2413, 'actress', 'sensitive', 'feminine'),
(2414, 'adulteress', 'sensitive', 'feminine'),
(2415, 'adventuress', 'sensitive', 'feminine'),
(2416, 'amazon', 'sensitive', 'feminine'),
(2417, 'ambassadress', 'sensitive', 'feminine'),
(2418, 'ancestress', 'sensitive', 'feminine'),
(2419, 'archduchess', 'sensitive', 'feminine'),
(2420, 'assemblywoman', 'sensitive', 'feminine'),
(2421, 'au_pair_girl', 'sensitive', 'feminine'),
(2422, 'aunt', 'sensitive', 'feminine'),
(2423, 'authoress', 'sensitive', 'feminine'),
(2424, 'aviatrix', 'sensitive', 'feminine'),
(2425, 'ayah', 'sensitive', 'feminine'),
(2426, 'b-girl', 'sensitive', 'feminine'),
(2427, 'bacchante', 'sensitive', 'feminine'),
(2428, 'bachelor_girl', 'sensitive', 'feminine'),
(2429, 'bag', 'sensitive', 'feminine'),
(2430, 'bag_lady', 'sensitive', 'feminine'),
(2431, 'baggage', 'sensitive', 'feminine'),
(2432, 'ball-buster', 'sensitive', 'feminine'),
(2433, 'ballerina', 'sensitive', 'feminine'),
(2434, 'ballet_mistress', 'sensitive', 'feminine'),
(2435, 'barmaid', 'sensitive', 'feminine'),
(2436, 'baroness', 'sensitive', 'feminine'),
(2437, 'beard', 'sensitive', 'feminine'),
(2438, 'beggarwoman', 'sensitive', 'feminine'),
(2439, 'beguine', 'sensitive', 'feminine'),
(2440, 'begum', 'sensitive', 'feminine'),
(2441, 'beldam', 'sensitive', 'feminine'),
(2442, 'belle', 'sensitive', 'feminine'),
(2443, 'belly_dancer', 'sensitive', 'feminine'),
(2444, 'benefactress', 'sensitive', 'feminine'),
(2445, 'big_sister', 'sensitive', 'feminine'),
(2446, 'black_woman', 'sensitive', 'feminine'),
(2447, 'bluestocking', 'sensitive', 'feminine'),
(2448, 'bobbysoxer', 'sensitive', 'feminine'),
(2449, 'bondwoman', 'sensitive', 'feminine'),
(2450, 'bondwoman', 'sensitive', 'feminine'),
(2451, 'bride', 'sensitive', 'feminine'),
(2452, 'bride', 'sensitive', 'feminine'),
(2453, 'bridesmaid', 'sensitive', 'feminine'),
(2454, 'broad', 'sensitive', 'feminine'),
(2455, 'brownie', 'sensitive', 'feminine'),
(2456, 'businesswoman', 'sensitive', 'feminine'),
(2457, 'butch', 'sensitive', 'feminine'),
(2458, 'call_girl', 'sensitive', 'feminine'),
(2459, 'campfire_girl', 'sensitive', 'feminine'),
(2460, 'canary', 'sensitive', 'feminine'),
(2461, 'career_girl', 'sensitive', 'feminine'),
(2462, 'cat', 'sensitive', 'feminine'),
(2463, 'chachka', 'sensitive', 'feminine'),
(2464, 'chambermaid', 'sensitive', 'feminine'),
(2465, 'charwoman', 'sensitive', 'feminine'),
(2466, 'chairwoman', 'sensitive', 'feminine'),
(2467, 'chatelaine', 'sensitive', 'feminine'),
(2468, 'check_girl', 'sensitive', 'feminine'),
(2469, 'chorus_girl', 'sensitive', 'feminine'),
(2470, 'cinderella', 'sensitive', 'feminine'),
(2471, 'circe', 'sensitive', 'feminine'),
(2472, 'co-ed', 'sensitive', 'feminine'),
(2473, 'coiffeuse', 'sensitive', 'feminine'),
(2474, 'colleen', 'sensitive', 'feminine'),
(2475, 'coloratura', 'sensitive', 'feminine'),
(2476, 'comedienne', 'sensitive', 'feminine'),
(2477, 'comedienne', 'sensitive', 'feminine'),
(2478, 'comfort_woman', 'sensitive', 'feminine'),
(2479, 'committeewoman', 'sensitive', 'feminine'),
(2480, 'concubine', 'sensitive', 'feminine'),
(2481, 'conductress', 'sensitive', 'feminine'),
(2482, 'confidante', 'sensitive', 'feminine'),
(2483, 'contralto', 'sensitive', 'feminine'),
(2484, 'coquette', 'sensitive', 'feminine'),
(2485, 'cornishwoman', 'sensitive', 'feminine'),
(2486, 'councilwoman', 'sensitive', 'feminine'),
(2487, 'countess', 'sensitive', 'feminine'),
(2488, 'countrywoman', 'sensitive', 'feminine'),
(2489, 'countrywoman', 'sensitive', 'feminine'),
(2490, 'cover_girl', 'sensitive', 'feminine'),
(2491, 'cow', 'sensitive', 'feminine'),
(2492, 'cowgirl', 'sensitive', 'feminine'),
(2493, 'crown_princess', 'sensitive', 'feminine'),
(2494, 'crown_princess', 'sensitive', 'feminine'),
(2495, 'curandera', 'sensitive', 'feminine'),
(2496, 'czarina', 'sensitive', 'feminine'),
(2497, 'dairymaid', 'sensitive', 'feminine'),
(2498, 'dame', 'sensitive', 'feminine'),
(2499, 'dame', 'sensitive', 'feminine'),
(2500, 'damsel', 'sensitive', 'feminine'),
(2501, 'daughter', 'sensitive', 'feminine'),
(2502, 'daughter-in-law', 'sensitive', 'feminine'),
(2503, 'daygirl', 'sensitive', 'feminine'),
(2504, 'deaconess', 'sensitive', 'feminine'),
(2505, 'debutante', 'sensitive', 'feminine'),
(2506, 'demimondaine', 'sensitive', 'feminine'),
(2507, 'den_mother', 'sensitive', 'feminine'),
(2508, 'den_mother', 'sensitive', 'feminine'),
(2509, 'divorcee', 'sensitive', 'feminine'),
(2510, 'donna', 'sensitive', 'feminine'),
(2511, 'doyenne', 'sensitive', 'feminine'),
(2512, 'dragon', 'sensitive', 'feminine'),
(2513, 'drum_majorette', 'sensitive', 'feminine'),
(2514, 'drum_majorette', 'sensitive', 'feminine'),
(2515, 'duchess', 'sensitive', 'feminine'),
(2516, 'duenna', 'sensitive', 'feminine'),
(2517, 'embroideress', 'sensitive', 'feminine'),
(2518, 'empress', 'sensitive', 'feminine'),
(2519, 'enchantress', 'sensitive', 'feminine'),
(2520, 'enchantress', 'sensitive', 'feminine'),
(2521, 'englishwoman', 'sensitive', 'feminine'),
(2522, 'enlisted_woman', 'sensitive', 'feminine'),
(2523, 'ex-wife', 'sensitive', 'feminine'),
(2524, 'executrix', 'sensitive', 'feminine'),
(2525, 'eyeful', 'sensitive', 'feminine'),
(2526, 'fairy_godmother', 'sensitive', 'feminine'),
(2527, 'farm_girl', 'sensitive', 'feminine'),
(2528, 'farmerette', 'sensitive', 'feminine'),
(2529, 'female', 'sensitive', 'feminine'),
(2530, 'female', 'sensitive', 'feminine'),
(2531, 'female_aristocrat', 'sensitive', 'feminine'),
(2532, 'female_child', 'sensitive', 'feminine'),
(2533, 'female_offspring', 'sensitive', 'feminine'),
(2534, 'female_sibling', 'sensitive', 'feminine'),
(2535, 'fiancee', 'sensitive', 'feminine'),
(2536, 'first_lady', 'sensitive', 'feminine'),
(2537, 'first_lady', 'sensitive', 'feminine'),
(2538, 'flapper', 'sensitive', 'feminine'),
(2539, 'flibbertigibbet', 'sensitive', 'feminine'),
(2540, 'flower_girl', 'sensitive', 'feminine'),
(2541, 'flower_girl', 'sensitive', 'feminine'),
(2542, 'foremother', 'sensitive', 'feminine'),
(2543, 'forewoman', 'sensitive', 'feminine'),
(2544, 'forewoman', 'sensitive', 'feminine'),
(2545, 'foster-daughter', 'sensitive', 'feminine'),
(2546, 'foster-mother', 'sensitive', 'feminine'),
(2547, 'foster-nurse', 'sensitive', 'feminine'),
(2548, 'foster-sister', 'sensitive', 'feminine'),
(2549, 'foundress', 'sensitive', 'feminine'),
(2550, 'frontierswoman', 'sensitive', 'feminine'),
(2551, 'frump', 'sensitive', 'feminine'),
(2552, 'gal', 'sensitive', 'feminine'),
(2553, 'gamine', 'sensitive', 'feminine'),
(2554, 'gamine', 'sensitive', 'feminine'),
(2555, 'geisha', 'sensitive', 'feminine'),
(2556, 'gibson_girl', 'sensitive', 'feminine'),
(2557, 'girl', 'sensitive', 'feminine'),
(2558, 'girl', 'sensitive', 'feminine'),
(2559, 'girl_friday', 'sensitive', 'feminine'),
(2560, 'girl_scout', 'sensitive', 'feminine'),
(2561, 'girl_wonder', 'sensitive', 'feminine'),
(2562, 'girlfriend', 'sensitive', 'feminine'),
(2563, 'girlfriend', 'sensitive', 'feminine'),
(2564, 'gitana', 'sensitive', 'feminine'),
(2565, 'goddaughter', 'sensitive', 'feminine'),
(2566, 'godmother', 'sensitive', 'feminine'),
(2567, 'gold_digger', 'sensitive', 'feminine'),
(2568, 'golf_widow', 'sensitive', 'feminine'),
(2569, 'governess', 'sensitive', 'feminine'),
(2570, 'grand_duchess', 'sensitive', 'feminine'),
(2571, 'granddaughter', 'sensitive', 'feminine'),
(2572, 'grande_dame', 'sensitive', 'feminine'),
(2573, 'granny', 'sensitive', 'feminine'),
(2574, 'gravida', 'sensitive', 'feminine'),
(2575, 'great_granddaughter', 'sensitive', 'feminine'),
(2576, 'great_grandmother', 'sensitive', 'feminine'),
(2577, 'great-aunt', 'sensitive', 'feminine'),
(2578, 'great-niece', 'sensitive', 'feminine'),
(2579, 'groupie', 'sensitive', 'feminine'),
(2580, 'hag', 'sensitive', 'feminine'),
(2581, 'half_sister', 'sensitive', 'feminine'),
(2582, 'handmaid', 'sensitive', 'feminine'),
(2583, 'harridan', 'sensitive', 'feminine'),
(2584, 'headmistress', 'sensitive', 'feminine'),
(2585, 'heiress', 'sensitive', 'feminine'),
(2586, 'her', 'sensitive', 'feminine'),
(2587, 'her', 'sensitive', 'feminine'),
(2588, 'heroine', 'sensitive', 'feminine'),
(2589, 'hers', 'sensitive', 'feminine'),
(2590, 'herself', 'sensitive', 'feminine'),
(2591, 'homegirl', 'sensitive', 'feminine'),
(2592, 'honest_woman', 'sensitive', 'feminine'),
(2593, 'horsewoman', 'sensitive', 'feminine'),
(2594, 'hostess', 'sensitive', 'feminine'),
(2595, 'hostess', 'sensitive', 'feminine'),
(2596, 'housemother', 'sensitive', 'feminine'),
(2597, 'housewife', 'sensitive', 'feminine'),
(2598, 'huntress', 'sensitive', 'feminine'),
(2599, 'idolatress', 'sensitive', 'feminine'),
(2600, 'inamorata', 'sensitive', 'feminine'),
(2601, 'ingenue', 'sensitive', 'feminine'),
(2602, 'ingenue', 'sensitive', 'feminine'),
(2603, 'instructress', 'sensitive', 'feminine'),
(2604, 'irishwoman', 'sensitive', 'feminine'),
(2605, 'jane_doe', 'sensitive', 'feminine'),
(2606, 'jewess', 'sensitive', 'feminine'),
(2607, 'jezebel', 'sensitive', 'feminine'),
(2608, 'jilt', 'sensitive', 'feminine'),
(2609, 'kinswoman', 'sensitive', 'feminine'),
(2610, 'ladies', 'sensitive', 'feminine'),
(2611, 'lady', 'sensitive', 'feminine'),
(2612, 'lady', 'sensitive', 'feminine'),
(2613, 'lady\'s_maid', 'sensitive', 'feminine'),
(2614, 'ladylove', 'sensitive', 'feminine'),
(2615, 'landlady', 'sensitive', 'feminine'),
(2616, 'lass', 'sensitive', 'feminine'),
(2617, 'leading_lady', 'sensitive', 'feminine'),
(2618, 'light-o\'-love', 'sensitive', 'feminine'),
(2619, 'little_sister', 'sensitive', 'feminine'),
(2620, 'lollipop_lady', 'sensitive', 'feminine'),
(2621, 'ma', 'sensitive', 'feminine'),
(2622, 'ma\'am', 'sensitive', 'feminine'),
(2623, 'madam', 'sensitive', 'feminine'),
(2624, 'madam', 'sensitive', 'feminine'),
(2625, 'madame', 'sensitive', 'feminine'),
(2626, 'madwoman', 'sensitive', 'feminine'),
(2627, 'maenad', 'sensitive', 'feminine'),
(2628, 'maenad', 'sensitive', 'feminine'),
(2629, 'maharani', 'sensitive', 'feminine'),
(2630, 'maid', 'sensitive', 'feminine'),
(2631, 'maid', 'sensitive', 'feminine'),
(2632, 'maiden_aunt', 'sensitive', 'feminine'),
(2633, 'mamma', 'sensitive', 'feminine'),
(2634, 'mammy', 'sensitive', 'feminine'),
(2635, 'manageress', 'sensitive', 'feminine'),
(2636, 'mannequin', 'sensitive', 'feminine'),
(2637, 'marchioness', 'sensitive', 'feminine'),
(2638, 'marchioness', 'sensitive', 'feminine'),
(2639, 'matriarch', 'sensitive', 'feminine'),
(2640, 'matriarch', 'sensitive', 'feminine'),
(2641, 'matron', 'sensitive', 'feminine'),
(2642, 'matron', 'sensitive', 'feminine'),
(2643, 'matron', 'sensitive', 'feminine'),
(2644, 'matron_of_honor', 'sensitive', 'feminine'),
(2645, 'may_queen', 'sensitive', 'feminine'),
(2646, 'mayoress', 'sensitive', 'feminine'),
(2647, 'mayoress', 'sensitive', 'feminine'),
(2648, 'mediatrix', 'sensitive', 'feminine'),
(2649, 'memsahib', 'sensitive', 'feminine'),
(2650, 'mestiza', 'sensitive', 'feminine'),
(2651, 'meter_maid', 'sensitive', 'feminine'),
(2652, 'midwife', 'sensitive', 'feminine'),
(2653, 'milady', 'sensitive', 'feminine'),
(2654, 'mill-girl', 'sensitive', 'feminine'),
(2655, 'millionairess', 'sensitive', 'feminine'),
(2656, 'miss', 'sensitive', 'feminine'),
(2657, 'missus', 'sensitive', 'feminine'),
(2658, 'mistress', 'sensitive', 'feminine'),
(2659, 'mistress', 'sensitive', 'feminine'),
(2660, 'mother', 'sensitive', 'feminine'),
(2661, 'mother', 'sensitive', 'feminine'),
(2662, 'mother', 'sensitive', 'feminine'),
(2663, 'mother_figure', 'sensitive', 'feminine'),
(2664, 'mother_hen', 'sensitive', 'feminine'),
(2665, 'mother-in-law', 'sensitive', 'feminine'),
(2666, 'mother\'s_daughter', 'sensitive', 'feminine'),
(2667, 'mrs.', 'sensitive', 'feminine'),
(2668, 'ms.', 'sensitive', 'feminine'),
(2669, 'murderess', 'sensitive', 'feminine'),
(2670, 'muslimah', 'sensitive', 'feminine'),
(2671, 'nan', 'sensitive', 'feminine'),
(2672, 'nanny', 'sensitive', 'feminine'),
(2673, 'nautch_girl', 'sensitive', 'feminine'),
(2674, 'negotiatress', 'sensitive', 'feminine'),
(2675, 'negress', 'sensitive', 'feminine'),
(2676, 'newswoman', 'sensitive', 'feminine'),
(2677, 'niece', 'sensitive', 'feminine'),
(2678, 'niqaabi', 'sensitive', 'feminine'),
(2679, 'nullipara', 'sensitive', 'feminine'),
(2680, 'nun', 'sensitive', 'feminine'),
(2681, 'nymph', 'sensitive', 'feminine'),
(2682, 'nymphet', 'sensitive', 'feminine'),
(2683, 'nymphomaniac', 'sensitive', 'feminine'),
(2684, 'oarswoman', 'sensitive', 'feminine'),
(2685, 'odalisque', 'sensitive', 'feminine'),
(2686, 'old_lady', 'sensitive', 'feminine'),
(2687, 'old_woman', 'sensitive', 'feminine'),
(2688, 'outdoorswoman', 'sensitive', 'feminine'),
(2689, 'parisienne', 'sensitive', 'feminine'),
(2690, 'parlormaid', 'sensitive', 'feminine'),
(2691, 'party_girl', 'sensitive', 'feminine'),
(2692, 'patroness', 'sensitive', 'feminine'),
(2693, 'peri', 'sensitive', 'feminine'),
(2694, 'poetess', 'sensitive', 'feminine'),
(2695, 'point_woman', 'sensitive', 'feminine'),
(2696, 'police_matron', 'sensitive', 'feminine'),
(2697, 'polyandrist', 'sensitive', 'feminine'),
(2698, 'poseuse', 'sensitive', 'feminine'),
(2699, 'poster_girl', 'sensitive', 'feminine'),
(2700, 'postmistress', 'sensitive', 'feminine'),
(2701, 'priestess', 'sensitive', 'feminine'),
(2702, 'prima_ballerina', 'sensitive', 'feminine'),
(2703, 'prima_donna', 'sensitive', 'feminine'),
(2704, 'primigravida', 'sensitive', 'feminine'),
(2705, 'primipara', 'sensitive', 'feminine'),
(2706, 'prince_consort', 'sensitive', 'feminine'),
(2707, 'princess', 'sensitive', 'feminine'),
(2708, 'princess_royal', 'sensitive', 'feminine'),
(2709, 'procuress', 'sensitive', 'feminine'),
(2710, 'prophetess', 'sensitive', 'feminine'),
(2711, 'proprietress', 'sensitive', 'feminine'),
(2712, 'protegee', 'sensitive', 'feminine'),
(2713, 'puerpera', 'sensitive', 'feminine'),
(2714, 'quadripara', 'sensitive', 'feminine'),
(2715, 'queen', 'sensitive', 'feminine'),
(2716, 'queen', 'sensitive', 'feminine'),
(2717, 'queen', 'sensitive', 'feminine'),
(2718, 'queen_consort', 'sensitive', 'feminine'),
(2719, 'queen_dowager', 'sensitive', 'feminine'),
(2720, 'queen_mother', 'sensitive', 'feminine'),
(2721, 'queen_of_england', 'sensitive', 'feminine'),
(2722, 'queen_regent', 'sensitive', 'feminine'),
(2723, 'quintipara', 'sensitive', 'feminine'),
(2724, 'rani', 'sensitive', 'feminine'),
(2725, 'rhea_silvia', 'sensitive', 'feminine'),
(2726, 'ring_girl', 'sensitive', 'feminine'),
(2727, 'rosebud', 'sensitive', 'feminine'),
(2728, 'salesgirl', 'sensitive', 'feminine'),
(2729, 'schoolgirl', 'sensitive', 'feminine'),
(2730, 'schoolmarm', 'sensitive', 'feminine'),
(2731, 'scold', 'sensitive', 'feminine'),
(2732, 'scotswoman', 'sensitive', 'feminine'),
(2733, 'sculptress', 'sensitive', 'feminine'),
(2734, 'secundigravida', 'sensitive', 'feminine'),
(2735, 'seductress', 'sensitive', 'feminine'),
(2736, 'selectwoman', 'sensitive', 'feminine'),
(2737, 'servant_girl', 'sensitive', 'feminine'),
(2738, 'sex_kitten', 'sensitive', 'feminine'),
(2739, 'she', 'sensitive', 'feminine'),
(2740, 'she-devil', 'sensitive', 'feminine'),
(2741, 'sheika', 'sensitive', 'feminine'),
(2742, 'shepherdess', 'sensitive', 'feminine'),
(2743, 'shiksa', 'sensitive', 'feminine'),
(2744, 'shop_girl', 'sensitive', 'feminine'),
(2745, 'shrew', 'sensitive', 'feminine'),
(2746, 'sibyl', 'sensitive', 'feminine'),
(2747, 'sibyl', 'sensitive', 'feminine'),
(2748, 'signora', 'sensitive', 'feminine'),
(2749, 'signorina', 'sensitive', 'feminine'),
(2750, 'sister', 'sensitive', 'feminine'),
(2751, 'sister', 'sensitive', 'feminine'),
(2752, 'sister', 'sensitive', 'feminine'),
(2753, 'sister-in-law', 'sensitive', 'feminine'),
(2754, 'skivvy', 'sensitive', 'feminine'),
(2755, 'slattern', 'sensitive', 'feminine'),
(2756, 'smasher', 'sensitive', 'feminine'),
(2757, 'songstress', 'sensitive', 'feminine'),
(2758, 'soprano', 'sensitive', 'feminine'),
(2759, 'sorceress', 'sensitive', 'feminine'),
(2760, 'soubrette', 'sensitive', 'feminine'),
(2761, 'spinster', 'sensitive', 'feminine'),
(2762, 'spitfire', 'sensitive', 'feminine'),
(2763, 'spokeswoman', 'sensitive', 'feminine'),
(2764, 'squaw', 'sensitive', 'feminine'),
(2765, 'squire', 'sensitive', 'feminine'),
(2766, 'starlet', 'sensitive', 'feminine'),
(2767, 'stateswoman', 'sensitive', 'feminine'),
(2768, 'stepdaughter', 'sensitive', 'feminine'),
(2769, 'stepmother', 'sensitive', 'feminine'),
(2770, 'stewardess', 'sensitive', 'feminine'),
(2771, 'suffragette', 'sensitive', 'feminine'),
(2772, 'supermom', 'sensitive', 'feminine'),
(2773, 'surrogate_mother', 'sensitive', 'feminine'),
(2774, 'sweater_girl', 'sensitive', 'feminine'),
(2775, 'sylph', 'sensitive', 'feminine'),
(2776, 'taskmistress', 'sensitive', 'feminine'),
(2777, 'taxi_dancer', 'sensitive', 'feminine'),
(2778, 'tertigravida', 'sensitive', 'feminine'),
(2779, 'test-tube_baby', 'sensitive', 'feminine'),
(2780, 'testatrix', 'sensitive', 'feminine'),
(2781, 'thrush', 'sensitive', 'feminine'),
(2782, 'toast_mistress', 'sensitive', 'feminine'),
(2783, 'tomboy', 'sensitive', 'feminine'),
(2784, 'torch_singer', 'sensitive', 'feminine'),
(2785, 'traitress', 'sensitive', 'feminine'),
(2786, 'trophy_wife', 'sensitive', 'feminine'),
(2787, 'undoer', 'sensitive', 'feminine'),
(2788, 'unmarried_woman', 'sensitive', 'feminine'),
(2789, 'unpleasant_woman', 'sensitive', 'feminine'),
(2790, 'usherette', 'sensitive', 'feminine'),
(2791, 'uxor', 'sensitive', 'feminine'),
(2792, 'valley_girl', 'sensitive', 'feminine'),
(2793, 'vestal', 'sensitive', 'feminine'),
(2794, 'vestal_virgin', 'sensitive', 'feminine'),
(2795, 'vestrywoman', 'sensitive', 'feminine'),
(2796, 'villainess', 'sensitive', 'feminine'),
(2797, 'virago', 'sensitive', 'feminine'),
(2798, 'viscountess', 'sensitive', 'feminine'),
(2799, 'viscountess', 'sensitive', 'feminine'),
(2800, 'wac', 'sensitive', 'feminine'),
(2801, 'waitress', 'sensitive', 'feminine'),
(2802, 'wanton', 'sensitive', 'feminine'),
(2803, 'war_bride', 'sensitive', 'feminine'),
(2804, 'war_widow', 'sensitive', 'feminine'),
(2805, 'wardress', 'sensitive', 'feminine'),
(2806, 'washwoman', 'sensitive', 'feminine'),
(2807, 'wet_nurse', 'sensitive', 'feminine'),
(2808, 'white_slave', 'sensitive', 'feminine'),
(2809, 'white_woman', 'sensitive', 'feminine'),
(2810, 'widow', 'sensitive', 'feminine'),
(2811, 'wife', 'sensitive', 'feminine'),
(2812, 'woman', 'sensitive', 'feminine'),
(2813, 'woman', 'sensitive', 'feminine'),
(2814, 'women', 'sensitive', 'feminine'),
(2815, 'wonder_woman', 'sensitive', 'feminine'),
(2817, 'yellow_woman', 'sensitive', 'feminine'),
(2818, 'yenta', 'sensitive', 'feminine'),
(2819, 'abandoned_person', 'not_sensitive', NULL),
(2820, 'abator', 'not_sensitive', NULL),
(2821, 'abbe', 'not_sensitive', NULL),
(2822, 'abdicator', 'not_sensitive', NULL),
(2823, 'abecedarian', 'not_sensitive', NULL),
(2824, 'aberrant', 'not_sensitive', NULL),
(2825, 'abettor', 'not_sensitive', NULL),
(2826, 'abhorrer', 'not_sensitive', NULL),
(2827, 'abiogenist', 'not_sensitive', NULL),
(2828, 'abjurer', 'not_sensitive', NULL),
(2829, 'abkhaz', 'not_sensitive', NULL),
(2830, 'abnaki', 'not_sensitive', NULL),
(2831, 'abnegator', 'not_sensitive', NULL),
(2832, 'abolitionist', 'not_sensitive', NULL),
(2833, 'abomination', 'not_sensitive', NULL),
(2834, 'abominator', 'not_sensitive', NULL),
(2835, 'aborigine', 'not_sensitive', NULL),
(2836, 'abortionist', 'not_sensitive', NULL),
(2837, 'abridger', 'not_sensitive', NULL),
(2838, 'abrogator', 'not_sensitive', NULL),
(2839, 'absconder', 'not_sensitive', NULL),
(2840, 'abseiler', 'not_sensitive', NULL),
(2841, 'absentee', 'not_sensitive', NULL),
(2842, 'absolutist', 'not_sensitive', NULL),
(2843, 'absolver', 'not_sensitive', NULL),
(2844, 'abstainer', 'not_sensitive', NULL),
(2845, 'abstainer', 'not_sensitive', NULL),
(2846, 'abstractionist', 'not_sensitive', NULL),
(2847, 'abstractor', 'not_sensitive', NULL),
(2848, 'abuser', 'not_sensitive', NULL),
(2849, 'abutter', 'not_sensitive', NULL),
(2850, 'academic_administrator', 'not_sensitive', NULL),
(2851, 'academician', 'not_sensitive', NULL),
(2852, 'academician', 'not_sensitive', NULL),
(2853, 'academician', 'not_sensitive', NULL),
(2854, 'acadian', 'not_sensitive', NULL),
(2855, 'acceptor', 'not_sensitive', NULL),
(2856, 'accessory', 'not_sensitive', NULL),
(2857, 'accessory_after_the_fact', 'not_sensitive', NULL),
(2858, 'accessory_before_the_fact', 'not_sensitive', NULL),
(2859, 'accessory_during_the_fact', 'not_sensitive', NULL),
(2860, 'accommodation_endorser', 'not_sensitive', NULL),
(2861, 'accompanist', 'not_sensitive', NULL),
(2862, 'accomplice', 'not_sensitive', NULL),
(2863, 'accordionist', 'not_sensitive', NULL),
(2864, 'account_executive', 'not_sensitive', NULL),
(2865, 'accountant', 'not_sensitive', NULL),
(2866, 'accused', 'not_sensitive', NULL),
(2867, 'accuser', 'not_sensitive', NULL),
(2868, 'ace', 'not_sensitive', NULL),
(2869, 'achaean', 'not_sensitive', NULL),
(2870, 'achiever', 'not_sensitive', NULL),
(2871, 'achomawi', 'not_sensitive', NULL),
(2872, 'acid_head', 'not_sensitive', NULL),
(2873, 'acolyte', 'not_sensitive', NULL),
(2874, 'acoustician', 'not_sensitive', NULL),
(2875, 'acquaintance', 'not_sensitive', NULL),
(2876, 'acquirer', 'not_sensitive', NULL),
(2877, 'acrobat', 'not_sensitive', NULL),
(2878, 'action_officer', 'not_sensitive', NULL),
(2879, 'active', 'not_sensitive', NULL),
(2880, 'active_citizen', 'not_sensitive', NULL),
(2881, 'actor', 'not_sensitive', NULL),
(2882, 'actor', 'not_sensitive', NULL),
(2883, 'actor\'s_agent', 'not_sensitive', NULL),
(2884, 'adder', 'not_sensitive', NULL),
(2885, 'addict', 'not_sensitive', NULL),
(2886, 'addict', 'not_sensitive', NULL),
(2887, 'addle-head', 'not_sensitive', NULL),
(2888, 'addressee', 'not_sensitive', NULL),
(2889, 'adducer', 'not_sensitive', NULL),
(2890, 'adjudicator', 'not_sensitive', NULL),
(2891, 'adjunct', 'not_sensitive', NULL),
(2892, 'adjuster', 'not_sensitive', NULL),
(2893, 'adjutant', 'not_sensitive', NULL),
(2894, 'adjutant_general', 'not_sensitive', NULL),
(2895, 'administrator', 'not_sensitive', NULL),
(2896, 'administrator', 'not_sensitive', NULL),
(2897, 'administrator', 'not_sensitive', NULL),
(2898, 'admiral', 'not_sensitive', NULL),
(2899, 'admirer', 'not_sensitive', NULL),
(2900, 'admirer', 'not_sensitive', NULL),
(2901, 'admonisher', 'not_sensitive', NULL),
(2902, 'adolescent', 'not_sensitive', NULL),
(2903, 'adoptee', 'not_sensitive', NULL),
(2904, 'adoptive_parent', 'not_sensitive', NULL),
(2905, 'adult', 'not_sensitive', NULL),
(2906, 'adulterator', 'not_sensitive', NULL),
(2907, 'adulterer', 'not_sensitive', NULL),
(2908, 'advancer', 'not_sensitive', NULL),
(2909, 'adventist', 'not_sensitive', NULL),
(2910, 'adventurer', 'not_sensitive', NULL),
(2911, 'adversary', 'not_sensitive', NULL),
(2912, 'adverse_witness', 'not_sensitive', NULL),
(2913, 'advertiser', 'not_sensitive', NULL),
(2914, 'advisee', 'not_sensitive', NULL),
(2915, 'adviser', 'not_sensitive', NULL),
(2916, 'advocate', 'not_sensitive', NULL),
(2917, 'advocate', 'not_sensitive', NULL),
(2918, 'aeolian', 'not_sensitive', NULL),
(2919, 'aerialist', 'not_sensitive', NULL),
(2920, 'aeronautical_engineer', 'not_sensitive', NULL),
(2921, 'aerophile', 'not_sensitive', NULL),
(2922, 'aerospace_engineer', 'not_sensitive', NULL),
(2923, 'affiant', 'not_sensitive', NULL),
(2924, 'affiliate', 'not_sensitive', NULL),
(2925, 'affine', 'not_sensitive', NULL),
(2926, 'affluent', 'not_sensitive', NULL),
(2927, 'afghan', 'not_sensitive', NULL),
(2928, 'aficionado', 'not_sensitive', NULL),
(2929, 'aficionado', 'not_sensitive', NULL),
(2930, 'african', 'not_sensitive', NULL),
(2931, 'african-american', 'not_sensitive', NULL),
(2932, 'afrikaner', 'not_sensitive', NULL),
(2933, 'agent', 'not_sensitive', NULL),
(2934, 'agent', 'not_sensitive', NULL),
(2935, 'agent', 'not_sensitive', NULL),
(2936, 'agent_provocateur', 'not_sensitive', NULL),
(2937, 'agent-in-place', 'not_sensitive', NULL),
(2938, 'aggravator', 'not_sensitive', NULL),
(2939, 'aggressor', 'not_sensitive', NULL),
(2940, 'agitator', 'not_sensitive', NULL),
(2941, 'agnate', 'not_sensitive', NULL),
(2942, 'agnostic', 'not_sensitive', NULL),
(2943, 'agnostic', 'not_sensitive', NULL),
(2944, 'agonist', 'not_sensitive', NULL),
(2945, 'agony_aunt', 'not_sensitive', NULL),
(2946, 'agricultural_laborer', 'not_sensitive', NULL),
(2947, 'agriculturist', 'not_sensitive', NULL),
(2948, 'agronomist', 'not_sensitive', NULL),
(2949, 'aide', 'not_sensitive', NULL),
(2950, 'air_attache', 'not_sensitive', NULL),
(2951, 'air_force_officer', 'not_sensitive', NULL),
(2952, 'air_marshal', 'not_sensitive', NULL),
(2953, 'air_traveler', 'not_sensitive', NULL),
(2954, 'airhead', 'not_sensitive', NULL),
(2955, 'akwa\'ala', 'not_sensitive', NULL),
(2956, 'alabama', 'not_sensitive', NULL),
(2957, 'alabaman', 'not_sensitive', NULL),
(2958, 'alarmist', 'not_sensitive', NULL),
(2959, 'alaska_native', 'not_sensitive', NULL),
(2960, 'alaskan', 'not_sensitive', NULL),
(2961, 'albanian', 'not_sensitive', NULL),
(2962, 'albino', 'not_sensitive', NULL),
(2963, 'alcalde', 'not_sensitive', NULL),
(2964, 'alchemist', 'not_sensitive', NULL),
(2965, 'alcoholic', 'not_sensitive', NULL),
(2966, 'aleut', 'not_sensitive', NULL),
(2967, 'alexandrian', 'not_sensitive', NULL),
(2968, 'alexic', 'not_sensitive', NULL),
(2969, 'algebraist', 'not_sensitive', NULL),
(2970, 'algerian', 'not_sensitive', NULL),
(2971, 'algonkian', 'not_sensitive', NULL),
(2972, 'algonquian', 'not_sensitive', NULL),
(2973, 'alien_absconder', 'not_sensitive', NULL),
(2974, 'alienator', 'not_sensitive', NULL),
(2975, 'alienee', 'not_sensitive', NULL),
(2976, 'alienist', 'not_sensitive', NULL),
(2977, 'alienor', 'not_sensitive', NULL),
(2978, 'aliterate', 'not_sensitive', NULL),
(2979, 'all-rounder', 'not_sensitive', NULL),
(2980, 'allegorizer', 'not_sensitive', NULL),
(2981, 'allergist', 'not_sensitive', NULL),
(2982, 'alleviator', 'not_sensitive', NULL),
(2983, 'alliterator', 'not_sensitive', NULL),
(2984, 'allocator', 'not_sensitive', NULL),
(2985, 'ally', 'not_sensitive', NULL),
(2986, 'almoner', 'not_sensitive', NULL),
(2987, 'almoravid', 'not_sensitive', NULL),
(2988, 'almsgiver', 'not_sensitive', NULL),
(2989, 'alphabetizer', 'not_sensitive', NULL),
(2990, 'alpinist', 'not_sensitive', NULL),
(2991, 'alsatian', 'not_sensitive', NULL),
(2992, 'altaic', 'not_sensitive', NULL),
(2993, 'alter_ego', 'not_sensitive', NULL),
(2994, 'alto', 'not_sensitive', NULL),
(2995, 'alto_saxophonist', 'not_sensitive', NULL),
(2996, 'alumnus', 'not_sensitive', NULL),
(2997, 'amalgamator', 'not_sensitive', NULL),
(2998, 'amateur', 'not_sensitive', NULL),
(2999, 'amateur', 'not_sensitive', NULL),
(3000, 'ambassador', 'not_sensitive', NULL),
(3001, 'ambassador', 'not_sensitive', NULL),
(3002, 'ambulance_chaser', 'not_sensitive', NULL),
(3003, 'ambusher', 'not_sensitive', NULL),
(3004, 'american', 'not_sensitive', NULL),
(3005, 'american', 'not_sensitive', NULL),
(3006, 'american_revolutionary_leader', 'not_sensitive', NULL),
(3007, 'amerindian', 'not_sensitive', NULL),
(3008, 'amhara', 'not_sensitive', NULL),
(3009, 'amicus_curiae', 'not_sensitive', NULL),
(3010, 'amigo', 'not_sensitive', NULL),
(3011, 'amish', 'not_sensitive', NULL),
(3012, 'amnesic', 'not_sensitive', NULL),
(3013, 'amora', 'not_sensitive', NULL),
(3014, 'amoralist', 'not_sensitive', NULL),
(3015, 'amorist', 'not_sensitive', NULL),
(3016, 'amputator', 'not_sensitive', NULL),
(3017, 'amputee', 'not_sensitive', NULL),
(3018, 'anabaptist', 'not_sensitive', NULL),
(3019, 'anachronism', 'not_sensitive', NULL),
(3020, 'anagnost', 'not_sensitive', NULL),
(3021, 'analogist', 'not_sensitive', NULL),
(3022, 'analphabet', 'not_sensitive', NULL),
(3023, 'analysand', 'not_sensitive', NULL),
(3024, 'analyst', 'not_sensitive', NULL),
(3025, 'analyst', 'not_sensitive', NULL),
(3026, 'analyst', 'not_sensitive', NULL),
(3027, 'anarchist', 'not_sensitive', NULL),
(3028, 'anasazi', 'not_sensitive', NULL),
(3029, 'anathema', 'not_sensitive', NULL),
(3030, 'anatomist', 'not_sensitive', NULL),
(3031, 'ancestor', 'not_sensitive', NULL),
(3032, 'anchor', 'not_sensitive', NULL),
(3033, 'anchorite', 'not_sensitive', NULL),
(3034, 'ancient', 'not_sensitive', NULL),
(3035, 'ancient', 'not_sensitive', NULL),
(3036, 'andorran', 'not_sensitive', NULL),
(3037, 'anecdotist', 'not_sensitive', NULL),
(3038, 'anesthesiologist', 'not_sensitive', NULL),
(3039, 'angel', 'not_sensitive', NULL),
(3040, 'angevin', 'not_sensitive', NULL),
(3041, 'angiologist', 'not_sensitive', NULL),
(3042, 'angle', 'not_sensitive', NULL),
(3043, 'angler', 'not_sensitive', NULL),
(3044, 'angler', 'not_sensitive', NULL),
(3045, 'anglican', 'not_sensitive', NULL),
(3046, 'anglican_catholic', 'not_sensitive', NULL),
(3047, 'anglo-american', 'not_sensitive', NULL),
(3048, 'anglo-indian', 'not_sensitive', NULL),
(3049, 'anglo-saxon', 'not_sensitive', NULL),
(3050, 'anglo-saxon', 'not_sensitive', NULL),
(3051, 'anglophile', 'not_sensitive', NULL),
(3052, 'anglophobe', 'not_sensitive', NULL),
(3053, 'angolan', 'not_sensitive', NULL);
INSERT INTO `main_data_set` (`word_id`, `word`, `sen`, `gen`) VALUES
(3054, 'angolese', 'not_sensitive', NULL),
(3055, 'anguillan', 'not_sensitive', NULL),
(3056, 'animal_fancier', 'not_sensitive', NULL),
(3057, 'animal_trainer', 'not_sensitive', NULL),
(3058, 'animator', 'not_sensitive', NULL),
(3059, 'animist', 'not_sensitive', NULL),
(3060, 'annalist', 'not_sensitive', NULL),
(3061, 'annihilator', 'not_sensitive', NULL),
(3062, 'annotator', 'not_sensitive', NULL),
(3063, 'announcer', 'not_sensitive', NULL),
(3064, 'announcer', 'not_sensitive', NULL),
(3065, 'annuitant', 'not_sensitive', NULL),
(3066, 'anointer', 'not_sensitive', NULL),
(3067, 'anomalist', 'not_sensitive', NULL),
(3068, 'anomaly', 'not_sensitive', NULL),
(3069, 'anorexic', 'not_sensitive', NULL),
(3070, 'antediluvian', 'not_sensitive', NULL),
(3071, 'anthologist', 'not_sensitive', NULL),
(3072, 'anthropoid', 'not_sensitive', NULL),
(3073, 'anthropologist', 'not_sensitive', NULL),
(3074, 'anti', 'not_sensitive', NULL),
(3075, 'anti-american', 'not_sensitive', NULL),
(3076, 'anti-semite', 'not_sensitive', NULL),
(3077, 'anticipator', 'not_sensitive', NULL),
(3078, 'antifeminist', 'not_sensitive', NULL),
(3079, 'antiguan', 'not_sensitive', NULL),
(3080, 'antinomian', 'not_sensitive', NULL),
(3081, 'antipope', 'not_sensitive', NULL),
(3082, 'antiquary', 'not_sensitive', NULL),
(3083, 'anzac', 'not_sensitive', NULL),
(3084, 'apache', 'not_sensitive', NULL),
(3085, 'apache', 'not_sensitive', NULL),
(3086, 'aphakic', 'not_sensitive', NULL),
(3087, 'aphasic', 'not_sensitive', NULL),
(3088, 'aphorist', 'not_sensitive', NULL),
(3089, 'apologist', 'not_sensitive', NULL),
(3090, 'apostle', 'not_sensitive', NULL),
(3091, 'apostle', 'not_sensitive', NULL),
(3092, 'apostolic_delegate', 'not_sensitive', NULL),
(3093, 'appalachian', 'not_sensitive', NULL),
(3094, 'apparatchik', 'not_sensitive', NULL),
(3095, 'apparatchik', 'not_sensitive', NULL),
(3096, 'appeaser', 'not_sensitive', NULL),
(3097, 'appellant', 'not_sensitive', NULL),
(3098, 'apple_polisher', 'not_sensitive', NULL),
(3099, 'applicant', 'not_sensitive', NULL),
(3100, 'appointee', 'not_sensitive', NULL),
(3101, 'appointee', 'not_sensitive', NULL),
(3102, 'appraiser', 'not_sensitive', NULL),
(3103, 'appraiser', 'not_sensitive', NULL),
(3104, 'appreciator', 'not_sensitive', NULL),
(3105, 'apprehender', 'not_sensitive', NULL),
(3106, 'apprentice', 'not_sensitive', NULL),
(3107, 'appropriator', 'not_sensitive', NULL),
(3108, 'approver', 'not_sensitive', NULL),
(3109, 'april_fool', 'not_sensitive', NULL),
(3110, 'aquanaut', 'not_sensitive', NULL),
(3111, 'aquarius', 'not_sensitive', NULL),
(3112, 'arab', 'not_sensitive', NULL),
(3113, 'arabist', 'not_sensitive', NULL),
(3114, 'aramean', 'not_sensitive', NULL),
(3115, 'arapaho', 'not_sensitive', NULL),
(3116, 'arawak', 'not_sensitive', NULL),
(3117, 'arbiter', 'not_sensitive', NULL),
(3118, 'arbiter', 'not_sensitive', NULL),
(3119, 'arbitrageur', 'not_sensitive', NULL),
(3120, 'arcadian', 'not_sensitive', NULL),
(3121, 'archaist', 'not_sensitive', NULL),
(3122, 'archduke', 'not_sensitive', NULL),
(3123, 'archeologist', 'not_sensitive', NULL),
(3124, 'archer', 'not_sensitive', NULL),
(3125, 'architect', 'not_sensitive', NULL),
(3126, 'archivist', 'not_sensitive', NULL),
(3127, 'areopagite', 'not_sensitive', NULL),
(3128, 'argentinian', 'not_sensitive', NULL),
(3129, 'argive', 'not_sensitive', NULL),
(3130, 'argonaut', 'not_sensitive', NULL),
(3131, 'arianist', 'not_sensitive', NULL),
(3132, 'aries', 'not_sensitive', NULL),
(3133, 'arikara', 'not_sensitive', NULL),
(3134, 'aristocrat', 'not_sensitive', NULL),
(3135, 'aristotelian', 'not_sensitive', NULL),
(3136, 'arithmetician', 'not_sensitive', NULL),
(3137, 'arizonan', 'not_sensitive', NULL),
(3138, 'arkansan', 'not_sensitive', NULL),
(3139, 'armchair_liberal', 'not_sensitive', NULL),
(3140, 'armenian', 'not_sensitive', NULL),
(3141, 'arminian', 'not_sensitive', NULL),
(3142, 'armorer', 'not_sensitive', NULL),
(3143, 'armorer', 'not_sensitive', NULL),
(3144, 'arms_manufacturer', 'not_sensitive', NULL),
(3145, 'army_attache', 'not_sensitive', NULL),
(3146, 'army_brat', 'not_sensitive', NULL),
(3147, 'army_engineer', 'not_sensitive', NULL),
(3148, 'army_officer', 'not_sensitive', NULL),
(3149, 'arranger', 'not_sensitive', NULL),
(3150, 'arrival', 'not_sensitive', NULL),
(3151, 'arrogator', 'not_sensitive', NULL),
(3152, 'arrowsmith', 'not_sensitive', NULL),
(3153, 'arsonist', 'not_sensitive', NULL),
(3154, 'art_critic', 'not_sensitive', NULL),
(3155, 'art_dealer', 'not_sensitive', NULL),
(3156, 'art_director', 'not_sensitive', NULL),
(3157, 'art_editor', 'not_sensitive', NULL),
(3158, 'art_historian', 'not_sensitive', NULL),
(3159, 'art_student', 'not_sensitive', NULL),
(3160, 'art_teacher', 'not_sensitive', NULL),
(3161, 'arthritic', 'not_sensitive', NULL),
(3162, 'articulator', 'not_sensitive', NULL),
(3163, 'artist', 'not_sensitive', NULL),
(3164, 'artist\'s_model', 'not_sensitive', NULL),
(3165, 'artiste', 'not_sensitive', NULL),
(3166, 'ascender', 'not_sensitive', NULL),
(3167, 'ashkenazi', 'not_sensitive', NULL),
(3168, 'asian', 'not_sensitive', NULL),
(3169, 'asian_american', 'not_sensitive', NULL),
(3170, 'aspirant', 'not_sensitive', NULL),
(3171, 'assamese', 'not_sensitive', NULL),
(3172, 'assassin', 'not_sensitive', NULL),
(3173, 'assassin', 'not_sensitive', NULL),
(3174, 'assayer', 'not_sensitive', NULL),
(3175, 'assenter', 'not_sensitive', NULL),
(3176, 'asserter', 'not_sensitive', NULL),
(3177, 'assessee', 'not_sensitive', NULL),
(3178, 'assignee', 'not_sensitive', NULL),
(3179, 'assignor', 'not_sensitive', NULL),
(3180, 'assistant', 'not_sensitive', NULL),
(3181, 'assistant_professor', 'not_sensitive', NULL),
(3182, 'associate', 'not_sensitive', NULL),
(3183, 'associate', 'not_sensitive', NULL),
(3184, 'associate_professor', 'not_sensitive', NULL),
(3185, 'assyrian', 'not_sensitive', NULL),
(3186, 'asthmatic', 'not_sensitive', NULL),
(3187, 'astrogator', 'not_sensitive', NULL),
(3188, 'astrologer', 'not_sensitive', NULL),
(3189, 'astronaut', 'not_sensitive', NULL),
(3190, 'astronomer', 'not_sensitive', NULL),
(3191, 'astrophysicist', 'not_sensitive', NULL),
(3192, 'atakapa', 'not_sensitive', NULL),
(3193, 'athapaskan', 'not_sensitive', NULL),
(3194, 'atheist', 'not_sensitive', NULL),
(3195, 'athenian', 'not_sensitive', NULL),
(3196, 'athlete', 'not_sensitive', NULL),
(3197, 'atsugewi', 'not_sensitive', NULL),
(3198, 'attache', 'not_sensitive', NULL),
(3199, 'attacker', 'not_sensitive', NULL),
(3200, 'attendant', 'not_sensitive', NULL),
(3201, 'attendant', 'not_sensitive', NULL),
(3202, 'attester', 'not_sensitive', NULL),
(3203, 'attorney_general', 'not_sensitive', NULL),
(3204, 'attorney_general', 'not_sensitive', NULL),
(3205, 'au_pair', 'not_sensitive', NULL),
(3206, 'auctioneer', 'not_sensitive', NULL),
(3207, 'audile', 'not_sensitive', NULL),
(3208, 'auditor', 'not_sensitive', NULL),
(3209, 'auditor', 'not_sensitive', NULL),
(3210, 'augur', 'not_sensitive', NULL),
(3211, 'australian', 'not_sensitive', NULL),
(3212, 'austrian', 'not_sensitive', NULL),
(3213, 'austronesian', 'not_sensitive', NULL),
(3214, 'auteur', 'not_sensitive', NULL),
(3215, 'authoritarian', 'not_sensitive', NULL),
(3216, 'authority', 'not_sensitive', NULL),
(3217, 'authority', 'not_sensitive', NULL),
(3218, 'authority_figure', 'not_sensitive', NULL),
(3219, 'authorizer', 'not_sensitive', NULL),
(3220, 'autobiographer', 'not_sensitive', NULL),
(3221, 'autochthon', 'not_sensitive', NULL),
(3222, 'autodidact', 'not_sensitive', NULL),
(3223, 'automaton', 'not_sensitive', NULL),
(3224, 'automobile_mechanic', 'not_sensitive', NULL),
(3225, 'automotive_engineer', 'not_sensitive', NULL),
(3226, 'avenger', 'not_sensitive', NULL),
(3227, 'aviator', 'not_sensitive', NULL),
(3228, 'avower', 'not_sensitive', NULL),
(3229, 'awol', 'not_sensitive', NULL),
(3230, 'ayatollah', 'not_sensitive', NULL),
(3231, 'azerbaijani', 'not_sensitive', NULL),
(3232, 'aztec', 'not_sensitive', NULL),
(3233, 'baas', 'not_sensitive', NULL),
(3234, 'baby', 'not_sensitive', NULL),
(3235, 'baby', 'not_sensitive', NULL),
(3236, 'baby', 'not_sensitive', NULL),
(3237, 'baby_boomer', 'not_sensitive', NULL),
(3238, 'baby_buster', 'not_sensitive', NULL),
(3239, 'baby_doctor', 'not_sensitive', NULL),
(3240, 'baby_farmer', 'not_sensitive', NULL),
(3241, 'babylonian', 'not_sensitive', NULL),
(3242, 'babyminder', 'not_sensitive', NULL),
(3243, 'babysitter', 'not_sensitive', NULL),
(3244, 'bacchant', 'not_sensitive', NULL),
(3245, 'back', 'not_sensitive', NULL),
(3246, 'back_judge', 'not_sensitive', NULL),
(3247, 'backbencher', 'not_sensitive', NULL),
(3248, 'backpacker', 'not_sensitive', NULL),
(3249, 'backscratcher', 'not_sensitive', NULL),
(3250, 'backseat_driver', 'not_sensitive', NULL),
(3251, 'backslapper', 'not_sensitive', NULL),
(3252, 'backstroker', 'not_sensitive', NULL),
(3253, 'bacteriologist', 'not_sensitive', NULL),
(3254, 'bad_egg', 'not_sensitive', NULL),
(3255, 'bad_guy', 'not_sensitive', NULL),
(3256, 'bad_person', 'not_sensitive', NULL),
(3257, 'badaga', 'not_sensitive', NULL),
(3258, 'bahai', 'not_sensitive', NULL),
(3259, 'bahamian', 'not_sensitive', NULL),
(3260, 'bahraini', 'not_sensitive', NULL),
(3261, 'bailee', 'not_sensitive', NULL),
(3262, 'bailiff', 'not_sensitive', NULL),
(3263, 'bailor', 'not_sensitive', NULL),
(3264, 'bairn', 'not_sensitive', NULL),
(3265, 'baker', 'not_sensitive', NULL),
(3266, 'baker', 'not_sensitive', NULL),
(3267, 'balancer', 'not_sensitive', NULL),
(3268, 'baldhead', 'not_sensitive', NULL),
(3269, 'balkan', 'not_sensitive', NULL),
(3270, 'balker', 'not_sensitive', NULL),
(3271, 'ball_carrier', 'not_sensitive', NULL),
(3272, 'ball_hawk', 'not_sensitive', NULL),
(3273, 'ballet_dancer', 'not_sensitive', NULL),
(3274, 'balletomane', 'not_sensitive', NULL),
(3275, 'balloonist', 'not_sensitive', NULL),
(3276, 'ballplayer', 'not_sensitive', NULL),
(3277, 'banderillero', 'not_sensitive', NULL),
(3278, 'bandit', 'not_sensitive', NULL),
(3279, 'bandleader', 'not_sensitive', NULL),
(3280, 'bandmaster', 'not_sensitive', NULL),
(3281, 'bangladeshi', 'not_sensitive', NULL),
(3282, 'bank_commissioner', 'not_sensitive', NULL),
(3283, 'bank_examiner', 'not_sensitive', NULL),
(3284, 'bank_guard', 'not_sensitive', NULL),
(3285, 'bank_manager', 'not_sensitive', NULL),
(3286, 'bank_robber', 'not_sensitive', NULL),
(3287, 'banker', 'not_sensitive', NULL),
(3288, 'banker', 'not_sensitive', NULL),
(3289, 'bankrupt', 'not_sensitive', NULL),
(3290, 'bantamweight', 'not_sensitive', NULL),
(3291, 'bantamweight', 'not_sensitive', NULL),
(3292, 'bantu', 'not_sensitive', NULL),
(3293, 'baptist', 'not_sensitive', NULL),
(3294, 'bar_fly', 'not_sensitive', NULL),
(3295, 'barbadian', 'not_sensitive', NULL),
(3296, 'barber', 'not_sensitive', NULL),
(3297, 'bard', 'not_sensitive', NULL),
(3298, 'bargain_hunter', 'not_sensitive', NULL),
(3299, 'bargainer', 'not_sensitive', NULL),
(3300, 'barker', 'not_sensitive', NULL),
(3301, 'barnburner', 'not_sensitive', NULL),
(3302, 'barnstormer', 'not_sensitive', NULL),
(3303, 'barnstormer', 'not_sensitive', NULL),
(3304, 'baronet', 'not_sensitive', NULL),
(3305, 'barrator', 'not_sensitive', NULL),
(3306, 'barrister', 'not_sensitive', NULL),
(3307, 'bartender', 'not_sensitive', NULL),
(3308, 'barterer', 'not_sensitive', NULL),
(3309, 'base_runner', 'not_sensitive', NULL),
(3310, 'baseball_coach', 'not_sensitive', NULL),
(3311, 'basket_maker', 'not_sensitive', NULL),
(3312, 'basketball_coach', 'not_sensitive', NULL),
(3313, 'basketball_player', 'not_sensitive', NULL),
(3314, 'basketweaver', 'not_sensitive', NULL),
(3315, 'basotho', 'not_sensitive', NULL),
(3316, 'basque', 'not_sensitive', NULL),
(3317, 'bassist', 'not_sensitive', NULL),
(3318, 'bassoonist', 'not_sensitive', NULL),
(3319, 'baster', 'not_sensitive', NULL),
(3320, 'baster', 'not_sensitive', NULL),
(3321, 'bather', 'not_sensitive', NULL),
(3322, 'baton_twirler', 'not_sensitive', NULL),
(3323, 'batter', 'not_sensitive', NULL),
(3324, 'batting_coach', 'not_sensitive', NULL),
(3325, 'battle-ax', 'not_sensitive', NULL),
(3326, 'bavarian', 'not_sensitive', NULL),
(3327, 'bawler', 'not_sensitive', NULL),
(3328, 'bay_stater', 'not_sensitive', NULL),
(3329, 'beachcomber', 'not_sensitive', NULL),
(3330, 'beadle', 'not_sensitive', NULL),
(3331, 'bean_counter', 'not_sensitive', NULL),
(3332, 'bear', 'not_sensitive', NULL),
(3333, 'bearer', 'not_sensitive', NULL),
(3334, 'beast', 'not_sensitive', NULL),
(3335, 'beater', 'not_sensitive', NULL),
(3336, 'beatnik', 'not_sensitive', NULL),
(3337, 'beautician', 'not_sensitive', NULL),
(3338, 'beauty_consultant', 'not_sensitive', NULL),
(3339, 'bedfellow', 'not_sensitive', NULL),
(3340, 'bedfellow', 'not_sensitive', NULL),
(3341, 'bedlamite', 'not_sensitive', NULL),
(3342, 'bedouin', 'not_sensitive', NULL),
(3343, 'bedwetter', 'not_sensitive', NULL),
(3344, 'beekeeper', 'not_sensitive', NULL),
(3345, 'beer_drinker', 'not_sensitive', NULL),
(3346, 'beggar', 'not_sensitive', NULL),
(3347, 'behaviorist', 'not_sensitive', NULL),
(3348, 'bel_esprit', 'not_sensitive', NULL),
(3349, 'belgian', 'not_sensitive', NULL),
(3350, 'believer', 'not_sensitive', NULL),
(3351, 'believer', 'not_sensitive', NULL),
(3352, 'bell_captain', 'not_sensitive', NULL),
(3353, 'bell_founder', 'not_sensitive', NULL),
(3354, 'bell_ringer', 'not_sensitive', NULL),
(3355, 'bellwether', 'not_sensitive', NULL),
(3356, 'beloved', 'not_sensitive', NULL),
(3357, 'belt_maker', 'not_sensitive', NULL),
(3358, 'bench_warmer', 'not_sensitive', NULL),
(3359, 'benedictine', 'not_sensitive', NULL),
(3360, 'benefactor', 'not_sensitive', NULL),
(3361, 'beneficiary', 'not_sensitive', NULL),
(3362, 'bengali', 'not_sensitive', NULL),
(3363, 'beninese', 'not_sensitive', NULL),
(3364, 'berber', 'not_sensitive', NULL),
(3365, 'bereaved', 'not_sensitive', NULL),
(3366, 'berk', 'not_sensitive', NULL),
(3367, 'berliner', 'not_sensitive', NULL),
(3368, 'bermudan', 'not_sensitive', NULL),
(3369, 'berserker', 'not_sensitive', NULL),
(3370, 'besieger', 'not_sensitive', NULL),
(3371, 'besieger', 'not_sensitive', NULL),
(3372, 'best', 'not_sensitive', NULL),
(3373, 'best_friend', 'not_sensitive', NULL),
(3374, 'betrothed', 'not_sensitive', NULL),
(3375, 'better', 'not_sensitive', NULL),
(3376, 'bettor', 'not_sensitive', NULL),
(3377, 'bhutanese', 'not_sensitive', NULL),
(3378, 'bibliographer', 'not_sensitive', NULL),
(3379, 'bibliophile', 'not_sensitive', NULL),
(3380, 'bibliopole', 'not_sensitive', NULL),
(3381, 'bibliotist', 'not_sensitive', NULL),
(3382, 'bidder', 'not_sensitive', NULL),
(3383, 'bidder', 'not_sensitive', NULL),
(3384, 'big_brother', 'not_sensitive', NULL),
(3385, 'big_shot', 'not_sensitive', NULL),
(3386, 'big_spender', 'not_sensitive', NULL),
(3387, 'bigamist', 'not_sensitive', NULL),
(3388, 'bigot', 'not_sensitive', NULL),
(3389, 'bilingual', 'not_sensitive', NULL),
(3390, 'bill_poster', 'not_sensitive', NULL),
(3391, 'billiard_player', 'not_sensitive', NULL),
(3392, 'billionaire', 'not_sensitive', NULL),
(3393, 'biloxi', 'not_sensitive', NULL),
(3394, 'bimetallist', 'not_sensitive', NULL),
(3395, 'biochemist', 'not_sensitive', NULL),
(3396, 'biographer', 'not_sensitive', NULL),
(3397, 'biologist', 'not_sensitive', NULL),
(3398, 'biophysicist', 'not_sensitive', NULL),
(3399, 'bird_fancier', 'not_sensitive', NULL),
(3400, 'bird_watcher', 'not_sensitive', NULL),
(3401, 'birth', 'not_sensitive', NULL),
(3402, 'birth-control_campaigner', 'not_sensitive', NULL),
(3403, 'bisexual', 'not_sensitive', NULL),
(3404, 'bishop', 'not_sensitive', NULL),
(3405, 'biter', 'not_sensitive', NULL),
(3406, 'black', 'not_sensitive', NULL),
(3407, 'black_african', 'not_sensitive', NULL),
(3408, 'black_and_tan', 'not_sensitive', NULL),
(3409, 'black_belt', 'not_sensitive', NULL),
(3410, 'black_marketeer', 'not_sensitive', NULL),
(3411, 'black_muslim', 'not_sensitive', NULL),
(3412, 'black_panther', 'not_sensitive', NULL),
(3413, 'blackfoot', 'not_sensitive', NULL),
(3414, 'blackmailer', 'not_sensitive', NULL),
(3415, 'blackshirt', 'not_sensitive', NULL),
(3416, 'blacksmith', 'not_sensitive', NULL),
(3417, 'blasphemer', 'not_sensitive', NULL),
(3418, 'blaster', 'not_sensitive', NULL),
(3419, 'bleacher', 'not_sensitive', NULL),
(3420, 'bleeding_heart', 'not_sensitive', NULL),
(3421, 'blind_date', 'not_sensitive', NULL),
(3422, 'blind_person', 'not_sensitive', NULL),
(3423, 'blocker', 'not_sensitive', NULL),
(3424, 'blogger', 'not_sensitive', NULL),
(3425, 'blond', 'not_sensitive', NULL),
(3426, 'blood_donor', 'not_sensitive', NULL),
(3427, 'blood_relation', 'not_sensitive', NULL),
(3428, 'blubberer', 'not_sensitive', NULL),
(3429, 'blucher', 'not_sensitive', NULL),
(3430, 'bludgeoner', 'not_sensitive', NULL),
(3431, 'blue_baby', 'not_sensitive', NULL),
(3432, 'bluecoat', 'not_sensitive', NULL),
(3433, 'bluejacket', 'not_sensitive', NULL),
(3434, 'bluffer', 'not_sensitive', NULL),
(3435, 'board_member', 'not_sensitive', NULL),
(3436, 'boarder', 'not_sensitive', NULL),
(3437, 'boarder', 'not_sensitive', NULL),
(3438, 'boatbuilder', 'not_sensitive', NULL),
(3439, 'boatswain', 'not_sensitive', NULL),
(3440, 'bobby', 'not_sensitive', NULL),
(3441, 'body_servant', 'not_sensitive', NULL),
(3442, 'bodybuilder', 'not_sensitive', NULL),
(3443, 'bodyguard', 'not_sensitive', NULL),
(3444, 'boffin', 'not_sensitive', NULL),
(3445, 'bohemian', 'not_sensitive', NULL),
(3446, 'bohemian', 'not_sensitive', NULL),
(3447, 'bolivian', 'not_sensitive', NULL),
(3448, 'bolshevik', 'not_sensitive', NULL),
(3449, 'bolshevik', 'not_sensitive', NULL),
(3450, 'bombardier', 'not_sensitive', NULL),
(3451, 'bombardier', 'not_sensitive', NULL),
(3452, 'bomber', 'not_sensitive', NULL),
(3453, 'bombshell', 'not_sensitive', NULL),
(3454, 'bond_servant', 'not_sensitive', NULL),
(3455, 'bondholder', 'not_sensitive', NULL),
(3456, 'bonesetter', 'not_sensitive', NULL),
(3457, 'book_agent', 'not_sensitive', NULL),
(3458, 'bookbinder', 'not_sensitive', NULL),
(3459, 'bookdealer', 'not_sensitive', NULL),
(3460, 'booker', 'not_sensitive', NULL),
(3461, 'bookkeeper', 'not_sensitive', NULL),
(3462, 'bookmaker', 'not_sensitive', NULL),
(3463, 'bookmaker', 'not_sensitive', NULL),
(3464, 'bookseller', 'not_sensitive', NULL),
(3465, 'bookworm', 'not_sensitive', NULL),
(3466, 'booster', 'not_sensitive', NULL),
(3467, 'bootblack', 'not_sensitive', NULL),
(3468, 'bootlegger', 'not_sensitive', NULL),
(3469, 'bootmaker', 'not_sensitive', NULL),
(3470, 'borderer', 'not_sensitive', NULL),
(3471, 'bore', 'not_sensitive', NULL),
(3472, 'born-again_christian', 'not_sensitive', NULL),
(3473, 'bornean', 'not_sensitive', NULL),
(3474, 'borrower', 'not_sensitive', NULL),
(3475, 'boss', 'not_sensitive', NULL),
(3476, 'boss', 'not_sensitive', NULL),
(3477, 'bostonian', 'not_sensitive', NULL),
(3478, 'boswell', 'not_sensitive', NULL),
(3479, 'botanist', 'not_sensitive', NULL),
(3480, 'bottom_dog', 'not_sensitive', NULL),
(3481, 'bottom_feeder', 'not_sensitive', NULL),
(3482, 'boulevardier', 'not_sensitive', NULL),
(3483, 'bouncer', 'not_sensitive', NULL),
(3484, 'bounder', 'not_sensitive', NULL),
(3485, 'bounty_hunter', 'not_sensitive', NULL),
(3486, 'bounty_hunter', 'not_sensitive', NULL),
(3487, 'bourbon', 'not_sensitive', NULL),
(3488, 'bourbon', 'not_sensitive', NULL),
(3489, 'bourgeois', 'not_sensitive', NULL),
(3490, 'bowler', 'not_sensitive', NULL),
(3491, 'bowler', 'not_sensitive', NULL),
(3492, 'boxer', 'not_sensitive', NULL),
(3493, 'boxer', 'not_sensitive', NULL),
(3494, 'bracero', 'not_sensitive', NULL),
(3495, 'brachycephalic', 'not_sensitive', NULL),
(3496, 'bragger', 'not_sensitive', NULL),
(3497, 'brahman', 'not_sensitive', NULL),
(3498, 'brahui', 'not_sensitive', NULL),
(3499, 'brainworker', 'not_sensitive', NULL),
(3500, 'brass_hat', 'not_sensitive', NULL),
(3501, 'brave', 'not_sensitive', NULL),
(3502, 'brawler', 'not_sensitive', NULL),
(3503, 'brazilian', 'not_sensitive', NULL),
(3504, 'breadwinner', 'not_sensitive', NULL),
(3505, 'breaker', 'not_sensitive', NULL),
(3506, 'breaststroker', 'not_sensitive', NULL),
(3507, 'breeder', 'not_sensitive', NULL),
(3508, 'breton', 'not_sensitive', NULL),
(3509, 'brewer', 'not_sensitive', NULL),
(3510, 'brewer', 'not_sensitive', NULL),
(3511, 'briber', 'not_sensitive', NULL),
(3512, 'brick', 'not_sensitive', NULL),
(3513, 'bricklayer', 'not_sensitive', NULL),
(3514, 'bridge_agent', 'not_sensitive', NULL),
(3515, 'bridge_partner', 'not_sensitive', NULL),
(3516, 'bridge_player', 'not_sensitive', NULL),
(3517, 'brigadier', 'not_sensitive', NULL),
(3518, 'britisher', 'not_sensitive', NULL),
(3519, 'briton', 'not_sensitive', NULL),
(3520, 'broadcast_journalist', 'not_sensitive', NULL),
(3521, 'broadcaster', 'not_sensitive', NULL),
(3522, 'broker-dealer', 'not_sensitive', NULL),
(3523, 'brownshirt', 'not_sensitive', NULL),
(3524, 'browser', 'not_sensitive', NULL),
(3525, 'brule', 'not_sensitive', NULL),
(3526, 'brummie', 'not_sensitive', NULL),
(3527, 'bruneian', 'not_sensitive', NULL),
(3528, 'buck_sergeant', 'not_sensitive', NULL),
(3529, 'buddha', 'not_sensitive', NULL),
(3530, 'buddhist', 'not_sensitive', NULL),
(3531, 'bugler', 'not_sensitive', NULL),
(3532, 'builder', 'not_sensitive', NULL),
(3533, 'builder', 'not_sensitive', NULL),
(3534, 'bulgarian', 'not_sensitive', NULL),
(3535, 'bulimic', 'not_sensitive', NULL),
(3536, 'bull', 'not_sensitive', NULL),
(3537, 'bull', 'not_sensitive', NULL),
(3538, 'bullfighter', 'not_sensitive', NULL),
(3539, 'bully', 'not_sensitive', NULL),
(3540, 'bully', 'not_sensitive', NULL),
(3541, 'bungler', 'not_sensitive', NULL),
(3542, 'bunkmate', 'not_sensitive', NULL),
(3543, 'bunny', 'not_sensitive', NULL),
(3544, 'bunter', 'not_sensitive', NULL),
(3545, 'bureaucrat', 'not_sensitive', NULL),
(3546, 'burgess', 'not_sensitive', NULL),
(3547, 'burglar', 'not_sensitive', NULL),
(3548, 'burgomaster', 'not_sensitive', NULL),
(3549, 'burmese', 'not_sensitive', NULL),
(3550, 'bursar', 'not_sensitive', NULL),
(3551, 'burundian', 'not_sensitive', NULL),
(3552, 'bushwhacker', 'not_sensitive', NULL),
(3553, 'business_agent', 'not_sensitive', NULL),
(3554, 'business_editor', 'not_sensitive', NULL),
(3555, 'business_traveler', 'not_sensitive', NULL),
(3556, 'businessperson', 'not_sensitive', NULL),
(3557, 'busker', 'not_sensitive', NULL),
(3558, 'buster', 'not_sensitive', NULL),
(3559, 'buster', 'not_sensitive', NULL),
(3560, 'buster', 'not_sensitive', NULL),
(3561, 'busybody', 'not_sensitive', NULL),
(3562, 'butcher', 'not_sensitive', NULL),
(3563, 'butcher', 'not_sensitive', NULL),
(3564, 'butcher', 'not_sensitive', NULL),
(3565, 'butter', 'not_sensitive', NULL),
(3566, 'butterfingers', 'not_sensitive', NULL),
(3567, 'buttinsky', 'not_sensitive', NULL),
(3568, 'buyer', 'not_sensitive', NULL),
(3569, 'byelorussian', 'not_sensitive', NULL),
(3570, 'bystander', 'not_sensitive', NULL),
(3571, 'byzantine', 'not_sensitive', NULL),
(3572, 'cabalist', 'not_sensitive', NULL),
(3573, 'cabalist', 'not_sensitive', NULL),
(3574, 'cabalist', 'not_sensitive', NULL),
(3575, 'cabinet_minister', 'not_sensitive', NULL),
(3576, 'cabinetmaker', 'not_sensitive', NULL),
(3577, 'cad', 'not_sensitive', NULL),
(3578, 'caddie', 'not_sensitive', NULL),
(3579, 'caddo', 'not_sensitive', NULL),
(3580, 'cadet', 'not_sensitive', NULL),
(3581, 'caffeine_addict', 'not_sensitive', NULL),
(3582, 'cahita', 'not_sensitive', NULL),
(3583, 'cairene', 'not_sensitive', NULL),
(3584, 'caitiff', 'not_sensitive', NULL),
(3585, 'cajun', 'not_sensitive', NULL),
(3586, 'cakchiquel', 'not_sensitive', NULL),
(3587, 'calculator', 'not_sensitive', NULL),
(3588, 'californian', 'not_sensitive', NULL),
(3589, 'caliph', 'not_sensitive', NULL),
(3590, 'caller', 'not_sensitive', NULL),
(3591, 'caller', 'not_sensitive', NULL),
(3592, 'caller', 'not_sensitive', NULL),
(3593, 'caller', 'not_sensitive', NULL),
(3594, 'caller', 'not_sensitive', NULL),
(3595, 'caller', 'not_sensitive', NULL),
(3596, 'caller', 'not_sensitive', NULL),
(3597, 'calligrapher', 'not_sensitive', NULL),
(3598, 'calvinist', 'not_sensitive', NULL),
(3599, 'cambodian', 'not_sensitive', NULL),
(3600, 'cameroonian', 'not_sensitive', NULL),
(3601, 'camp_follower', 'not_sensitive', NULL),
(3602, 'camp_follower', 'not_sensitive', NULL),
(3603, 'campaigner', 'not_sensitive', NULL),
(3604, 'camper', 'not_sensitive', NULL),
(3605, 'campmate', 'not_sensitive', NULL),
(3606, 'canaanite', 'not_sensitive', NULL),
(3607, 'canadian', 'not_sensitive', NULL),
(3608, 'cancer', 'not_sensitive', NULL),
(3609, 'candidate', 'not_sensitive', NULL),
(3610, 'candlemaker', 'not_sensitive', NULL),
(3611, 'candy_striper', 'not_sensitive', NULL),
(3612, 'cannibal', 'not_sensitive', NULL),
(3613, 'cannon_fodder', 'not_sensitive', NULL),
(3614, 'canoeist', 'not_sensitive', NULL),
(3615, 'canon', 'not_sensitive', NULL),
(3616, 'canonist', 'not_sensitive', NULL),
(3617, 'cantabrigian', 'not_sensitive', NULL),
(3618, 'cantor', 'not_sensitive', NULL),
(3619, 'canuck', 'not_sensitive', NULL),
(3620, 'canvasser', 'not_sensitive', NULL),
(3621, 'capetian', 'not_sensitive', NULL),
(3622, 'capitalist', 'not_sensitive', NULL),
(3623, 'capitalist', 'not_sensitive', NULL),
(3624, 'capricorn', 'not_sensitive', NULL),
(3625, 'captain', 'not_sensitive', NULL),
(3626, 'captain', 'not_sensitive', NULL),
(3627, 'captain', 'not_sensitive', NULL),
(3628, 'captain', 'not_sensitive', NULL),
(3629, 'captain', 'not_sensitive', NULL),
(3630, 'captain', 'not_sensitive', NULL),
(3631, 'captive', 'not_sensitive', NULL),
(3632, 'captor', 'not_sensitive', NULL),
(3633, 'carbineer', 'not_sensitive', NULL),
(3634, 'card_player', 'not_sensitive', NULL),
(3635, 'cardholder', 'not_sensitive', NULL),
(3636, 'cardholder', 'not_sensitive', NULL),
(3637, 'cardinal', 'not_sensitive', NULL),
(3638, 'cardiologist', 'not_sensitive', NULL),
(3639, 'cardsharp', 'not_sensitive', NULL),
(3640, 'careerist', 'not_sensitive', NULL),
(3641, 'caregiver', 'not_sensitive', NULL),
(3642, 'caretaker', 'not_sensitive', NULL),
(3643, 'caretaker', 'not_sensitive', NULL),
(3644, 'carhop', 'not_sensitive', NULL),
(3645, 'carib', 'not_sensitive', NULL),
(3646, 'caricaturist', 'not_sensitive', NULL),
(3647, 'carillonneur', 'not_sensitive', NULL),
(3648, 'carioca', 'not_sensitive', NULL),
(3649, 'carmelite', 'not_sensitive', NULL),
(3650, 'caroler', 'not_sensitive', NULL),
(3651, 'carolingian', 'not_sensitive', NULL),
(3652, 'carolinian', 'not_sensitive', NULL),
(3653, 'carpenter', 'not_sensitive', NULL),
(3654, 'carper', 'not_sensitive', NULL),
(3655, 'carpet_knight', 'not_sensitive', NULL),
(3656, 'carpetbagger', 'not_sensitive', NULL),
(3657, 'carrier', 'not_sensitive', NULL),
(3658, 'carrier', 'not_sensitive', NULL),
(3659, 'carrier', 'not_sensitive', NULL),
(3660, 'carter', 'not_sensitive', NULL),
(3661, 'cartesian', 'not_sensitive', NULL),
(3662, 'carthaginian', 'not_sensitive', NULL),
(3663, 'carthusian', 'not_sensitive', NULL),
(3664, 'cartographer', 'not_sensitive', NULL),
(3665, 'cartoonist', 'not_sensitive', NULL),
(3666, 'cartwright', 'not_sensitive', NULL),
(3667, 'case', 'not_sensitive', NULL),
(3668, 'case_officer', 'not_sensitive', NULL),
(3669, 'cashier', 'not_sensitive', NULL),
(3670, 'castaway', 'not_sensitive', NULL),
(3671, 'caster', 'not_sensitive', NULL),
(3672, 'castillian', 'not_sensitive', NULL),
(3673, 'casualty', 'not_sensitive', NULL),
(3674, 'casualty', 'not_sensitive', NULL),
(3675, 'casuist', 'not_sensitive', NULL),
(3676, 'cat_fancier', 'not_sensitive', NULL),
(3677, 'catalan', 'not_sensitive', NULL),
(3678, 'cataleptic', 'not_sensitive', NULL),
(3679, 'cataloger', 'not_sensitive', NULL),
(3680, 'catawba', 'not_sensitive', NULL),
(3681, 'catch', 'not_sensitive', NULL),
(3682, 'catcher', 'not_sensitive', NULL),
(3683, 'catechist', 'not_sensitive', NULL),
(3684, 'catechumen', 'not_sensitive', NULL),
(3685, 'caterer', 'not_sensitive', NULL),
(3686, 'catholic', 'not_sensitive', NULL),
(3687, 'catholicos', 'not_sensitive', NULL),
(3688, 'cayuga', 'not_sensitive', NULL),
(3689, 'cebuan', 'not_sensitive', NULL),
(3690, 'celebrant', 'not_sensitive', NULL),
(3691, 'celebrant', 'not_sensitive', NULL),
(3692, 'celebrity', 'not_sensitive', NULL),
(3693, 'celibate', 'not_sensitive', NULL),
(3694, 'cellist', 'not_sensitive', NULL),
(3695, 'celt', 'not_sensitive', NULL),
(3696, 'cenobite', 'not_sensitive', NULL),
(3697, 'censor', 'not_sensitive', NULL),
(3698, 'censor', 'not_sensitive', NULL),
(3699, 'census_taker', 'not_sensitive', NULL),
(3700, 'centenarian', 'not_sensitive', NULL),
(3701, 'center', 'not_sensitive', NULL),
(3702, 'center', 'not_sensitive', NULL),
(3703, 'center', 'not_sensitive', NULL),
(3704, 'center_fielder', 'not_sensitive', NULL),
(3705, 'central_american', 'not_sensitive', NULL),
(3706, 'centrist', 'not_sensitive', NULL),
(3707, 'certified_public_accountant', 'not_sensitive', NULL),
(3708, 'chadian', 'not_sensitive', NULL),
(3709, 'chain-smoker', 'not_sensitive', NULL),
(3710, 'chaldean', 'not_sensitive', NULL),
(3711, 'chaldean', 'not_sensitive', NULL),
(3712, 'chamberlain', 'not_sensitive', NULL),
(3713, 'chamberlain', 'not_sensitive', NULL),
(3714, 'chameleon', 'not_sensitive', NULL),
(3715, 'champion', 'not_sensitive', NULL),
(3716, 'champion', 'not_sensitive', NULL),
(3717, 'chancellor', 'not_sensitive', NULL),
(3718, 'chancellor', 'not_sensitive', NULL),
(3719, 'chancellor_of_the_exchequer', 'not_sensitive', NULL),
(3720, 'chandler', 'not_sensitive', NULL),
(3721, 'chandler', 'not_sensitive', NULL),
(3722, 'changeling', 'not_sensitive', NULL),
(3723, 'changer', 'not_sensitive', NULL),
(3724, 'chap', 'not_sensitive', NULL),
(3725, 'chaperon', 'not_sensitive', NULL),
(3726, 'chaplain', 'not_sensitive', NULL),
(3727, 'character', 'not_sensitive', NULL),
(3728, 'character_actor', 'not_sensitive', NULL),
(3729, 'character_witness', 'not_sensitive', NULL),
(3730, 'charcoal_burner', 'not_sensitive', NULL),
(3731, 'charge', 'not_sensitive', NULL),
(3732, 'charge_d\'affaires', 'not_sensitive', NULL),
(3733, 'charge_of_quarters', 'not_sensitive', NULL),
(3734, 'charioteer', 'not_sensitive', NULL),
(3735, 'charmer', 'not_sensitive', NULL),
(3736, 'charter_member', 'not_sensitive', NULL),
(3737, 'chartered_accountant', 'not_sensitive', NULL),
(3738, 'chartist', 'not_sensitive', NULL),
(3739, 'chartist', 'not_sensitive', NULL),
(3740, 'chatterer', 'not_sensitive', NULL),
(3741, 'chauvinist', 'not_sensitive', NULL),
(3742, 'chauvinist', 'not_sensitive', NULL),
(3743, 'cheapjack', 'not_sensitive', NULL),
(3744, 'cheapskate', 'not_sensitive', NULL),
(3745, 'chebab', 'not_sensitive', NULL),
(3746, 'chechen', 'not_sensitive', NULL),
(3747, 'checker', 'not_sensitive', NULL),
(3748, 'checker', 'not_sensitive', NULL),
(3749, 'cheerer', 'not_sensitive', NULL),
(3750, 'cheerleader', 'not_sensitive', NULL),
(3751, 'cheerleader', 'not_sensitive', NULL),
(3752, 'cheesemonger', 'not_sensitive', NULL),
(3753, 'chef', 'not_sensitive', NULL),
(3754, 'chela', 'not_sensitive', NULL),
(3755, 'chemist', 'not_sensitive', NULL),
(3756, 'cheops', 'not_sensitive', NULL),
(3757, 'cheremis', 'not_sensitive', NULL),
(3758, 'cherokee', 'not_sensitive', NULL),
(3759, 'cherub', 'not_sensitive', NULL),
(3760, 'chess_master', 'not_sensitive', NULL),
(3761, 'chess_player', 'not_sensitive', NULL),
(3762, 'chewa', 'not_sensitive', NULL),
(3763, 'chewer', 'not_sensitive', NULL),
(3764, 'cheyenne', 'not_sensitive', NULL),
(3765, 'chicano', 'not_sensitive', NULL),
(3766, 'chichi', 'not_sensitive', NULL),
(3767, 'chickasaw', 'not_sensitive', NULL),
(3768, 'chief_constable', 'not_sensitive', NULL),
(3769, 'chief_executive_officer', 'not_sensitive', NULL),
(3770, 'chief_financial_officer', 'not_sensitive', NULL),
(3771, 'chief_justice', 'not_sensitive', NULL),
(3772, 'chief_of_staff', 'not_sensitive', NULL),
(3773, 'chief_petty_officer', 'not_sensitive', NULL),
(3774, 'chief_secretary', 'not_sensitive', NULL),
(3775, 'child', 'not_sensitive', NULL),
(3776, 'child', 'not_sensitive', NULL),
(3777, 'child', 'not_sensitive', NULL),
(3778, 'child', 'not_sensitive', NULL),
(3779, 'child_prodigy', 'not_sensitive', NULL),
(3780, 'chilean', 'not_sensitive', NULL),
(3781, 'chimakum', 'not_sensitive', NULL),
(3782, 'chimariko', 'not_sensitive', NULL),
(3783, 'chimneysweeper', 'not_sensitive', NULL),
(3784, 'chinese', 'not_sensitive', NULL),
(3785, 'chinook', 'not_sensitive', NULL),
(3786, 'chipewyan', 'not_sensitive', NULL),
(3787, 'chiropodist', 'not_sensitive', NULL),
(3788, 'chiropractor', 'not_sensitive', NULL),
(3789, 'chit', 'not_sensitive', NULL),
(3790, 'choctaw', 'not_sensitive', NULL),
(3791, 'choirmaster', 'not_sensitive', NULL),
(3792, 'choker', 'not_sensitive', NULL),
(3793, 'choragus', 'not_sensitive', NULL),
(3794, 'choreographer', 'not_sensitive', NULL),
(3795, 'chorister', 'not_sensitive', NULL),
(3796, 'chosen', 'not_sensitive', NULL),
(3797, 'christian', 'not_sensitive', NULL),
(3798, 'christian_scientist', 'not_sensitive', NULL),
(3799, 'chronicler', 'not_sensitive', NULL),
(3800, 'chukchi', 'not_sensitive', NULL),
(3801, 'chump', 'not_sensitive', NULL),
(3802, 'church_officer', 'not_sensitive', NULL),
(3803, 'churchgoer', 'not_sensitive', NULL),
(3804, 'churchwarden', 'not_sensitive', NULL),
(3805, 'chutzpanik', 'not_sensitive', NULL),
(3806, 'chuvash', 'not_sensitive', NULL),
(3807, 'cicerone', 'not_sensitive', NULL),
(3808, 'cigar_smoker', 'not_sensitive', NULL),
(3809, 'cigarette_smoker', 'not_sensitive', NULL),
(3810, 'cipher', 'not_sensitive', NULL),
(3811, 'circassian', 'not_sensitive', NULL),
(3812, 'circus_acrobat', 'not_sensitive', NULL),
(3813, 'citizen', 'not_sensitive', NULL),
(3814, 'city_editor', 'not_sensitive', NULL),
(3815, 'city_father', 'not_sensitive', NULL),
(3816, 'city_slicker', 'not_sensitive', NULL),
(3817, 'civic_leader', 'not_sensitive', NULL),
(3818, 'civil_authority', 'not_sensitive', NULL);

-- --------------------------------------------------------

--
-- Table structure for table `main_paradetail`
--

CREATE TABLE `main_paradetail` (
  `paradet_id` bigint NOT NULL,
  `det` varchar(255) NOT NULL,
  `rep` varchar(255) NOT NULL,
  `para_id` bigint NOT NULL
) ENGINE=InnoDB DEFAULT CHARSET=utf8mb4 COLLATE=utf8mb4_0900_ai_ci;

--
-- Dumping data for table `main_paradetail`
--

INSERT INTO `main_paradetail` (`paradet_id`, `det`, `rep`, `para_id`) VALUES
(557, 'chairman', 'president', 323),
(558, 'fireman', 'stoker', 323),
(559, 'mailman', 'mail_carrier', 323),
(560, 'chairman', 'president', 324),
(561, 'mailman', 'mail_carrier', 324),
(562, 'fireman', 'stoker', 324),
(563, 'chairman', 'president', 325),
(564, 'mailman', 'mail_carrier', 325),
(565, 'chairman', 'president', 326),
(566, 'mailman', 'mail_carrier', 326),
(567, 'chairman', 'president', 327),
(568, 'mailman', 'mail_carrier', 327),
(569, 'fireman', 'stoker', 327),
(570, 'chairman', 'president', 328),
(571, 'chairman', 'president', 329),
(572, 'chairman', 'president', 374),
(573, 'chairman', 'president', 375),
(574, 'chairman', 'president', 376),
(575, 'chairman', 'president', 377),
(576, 'chairman', 'president', 378),
(577, 'chairman', 'president', 379),
(578, 'chairman', 'president', 380),
(579, 'man', 'adult_male', 380),
(580, 'chairman', 'president', 381),
(581, 'chairman', 'president', 382),
(582, 'chairman', 'president', 407),
(583, 'mankind', 'world', 408),
(584, 'man', 'adult_male', 409),
(585, 'woman', 'adult_female', 409),
(586, 'female', 'distaff', 409),
(587, 'father', 'begetter', 409),
(588, 'mother', 'fuss', 409),
(589, 'son', 'logos', 409),
(590, 'woman', 'adult_female', 410),
(591, 'mankind', 'world', 411),
(592, 'postman', 'mail_carrier', 412),
(593, 'mankind', 'world', 413),
(594, 'quotes', 'quotation_marks', 414),
(595, 'man', 'adult_male', 414),
(596, 'woman', 'adult_female', 414),
(597, 'girl', 'fille', 414),
(598, 'male', 'virile', 414),
(599, 'female', 'distaff', 414),
(600, 'brother', 'blood_brother', 414),
(601, 'sister', 'baby', 414),
(602, 'mother', 'fuss', 414),
(603, 'son', 'logos', 414),
(604, 'husband', 'hubby', 414),
(605, 'gentleman', 'valet_de_chambre', 414),
(606, 'lady', 'ma\'am', 414),
(607, 'king', 'rex', 414),
(608, 'queen', 'queen_regnant', 414),
(609, 'hero', 'champion', 414),
(610, 'waitress', 'wait', 414),
(611, 'steward', 'flight_attendant', 414),
(612, 'policeman', 'officer', 414),
(613, 'fireman', 'stoker', 414),
(614, 'mailman', 'mail_carrier', 414),
(615, 'mankind', 'world', 414),
(616, 'ladies', 'ma\'ams', 414),
(617, 'chairman', 'president', 414),
(618, 'mankind', 'world', 414),
(619, 'quotes', 'quotation_marks', 416),
(620, 'man', 'adult_male', 416),
(621, 'woman', 'adult_female', 416),
(622, 'girl', 'fille', 416),
(623, 'male', 'virile', 416),
(624, 'female', 'distaff', 416),
(625, 'brother', 'blood_brother', 416),
(626, 'sister', 'baby', 416),
(627, 'mother', 'fuss', 416),
(628, 'son', 'logos', 416),
(629, 'husband', 'hubby', 416),
(630, 'gentleman', 'valet_de_chambre', 416),
(631, 'lady', 'ma\'am', 416),
(632, 'king', 'rex', 416),
(633, 'queen', 'queen_regnant', 416),
(634, 'hero', 'champion', 416),
(635, 'waitress', 'wait', 416),
(636, 'steward', 'flight_attendant', 416),
(637, 'policeman', 'officer', 416),
(638, 'fireman', 'stoker', 416),
(639, 'mailman', 'mail_carrier', 416),
(640, 'mankind', 'world', 416),
(641, 'ladies', 'ma\'ams', 416),
(642, 'chairman', 'president', 416),
(643, 'mankind', 'world', 416),
(644, 'quotes', 'quotation_marks', 417),
(645, 'man', 'adult_male', 417),
(646, 'woman', 'adult_female', 417),
(647, 'girl', 'fille', 417),
(648, 'male', 'virile', 417),
(649, 'female', 'distaff', 417),
(650, 'brother', 'blood_brother', 417),
(651, 'sister', 'baby', 417),
(652, 'mother', 'fuss', 417),
(653, 'son', 'logos', 417),
(654, 'husband', 'hubby', 417),
(655, 'gentleman', 'valet_de_chambre', 417),
(656, 'lady', 'ma\'am', 417),
(657, 'king', 'rex', 417),
(658, 'queen', 'queen_regnant', 417),
(659, 'hero', 'champion', 417),
(660, 'waitress', 'wait', 417),
(661, 'steward', 'flight_attendant', 417),
(662, 'policeman', 'officer', 417),
(663, 'fireman', 'stoker', 417),
(664, 'mailman', 'mail_carrier', 417),
(665, 'mankind', 'world', 417),
(666, 'ladies', 'ma\'ams', 417),
(667, 'chairman', 'president', 417),
(668, 'mankind', 'world', 417),
(669, 'chairman', 'president', 418),
(670, 'fireman', 'stoker', 421),
(671, 'quotes', 'quotation_marks', 430),
(672, 'man', 'adult_male', 430),
(673, 'woman', 'adult_female', 430),
(674, 'girl', 'fille', 430),
(675, 'male', 'virile', 430),
(676, 'female', 'distaff', 430),
(677, 'brother', 'blood_brother', 430),
(678, 'sister', 'baby', 430),
(679, 'mother', 'fuss', 430),
(680, 'son', 'logos', 430),
(681, 'husband', 'hubby', 430),
(682, 'gentleman', 'valet_de_chambre', 430),
(683, 'lady', 'ma\'am', 430),
(684, 'king', 'rex', 430),
(685, 'queen', 'queen_regnant', 430),
(686, 'hero', 'champion', 430),
(687, 'waitress', 'wait', 430),
(688, 'steward', 'flight_attendant', 430),
(689, 'policeman', 'officer', 430),
(690, 'fireman', 'stoker', 430),
(691, 'mailman', 'mail_carrier', 430),
(692, 'mankind', 'world', 430),
(693, 'ladies', 'ma\'ams', 430),
(694, 'chairman', 'president', 430),
(695, 'mankind', 'world', 430),
(696, 'mankind', 'world', 431),
(697, 'man', 'adult_male', 432),
(698, 'fisher', 'pekan', 435),
(699, 'fisher', 'pekan', 436),
(700, 'man', 'adult_male', 442),
(701, 'woman', 'adult_female', 442),
(702, 'girl', 'fille', 442),
(703, 'male', 'virile', 442),
(704, 'female', 'distaff', 442),
(705, 'brother', 'blood_brother', 442),
(706, 'sister', 'baby', 442),
(707, 'mother', 'fuss', 442),
(708, 'son', 'logos', 442),
(709, 'husband', 'hubby', 442),
(710, 'gentleman', 'valet_de_chambre', 442),
(711, 'lady', 'ma\'am', 442),
(712, 'king', 'rex', 442),
(713, 'queen', 'queen_regnant', 442),
(714, 'hero', 'champion', 442),
(715, 'waitress', 'wait', 442),
(716, 'steward', 'flight_attendant', 442),
(717, 'policeman', 'officer', 442),
(718, 'fireman', 'stoker', 442),
(719, 'mailman', 'mail_carrier', 442),
(720, 'mankind', 'world', 442),
(721, 'ladies', 'ma\'ams', 442),
(722, 'chairman', 'president', 442),
(723, 'mankind', 'world', 442),
(724, 'woman', 'adult_female', 443),
(725, 'woman', 'adult_female', 444),
(726, 'female', 'distaff', 445),
(727, 'chairman', 'president', 446),
(728, 'chairman', 'president', 447),
(729, 'fireman', 'stoker', 447),
(730, 'mailman', 'mail_carrier', 447),
(731, 'freshman', 'newcomer', 447),
(732, 'chairman', 'president', 448),
(733, 'fireman', 'stoker', 448),
(734, 'mailman', 'mail_carrier', 448),
(735, 'freshman', 'newcomer', 448),
(736, 'chairman', 'president', 448),
(737, 'fireman', 'stoker', 448),
(738, 'mailman', 'mail_carrier', 448),
(739, 'freshman', 'newcomer', 448),
(740, 'chairman', 'president', 448),
(741, 'fireman', 'stoker', 448),
(742, 'mailman', 'mail_carrier', 448),
(743, 'freshman', 'newcomer', 448),
(744, 'chairman', 'president', 448),
(745, 'fireman', 'stoker', 448),
(746, 'mailman', 'mail_carrier', 448),
(747, 'freshman', 'newcomer', 448),
(748, 'chairman', 'president', 448),
(749, 'fireman', 'stoker', 448),
(750, 'mailman', 'mail_carrier', 448),
(751, 'freshman', 'newcomer', 448),
(752, 'chairman', 'president', 448),
(753, 'fireman', 'stoker', 448),
(754, 'mailman', 'mail_carrier', 448),
(755, 'freshman', 'newcomer', 448),
(756, 'chairman', 'president', 448),
(757, 'fireman', 'stoker', 448),
(758, 'mailman', 'mail_carrier', 448),
(759, 'freshman', 'newcomer', 448),
(760, 'chairman', 'president', 448),
(761, 'fireman', 'stoker', 448),
(762, 'mailman', 'mail_carrier', 448),
(763, 'freshman', 'newcomer', 448),
(764, 'chairman', 'president', 448),
(765, 'fireman', 'stoker', 448),
(766, 'mailman', 'mail_carrier', 448),
(767, 'freshman', 'newcomer', 448),
(768, 'chairman', 'president', 449),
(769, 'fireman', 'stoker', 449),
(770, 'mailman', 'mail_carrier', 449),
(771, 'freshman', 'newcomer', 449),
(772, 'chairman', 'president', 449),
(773, 'fireman', 'stoker', 449),
(774, 'mailman', 'mail_carrier', 449),
(775, 'man', 'adult_male', 449),
(776, 'woman', 'adult_female', 449),
(777, 'men', 'hands', 449),
(778, 'women', 'adult_females', 449),
(779, 'girl', 'fille', 449),
(780, 'male', 'virile', 449),
(781, 'female', 'distaff', 449),
(782, 'brother', 'blood_brother', 449),
(783, 'sister', 'baby', 449),
(784, 'mother', 'fuss', 449),
(785, 'son', 'logos', 449),
(786, 'husband', 'hubby', 449),
(787, 'manhood', 'humanity', 449),
(788, 'womanhood', 'muliebrity', 449),
(789, 'gentleman', 'valet_de_chambre', 449),
(790, 'lady', 'ma\'am', 449),
(791, 'king', 'rex', 449),
(792, 'queen', 'queen_regnant', 449),
(793, 'man', 'adult_male', 450),
(794, 'chairman', 'president', 451),
(795, 'fireman', 'stoker', 451),
(796, 'mailman', 'mail_carrier', 451),
(797, 'freshman', 'newcomer', 451),
(798, 'chairman', 'president', 451),
(799, 'fireman', 'stoker', 451),
(800, 'mailman', 'mail_carrier', 451),
(801, 'man', 'adult_male', 451),
(802, 'woman', 'adult_female', 451),
(803, 'men', 'hands', 451),
(804, 'women', 'adult_females', 451),
(805, 'girl', 'fille', 451),
(806, 'male', 'virile', 451),
(807, 'female', 'distaff', 451),
(808, 'brother', 'blood_brother', 451),
(809, 'sister', 'baby', 451),
(810, 'mankind', 'world', 451),
(811, 'father', 'begetter', 451),
(812, 'mother', 'fuss', 451),
(813, 'son', 'logos', 451),
(814, 'husband', 'hubby', 451),
(815, 'manhood', 'humanity', 451),
(816, 'womanhood', 'muliebrity', 451),
(817, 'gentleman', 'valet_de_chambre', 451),
(818, 'lady', 'ma\'am', 451),
(819, 'king', 'rex', 451),
(820, 'queen', 'queen_regnant', 451),
(821, 'mankind', 'world', 452),
(822, 'man', 'adult_male', 453),
(823, 'chairman', 'president', 454),
(824, 'chairman', 'president', 455),
(825, 'fireman', 'stoker', 455),
(826, 'chairman', 'president', 456),
(827, 'fireman', 'stoker', 457),
(828, 'chairman', 'president', 458),
(829, 'fireman', 'stoker', 459),
(830, 'man', 'adult_male', 460),
(831, 'mankind', 'world', 461),
(832, 'chairman', 'president', 462),
(833, 'chairman', 'president', 463),
(834, 'chairman', 'president', 464),
(835, 'chairman', 'president', 465),
(836, 'chairman', 'president', 466),
(837, 'chairman', 'president', 467),
(838, 'chairman', 'president', 468),
(839, 'chairman', 'president', 469),
(840, 'chairman', 'president', 470);

-- --------------------------------------------------------

--
-- Table structure for table `main_paraphrase`
--

CREATE TABLE `main_paraphrase` (
  `para_id` bigint NOT NULL,
  `para_at` datetime(6) NOT NULL,
  `user_id` bigint NOT NULL,
  `txt` longtext
) ENGINE=InnoDB DEFAULT CHARSET=utf8mb4 COLLATE=utf8mb4_0900_ai_ci;

--
-- Dumping data for table `main_paraphrase`
--

INSERT INTO `main_paraphrase` (`para_id`, `para_at`, `user_id`, `txt`) VALUES
(323, '2023-06-24 07:37:07.213856', 4, 'chairman fireman mailman'),
(324, '2023-06-24 07:40:30.344902', 2, 'chairman mailman fireman'),
(325, '2023-06-24 07:40:38.527567', 2, 'chairman mailman'),
(326, '2023-06-24 07:41:23.563895', 2, 'chairman mailman'),
(327, '2023-06-24 07:41:28.875870', 2, 'chairman mailman fireman'),
(328, '2023-06-24 08:32:44.291828', 4, 'chairman'),
(329, '2023-06-24 08:34:21.165147', 4, 'chairman'),
(330, '2023-06-24 15:59:07.483417', 2, ''),
(331, '2023-06-24 17:41:50.418921', 2, ''),
(332, '2023-06-24 17:42:59.733489', 2, ''),
(333, '2023-06-24 17:43:04.766482', 2, ''),
(334, '2023-06-24 17:43:08.416814', 2, ''),
(335, '2023-06-24 17:45:28.306835', 2, ''),
(336, '2023-06-24 17:45:30.186736', 2, ''),
(337, '2023-06-24 17:45:32.329190', 2, ''),
(338, '2023-06-24 17:45:34.006490', 2, ''),
(339, '2023-06-24 17:45:36.858280', 2, ''),
(340, '2023-06-24 17:45:38.183861', 2, ''),
(341, '2023-06-24 17:45:39.576458', 2, ''),
(342, '2023-06-24 17:45:40.856274', 2, ''),
(343, '2023-06-24 17:46:01.415180', 2, ''),
(344, '2023-06-24 17:46:14.093706', 2, ''),
(345, '2023-06-24 17:46:15.567890', 2, ''),
(346, '2023-06-24 17:46:23.489181', 2, 'i am the god of war'),
(347, '2023-06-24 17:46:25.170295', 2, 'i am the god of war'),
(348, '2023-06-24 17:47:24.616695', 2, 'i am the god of war'),
(349, '2023-06-24 17:47:26.014425', 2, 'i am the god of war'),
(350, '2023-06-24 17:47:27.099746', 2, 'i am the god of war'),
(351, '2023-06-24 17:47:35.797841', 2, 'i am the god of war'),
(352, '2023-06-24 17:47:36.051392', 2, 'i am the god of war'),
(353, '2023-06-24 17:47:37.148760', 2, 'i am the god of war'),
(354, '2023-06-24 17:47:37.383911', 2, 'i am the god of war'),
(355, '2023-06-24 17:47:38.407520', 2, 'i am the god of war'),
(356, '2023-06-24 17:47:39.506201', 2, 'i am the god of war'),
(357, '2023-06-24 17:47:40.666511', 2, 'i am the god of war'),
(358, '2023-06-24 18:09:44.638112', 2, ''),
(359, '2023-06-24 18:09:46.033132', 2, ''),
(360, '2023-06-24 18:09:48.583463', 2, 'a'),
(361, '2023-06-24 18:09:56.268718', 2, 'a ada a'),
(362, '2023-06-24 18:09:57.808579', 2, 'a ada a'),
(363, '2023-06-24 18:09:58.339074', 2, 'a ada a'),
(364, '2023-06-24 20:08:18.670559', 2, 'waiter'),
(365, '2023-06-24 20:08:20.244949', 2, 'waiter'),
(366, '2023-06-24 20:08:22.538146', 2, 'waiter'),
(367, '2023-06-24 20:08:23.600883', 2, 'waiter'),
(368, '2023-06-24 20:08:23.768609', 2, 'waiter'),
(369, '2023-06-24 20:08:23.999126', 2, 'waiter'),
(370, '2023-06-24 20:08:24.221416', 2, 'waiter'),
(371, '2023-06-24 20:08:24.644394', 2, 'waiter'),
(372, '2023-06-24 20:08:24.866208', 2, 'waiter'),
(373, '2023-06-24 20:08:25.095253', 2, 'waiter'),
(374, '2023-06-25 03:40:03.084410', 4, 'i am the chairman'),
(375, '2023-06-25 03:40:05.548239', 4, 'i am the chairman'),
(376, '2023-06-25 03:45:58.412148', 4, 'i am the chairman'),
(377, '2023-06-25 03:48:01.126412', 4, 'i am the chairman and fisherman'),
(378, '2023-06-25 03:48:02.464149', 4, 'i am the chairman and fisherman'),
(379, '2023-06-25 03:48:03.531855', 4, 'i am the chairman and fisherman'),
(380, '2023-06-25 03:48:10.763161', 4, 'i am the chairman and man'),
(381, '2023-06-25 04:40:21.926092', 4, 'i am the chairman'),
(382, '2023-06-25 04:40:24.124811', 4, 'i am the chairman'),
(383, '2023-06-25 05:00:48.452643', 4, 'chairman'),
(384, '2023-06-25 05:01:10.245939', 4, 'chairman, lady'),
(385, '2023-06-25 05:01:11.809172', 4, 'chairman, lady'),
(386, '2023-06-25 05:01:12.858332', 4, 'chairman, lady'),
(387, '2023-06-25 05:01:13.097126', 4, 'chairman, lady'),
(388, '2023-06-25 05:03:02.071037', 4, 'chairman'),
(389, '2023-06-25 05:04:01.513996', 4, 'chairman'),
(390, '2023-06-25 05:04:56.606719', 4, 'chairman'),
(391, '2023-06-25 05:05:56.827842', 4, 'chairman'),
(392, '2023-06-25 05:06:41.967179', 4, 'chairman'),
(393, '2023-06-25 05:06:48.354205', 4, 'chairman'),
(394, '2023-06-25 05:07:49.382850', 4, 'chairman'),
(395, '2023-06-25 05:09:28.737443', 4, 'chairman'),
(396, '2023-06-25 05:10:59.542249', 4, 'chairman'),
(397, '2023-06-25 05:13:42.274080', 4, 'chairman'),
(398, '2023-06-25 05:15:45.324664', 4, 'chairman'),
(399, '2023-06-25 05:18:52.258400', 4, 'chairman'),
(400, '2023-06-25 05:19:40.315599', 4, 'chairman'),
(401, '2023-06-25 05:22:37.699624', 4, 'Chairman'),
(402, '2023-06-25 05:25:26.232670', 4, 'chairman'),
(403, '2023-06-25 05:27:43.812028', 4, 'chairman'),
(404, '2023-06-25 05:28:56.985662', 4, 'chairman'),
(405, '2023-06-25 05:32:01.680542', 4, 'chairman'),
(406, '2023-06-25 05:42:34.045791', 4, 'chairman'),
(407, '2023-06-25 05:43:17.210873', 4, 'chairman'),
(408, '2023-06-25 05:43:58.252784', 4, '\'man\', \'woman\', \'boy\', \'girl\', \'male\', \'female\', \'he\', \'she\', \'his\', \'hers\',    \'brother\', \'sister\', \'father\', \'mother\', \'son\', \'daughter\', \'husband\', \'wife\',    \'gentleman\', \'lady\', \'king\', \'queen\', \'prince\', \'princess\', \'hero\', \'heroine\',    \'actor\', \'actress\', \'waiter\', \'waitress\', \'steward\', \'stewardess\', \'policeman\',    \'policewoman\', \'fireman\', \'firewoman\', \'mailman\', \'mailwoman\'\'mankind\',     \'nanny\', \'department\', \'ladies\', \'chairman\', \'fisherman\', \'she\', \'stamen\',    \'mankind\']'),
(409, '2023-06-25 05:44:22.043705', 4, 'man woman girl female he she father mother son'),
(410, '2023-06-25 05:45:49.917912', 4, 'the woman is pretty'),
(411, '2023-06-25 05:46:13.205761', 4, '\'man\', \'woman\', \'boy\', \'girl\', \'male\', \'female\', \'he\', \'she\', \'his\', \'hers\',    \'brother\', \'sister\', \'father\', \'mother\', \'son\', \'daughter\', \'husband\', \'wife\',    \'gentleman\', \'lady\', \'king\', \'queen\', \'prince\', \'princess\', \'hero\', \'heroine\',    \'actor\', \'actress\', \'waiter\', \'waitress\', \'steward\', \'stewardess\', \'policeman\',    \'policewoman\', \'fireman\', \'firewoman\', \'mailman\', \'mailwoman\'\'mankind\',     \'nanny\', \'department\', \'ladies\', \'chairman\', \'fisherman\', \'she\', \'stamen\',    \'mankind\']'),
(412, '2023-06-25 05:47:00.163751', 4, 'postman'),
(413, '2023-06-25 05:47:13.690102', 4, 'mankind'),
(414, '2023-06-25 05:48:24.569960', 4, 'Here\'s the updated list without single quotes:man, woman, boy, girl, male, female, he, she, his, hers,brother, sister, father, mother, son, daughter, husband, wife,gentleman, lady, king, queen, prince, princess, hero, heroine,actor, actress, waiter, waitress, steward, stewardess, policeman,policewoman, fireman, firewoman, mailman, mailwoman, mankind, nanny, department, ladies, chairman, fisherman, she, stamen,mankind'),
(415, '2023-06-25 05:48:51.173645', 4, 'nanny'),
(416, '2023-06-25 05:49:09.721087', 4, 'Here\'s the updated list without single quotes:man, woman, boy, girl, male, female, he, she, his, hers,brother, sister, father, mother, son, daughter, husband, wife,gentleman, lady, king, queen, prince, princess, hero, heroine,actor, actress, waiter, waitress, steward, stewardess, policeman,policewoman, fireman, firewoman, mailman, mailwoman, mankind, nanny, department, ladies, chairman, fisherman, she, stamen,mankind'),
(417, '2023-06-25 05:53:20.398315', 4, 'Here\'s the updated list without single quotes:man, woman, boy, girl, male, female, he, she, his, hers,brother, sister, father, mother, son, daughter, husband, wife,gentleman, lady, king, queen, prince, princess, hero, heroine,actor, actress, waiter, waitress, steward, stewardess, policeman,policewoman, fireman, firewoman, mailman, mailwoman, mankind, nanny, department, ladies, chairman, fisherman, she, stamen,mankind'),
(418, '2023-06-25 05:54:32.655418', 4, 'chairman'),
(419, '2023-06-25 05:54:45.698972', 4, 'firewoman'),
(420, '2023-06-25 05:54:49.983874', 4, 'firewoman'),
(421, '2023-06-25 05:54:56.618848', 4, 'fireman'),
(422, '2023-06-25 05:55:13.640047', 4, 'fisherman'),
(423, '2023-06-25 05:55:17.403207', 4, 'fisherman'),
(424, '2023-06-25 05:55:19.289362', 4, 'fisherman'),
(425, '2023-06-25 05:55:19.888205', 4, 'fisherman'),
(426, '2023-06-25 05:55:19.893759', 4, 'fisherman'),
(427, '2023-06-25 05:55:20.587032', 4, 'fisherman'),
(428, '2023-06-25 05:55:20.784843', 4, 'fisherman'),
(429, '2023-06-25 05:55:21.694990', 4, 'fisherman'),
(430, '2023-06-25 05:55:58.493348', 4, 'Here\'s the updated list without single quotes:man, woman, boy, girl, male, female, he, she, his, hers,brother, sister, father, mother, son, daughter, husband, wife,gentleman, lady, king, queen, prince, princess, hero, heroine,actor, actress, waiter, waitress, steward, stewardess, policeman,policewoman, fireman, firewoman, mailman, mailwoman, mankind, nanny, department, ladies, chairman, fisherman, she, stamen,mankind'),
(431, '2023-06-25 05:56:49.124665', 4, 'mankind'),
(432, '2023-06-25 05:56:58.533188', 4, 'man'),
(433, '2023-06-25 05:57:24.928467', 4, 'fisherman'),
(434, '2023-06-25 05:57:29.150474', 4, 'fishermen'),
(435, '2023-06-25 05:58:41.803354', 4, 'fisher'),
(436, '2023-06-25 05:58:52.914909', 4, 'fisher'),
(437, '2023-06-25 05:59:43.382642', 4, 'chairperson'),
(438, '2023-06-25 06:00:53.600793', 4, 'policewoman'),
(439, '2023-06-25 06:01:34.476026', 4, 'police matron'),
(440, '2023-06-25 06:01:45.513065', 4, 'police_matron'),
(441, '2023-06-25 06:01:51.582829', 4, 'officer'),
(442, '2023-06-25 06:02:37.736969', 4, 'Here\'s the updated list without single :man, woman, boy, girl, male, female, he, she, his, hers,brother, sister, father, mother, son, daughter, husband, wife,gentleman, lady, king, queen, prince, princess, hero, heroine,actor, actress, waiter, waitress, steward, stewardess, policeman,policewoman, fireman, firewoman, mailman, mailwoman, mankind, nanny, department, ladies, chairman, fisherman, she, stamen,mankind'),
(443, '2023-06-25 06:03:12.945053', 4, 'woman'),
(444, '2023-06-25 06:03:29.716141', 4, 'woman'),
(445, '2023-06-25 06:03:35.960130', 4, 'female'),
(446, '2023-06-25 06:35:38.434465', 4, 'chairman'),
(447, '2023-06-25 15:26:06.924038', 2, 'chairman fireman mailman freshman'),
(448, '2023-06-25 15:26:47.319019', 2, 'chairman fireman mailman freshman chairman fireman mailman freshman chairman fireman mailman freshman chairman fireman mailman freshman chairman fireman mailman freshman chairman fireman mailman freshman chairman fireman mailman freshman chairman fireman mailman freshman chairman fireman mailman freshman'),
(449, '2023-06-25 15:30:13.812938', 2, 'chairman fireman mailman freshman chairman fireman mailman man, woman, men, women, boy, girl, male, female,\nhe, she, him, her, his, hers, brother, sister,\nfather, mother, son, daughter, husband, wife, manhood,\nwomanhood, gentleman, lady, king, queen, prince, princess'),
(450, '2023-06-25 15:33:46.102667', 2, 'man'),
(451, '2023-06-25 15:34:24.356579', 2, 'chairman fireman mailman freshman chairman fireman mailman man, woman, men, women, boy, girl, male, female,\nhe, she, him, her, his, hers, brother, sister, mankind\nfather, mother, son, daughter, husband, wife, manhood,\nwomanhood, gentleman, lady, king, queen, prince, princess'),
(452, '2023-06-25 15:34:49.418628', 2, 'mankind'),
(453, '2023-06-25 15:34:57.835041', 2, 'man'),
(454, '2023-06-25 16:03:58.758505', 2, 'chairman'),
(455, '2023-06-25 16:04:06.118437', 2, 'chairman fireman'),
(456, '2023-06-25 16:07:17.904462', 4, 'chairman'),
(457, '2023-06-25 16:07:46.316885', 4, 'fireman'),
(458, '2023-07-05 07:55:24.367811', 4, 'chairman'),
(459, '2023-07-05 07:58:43.317484', 4, 'fireman'),
(460, '2023-07-05 08:06:57.322736', 4, 'man'),
(461, '2023-07-05 08:07:18.421880', 4, 'mankind'),
(462, '2023-07-06 13:44:02.653222', 4, 'Text Another text chairman'),
(463, '2023-07-06 13:55:17.175208', 4, 'the chairman is the one.'),
(464, '2023-07-20 06:25:26.292684', 4, 'chairman'),
(465, '2023-07-23 04:10:16.190804', 4, 'chairman'),
(466, '2023-07-23 05:18:14.008557', 2, 'chairman'),
(467, '2023-07-25 04:21:54.238021', 4, 'chairman'),
(468, '2023-07-25 04:22:34.900284', 4, 'chairman'),
(469, '2023-07-25 04:23:49.921750', 4, 'chairman'),
(470, '2023-07-25 04:25:48.235266', 2, 'chairman');

-- --------------------------------------------------------

--
-- Table structure for table `main_repdetail`
--

CREATE TABLE `main_repdetail` (
  `repdet_id` bigint NOT NULL,
  `det` varchar(255) NOT NULL,
  `rep` varchar(255) NOT NULL,
  `repl_id` bigint NOT NULL
) ENGINE=InnoDB DEFAULT CHARSET=utf8mb4 COLLATE=utf8mb4_0900_ai_ci;

--
-- Dumping data for table `main_repdetail`
--

INSERT INTO `main_repdetail` (`repdet_id`, `det`, `rep`, `repl_id`) VALUES
(27, 'chairman', 'president', 27),
(28, 'fireman', 'stoker', 27),
(29, 'mailman', 'mail_carrier', 27),
(30, 'chairman', 'chairperson', 27);

-- --------------------------------------------------------

--
-- Table structure for table `main_replacement`
--

CREATE TABLE `main_replacement` (
  `repl_id` bigint NOT NULL,
  `repl_at` datetime(6) NOT NULL,
  `user_id` bigint NOT NULL
) ENGINE=InnoDB DEFAULT CHARSET=utf8mb4 COLLATE=utf8mb4_0900_ai_ci;

--
-- Dumping data for table `main_replacement`
--

INSERT INTO `main_replacement` (`repl_id`, `repl_at`, `user_id`) VALUES
(27, '2023-06-24 07:38:53.007699', 4),
(30, '2023-06-24 08:46:16.198952', 4);

-- --------------------------------------------------------

--
-- Table structure for table `main_user`
--

CREATE TABLE `main_user` (
  `user_id` bigint NOT NULL,
  `name` varchar(255) NOT NULL,
  `phone` varchar(255) NOT NULL,
  `email` varchar(255) NOT NULL,
  `uname` varchar(255) NOT NULL,
  `pswd` varchar(255) NOT NULL,
  `utype` varchar(255) NOT NULL,
  `token` varchar(255) NOT NULL,
  `verified` tinyint(1) NOT NULL
) ENGINE=InnoDB DEFAULT CHARSET=utf8mb4 COLLATE=utf8mb4_0900_ai_ci;

--
-- Dumping data for table `main_user`
--

INSERT INTO `main_user` (`user_id`, `name`, `phone`, `email`, `uname`, `pswd`, `utype`, `token`, `verified`) VALUES
(2, 'Stefano Alcantara', '09294945769', 'bonzealcantara@gmail.com', 'Bonze123', 'pass_123', 'user', 'hJt3qN7a\r\n', 1),
(4, 'Moses Alcantara', '09685913442', 'mosesalcantara123@gmail.com', 'Moses123', 'pass_123', 'admin', 'GqtTqN7U', 1);

--
-- Indexes for dumped tables
--

--
-- Indexes for table `auth_group`
--
ALTER TABLE `auth_group`
  ADD PRIMARY KEY (`id`),
  ADD UNIQUE KEY `name` (`name`);

--
-- Indexes for table `auth_group_permissions`
--
ALTER TABLE `auth_group_permissions`
  ADD PRIMARY KEY (`id`),
  ADD UNIQUE KEY `auth_group_permissions_group_id_permission_id_0cd325b0_uniq` (`group_id`,`permission_id`),
  ADD KEY `auth_group_permissio_permission_id_84c5c92e_fk_auth_perm` (`permission_id`);

--
-- Indexes for table `auth_permission`
--
ALTER TABLE `auth_permission`
  ADD PRIMARY KEY (`id`),
  ADD UNIQUE KEY `auth_permission_content_type_id_codename_01ab375a_uniq` (`content_type_id`,`codename`);

--
-- Indexes for table `auth_user`
--
ALTER TABLE `auth_user`
  ADD PRIMARY KEY (`id`),
  ADD UNIQUE KEY `username` (`username`);

--
-- Indexes for table `auth_user_groups`
--
ALTER TABLE `auth_user_groups`
  ADD PRIMARY KEY (`id`),
  ADD UNIQUE KEY `auth_user_groups_user_id_group_id_94350c0c_uniq` (`user_id`,`group_id`),
  ADD KEY `auth_user_groups_group_id_97559544_fk_auth_group_id` (`group_id`);

--
-- Indexes for table `auth_user_user_permissions`
--
ALTER TABLE `auth_user_user_permissions`
  ADD PRIMARY KEY (`id`),
  ADD UNIQUE KEY `auth_user_user_permissions_user_id_permission_id_14a6b632_uniq` (`user_id`,`permission_id`),
  ADD KEY `auth_user_user_permi_permission_id_1fbb5f2c_fk_auth_perm` (`permission_id`);

--
-- Indexes for table `backend_dataset`
--
ALTER TABLE `backend_dataset`
  ADD PRIMARY KEY (`word_id`);

--
-- Indexes for table `backend_paradetail`
--
ALTER TABLE `backend_paradetail`
  ADD PRIMARY KEY (`paradet_id`),
  ADD KEY `backend_paradetail_para_id_c6d2c750_fk_backend_p` (`para_id`);

--
-- Indexes for table `backend_paraphrase`
--
ALTER TABLE `backend_paraphrase`
  ADD PRIMARY KEY (`para_id`),
  ADD KEY `backend_paraphrase_user_id_739349b4_fk_backend_user_user_id` (`user_id`);

--
-- Indexes for table `backend_repdetail`
--
ALTER TABLE `backend_repdetail`
  ADD PRIMARY KEY (`repdet_id`),
  ADD KEY `backend_repdetail_repl_id_941135a4_fk_backend_r` (`repl_id`);

--
-- Indexes for table `backend_replacement`
--
ALTER TABLE `backend_replacement`
  ADD PRIMARY KEY (`repl_id`),
  ADD KEY `backend_replacement_user_id_c5204ea5_fk_backend_user_user_id` (`user_id`);

--
-- Indexes for table `backend_user`
--
ALTER TABLE `backend_user`
  ADD PRIMARY KEY (`user_id`);

--
-- Indexes for table `django_admin_log`
--
ALTER TABLE `django_admin_log`
  ADD PRIMARY KEY (`id`),
  ADD KEY `django_admin_log_content_type_id_c4bce8eb_fk_django_co` (`content_type_id`),
  ADD KEY `django_admin_log_user_id_c564eba6_fk_auth_user_id` (`user_id`);

--
-- Indexes for table `django_content_type`
--
ALTER TABLE `django_content_type`
  ADD PRIMARY KEY (`id`),
  ADD UNIQUE KEY `django_content_type_app_label_model_76bd3d3b_uniq` (`app_label`,`model`);

--
-- Indexes for table `django_migrations`
--
ALTER TABLE `django_migrations`
  ADD PRIMARY KEY (`id`);

--
-- Indexes for table `django_session`
--
ALTER TABLE `django_session`
  ADD PRIMARY KEY (`session_key`),
  ADD KEY `django_session_expire_date_a5c62663` (`expire_date`);

--
-- Indexes for table `main_data_set`
--
ALTER TABLE `main_data_set`
  ADD PRIMARY KEY (`word_id`);

--
-- Indexes for table `main_paradetail`
--
ALTER TABLE `main_paradetail`
  ADD PRIMARY KEY (`paradet_id`),
  ADD KEY `main_paradetail_para_id_e4110d9e_fk_main_paraphrase_para_id` (`para_id`);

--
-- Indexes for table `main_paraphrase`
--
ALTER TABLE `main_paraphrase`
  ADD PRIMARY KEY (`para_id`),
  ADD KEY `main_paraphrase_user_id_f32cd1e9_fk_main_user_user_id` (`user_id`);

--
-- Indexes for table `main_repdetail`
--
ALTER TABLE `main_repdetail`
  ADD PRIMARY KEY (`repdet_id`),
  ADD KEY `main_repdetail_repl_id_cc5129b0_fk_main_replacement_rep_id` (`repl_id`);

--
-- Indexes for table `main_replacement`
--
ALTER TABLE `main_replacement`
  ADD PRIMARY KEY (`repl_id`),
  ADD KEY `main_replacement_user_id_27ca44b4_fk_main_user_user_id` (`user_id`);

--
-- Indexes for table `main_user`
--
ALTER TABLE `main_user`
  ADD PRIMARY KEY (`user_id`);

--
-- AUTO_INCREMENT for dumped tables
--

--
-- AUTO_INCREMENT for table `auth_group`
--
ALTER TABLE `auth_group`
  MODIFY `id` int NOT NULL AUTO_INCREMENT;

--
-- AUTO_INCREMENT for table `auth_group_permissions`
--
ALTER TABLE `auth_group_permissions`
  MODIFY `id` bigint NOT NULL AUTO_INCREMENT;

--
-- AUTO_INCREMENT for table `auth_permission`
--
ALTER TABLE `auth_permission`
  MODIFY `id` int NOT NULL AUTO_INCREMENT, AUTO_INCREMENT=97;

--
-- AUTO_INCREMENT for table `auth_user`
--
ALTER TABLE `auth_user`
  MODIFY `id` int NOT NULL AUTO_INCREMENT;

--
-- AUTO_INCREMENT for table `auth_user_groups`
--
ALTER TABLE `auth_user_groups`
  MODIFY `id` bigint NOT NULL AUTO_INCREMENT;

--
-- AUTO_INCREMENT for table `auth_user_user_permissions`
--
ALTER TABLE `auth_user_user_permissions`
  MODIFY `id` bigint NOT NULL AUTO_INCREMENT;

--
-- AUTO_INCREMENT for table `backend_dataset`
--
ALTER TABLE `backend_dataset`
  MODIFY `word_id` bigint NOT NULL AUTO_INCREMENT, AUTO_INCREMENT=621;

--
-- AUTO_INCREMENT for table `backend_paradetail`
--
ALTER TABLE `backend_paradetail`
  MODIFY `paradet_id` bigint NOT NULL AUTO_INCREMENT, AUTO_INCREMENT=216;

--
-- AUTO_INCREMENT for table `backend_paraphrase`
--
ALTER TABLE `backend_paraphrase`
  MODIFY `para_id` bigint NOT NULL AUTO_INCREMENT, AUTO_INCREMENT=197;

--
-- AUTO_INCREMENT for table `backend_repdetail`
--
ALTER TABLE `backend_repdetail`
  MODIFY `repdet_id` bigint NOT NULL AUTO_INCREMENT, AUTO_INCREMENT=8;

--
-- AUTO_INCREMENT for table `backend_replacement`
--
ALTER TABLE `backend_replacement`
  MODIFY `repl_id` bigint NOT NULL AUTO_INCREMENT, AUTO_INCREMENT=13;

--
-- AUTO_INCREMENT for table `backend_user`
--
ALTER TABLE `backend_user`
  MODIFY `user_id` bigint NOT NULL AUTO_INCREMENT, AUTO_INCREMENT=9;

--
-- AUTO_INCREMENT for table `django_admin_log`
--
ALTER TABLE `django_admin_log`
  MODIFY `id` int NOT NULL AUTO_INCREMENT;

--
-- AUTO_INCREMENT for table `django_content_type`
--
ALTER TABLE `django_content_type`
  MODIFY `id` int NOT NULL AUTO_INCREMENT, AUTO_INCREMENT=23;

--
-- AUTO_INCREMENT for table `django_migrations`
--
ALTER TABLE `django_migrations`
  MODIFY `id` bigint NOT NULL AUTO_INCREMENT, AUTO_INCREMENT=46;

--
-- AUTO_INCREMENT for table `main_data_set`
--
ALTER TABLE `main_data_set`
  MODIFY `word_id` bigint NOT NULL AUTO_INCREMENT, AUTO_INCREMENT=3821;

--
-- AUTO_INCREMENT for table `main_paradetail`
--
ALTER TABLE `main_paradetail`
  MODIFY `paradet_id` bigint NOT NULL AUTO_INCREMENT, AUTO_INCREMENT=841;

--
-- AUTO_INCREMENT for table `main_paraphrase`
--
ALTER TABLE `main_paraphrase`
  MODIFY `para_id` bigint NOT NULL AUTO_INCREMENT, AUTO_INCREMENT=471;

--
-- AUTO_INCREMENT for table `main_repdetail`
--
ALTER TABLE `main_repdetail`
  MODIFY `repdet_id` bigint NOT NULL AUTO_INCREMENT, AUTO_INCREMENT=32;

--
-- AUTO_INCREMENT for table `main_replacement`
--
ALTER TABLE `main_replacement`
  MODIFY `repl_id` bigint NOT NULL AUTO_INCREMENT, AUTO_INCREMENT=37;

--
-- AUTO_INCREMENT for table `main_user`
--
ALTER TABLE `main_user`
  MODIFY `user_id` bigint NOT NULL AUTO_INCREMENT, AUTO_INCREMENT=31;

--
-- Constraints for dumped tables
--

--
-- Constraints for table `auth_group_permissions`
--
ALTER TABLE `auth_group_permissions`
  ADD CONSTRAINT `auth_group_permissio_permission_id_84c5c92e_fk_auth_perm` FOREIGN KEY (`permission_id`) REFERENCES `auth_permission` (`id`),
  ADD CONSTRAINT `auth_group_permissions_group_id_b120cbf9_fk_auth_group_id` FOREIGN KEY (`group_id`) REFERENCES `auth_group` (`id`);

--
-- Constraints for table `auth_permission`
--
ALTER TABLE `auth_permission`
  ADD CONSTRAINT `auth_permission_content_type_id_2f476e4b_fk_django_co` FOREIGN KEY (`content_type_id`) REFERENCES `django_content_type` (`id`);

--
-- Constraints for table `auth_user_groups`
--
ALTER TABLE `auth_user_groups`
  ADD CONSTRAINT `auth_user_groups_group_id_97559544_fk_auth_group_id` FOREIGN KEY (`group_id`) REFERENCES `auth_group` (`id`),
  ADD CONSTRAINT `auth_user_groups_user_id_6a12ed8b_fk_auth_user_id` FOREIGN KEY (`user_id`) REFERENCES `auth_user` (`id`);

--
-- Constraints for table `auth_user_user_permissions`
--
ALTER TABLE `auth_user_user_permissions`
  ADD CONSTRAINT `auth_user_user_permi_permission_id_1fbb5f2c_fk_auth_perm` FOREIGN KEY (`permission_id`) REFERENCES `auth_permission` (`id`),
  ADD CONSTRAINT `auth_user_user_permissions_user_id_a95ead1b_fk_auth_user_id` FOREIGN KEY (`user_id`) REFERENCES `auth_user` (`id`);

--
-- Constraints for table `backend_paradetail`
--
ALTER TABLE `backend_paradetail`
  ADD CONSTRAINT `backend_paradetail_para_id_c6d2c750_fk_backend_p` FOREIGN KEY (`para_id`) REFERENCES `backend_paraphrase` (`para_id`);

--
-- Constraints for table `backend_paraphrase`
--
ALTER TABLE `backend_paraphrase`
  ADD CONSTRAINT `backend_paraphrase_user_id_739349b4_fk_backend_user_user_id` FOREIGN KEY (`user_id`) REFERENCES `backend_user` (`user_id`);

--
-- Constraints for table `backend_repdetail`
--
ALTER TABLE `backend_repdetail`
  ADD CONSTRAINT `backend_repdetail_repl_id_941135a4_fk_backend_r` FOREIGN KEY (`repl_id`) REFERENCES `backend_replacement` (`repl_id`);

--
-- Constraints for table `backend_replacement`
--
ALTER TABLE `backend_replacement`
  ADD CONSTRAINT `backend_replacement_user_id_c5204ea5_fk_backend_user_user_id` FOREIGN KEY (`user_id`) REFERENCES `backend_user` (`user_id`);

--
-- Constraints for table `django_admin_log`
--
ALTER TABLE `django_admin_log`
  ADD CONSTRAINT `django_admin_log_content_type_id_c4bce8eb_fk_django_co` FOREIGN KEY (`content_type_id`) REFERENCES `django_content_type` (`id`),
  ADD CONSTRAINT `django_admin_log_user_id_c564eba6_fk_auth_user_id` FOREIGN KEY (`user_id`) REFERENCES `auth_user` (`id`);

--
-- Constraints for table `main_paradetail`
--
ALTER TABLE `main_paradetail`
  ADD CONSTRAINT `main_paradetail_para_id_e4110d9e_fk_main_paraphrase_para_id` FOREIGN KEY (`para_id`) REFERENCES `main_paraphrase` (`para_id`);

--
-- Constraints for table `main_paraphrase`
--
ALTER TABLE `main_paraphrase`
  ADD CONSTRAINT `main_paraphrase_user_id_f32cd1e9_fk_main_user_user_id` FOREIGN KEY (`user_id`) REFERENCES `main_user` (`user_id`);

--
-- Constraints for table `main_repdetail`
--
ALTER TABLE `main_repdetail`
  ADD CONSTRAINT `main_repdetail_repl_id_cc5129b0_fk_main_replacement_rep_id` FOREIGN KEY (`repl_id`) REFERENCES `main_replacement` (`repl_id`);

--
-- Constraints for table `main_replacement`
--
ALTER TABLE `main_replacement`
  ADD CONSTRAINT `main_replacement_user_id_27ca44b4_fk_main_user_user_id` FOREIGN KEY (`user_id`) REFERENCES `main_user` (`user_id`);
COMMIT;

/*!40101 SET CHARACTER_SET_CLIENT=@OLD_CHARACTER_SET_CLIENT */;
/*!40101 SET CHARACTER_SET_RESULTS=@OLD_CHARACTER_SET_RESULTS */;
/*!40101 SET COLLATION_CONNECTION=@OLD_COLLATION_CONNECTION */;
